// Code generated by internal/gen/decomp from the Unicode 17.0.0 UCD; DO NOT EDIT.

package engine

// ucdDecompositionCount is the number of entries in ucdDecompositions.
const ucdDecompositionCount = 5914

// ucdDecompositions is the Decomposition_Mapping field of UnicodeData.txt
// in code point order: per entry the uvarint gap from the previous code
// point plus one, the tag (0 canonical, else a decomp* constant), the
// mapping length and each mapped code point as a uvarint.
const ucdDecompositions = "\xa0\x01\x02\x01 \x07\x10\x02 \x88\x06\x01\x08\x01a\x04\x10\x02 \x84\x06\x02\x08\x012\x00\x08\x013" +
	"\x00\x10\x02 \x81\x06\x00\x10\x01\xbc\x07\x02\x10\x02 \xa7\x06\x00\x08\x011\x00\x08\x01o\x01\x0f\x03" +
	"1\xc4@4\x00\x0f\x031\xc4@2\x00\x0f\x033\xc4@4\x01\x00\x02A\x80\x06\x00\x00\x02A\x81\x06\x00\x00\x02A" +
	"\x82\x06\x00\x00\x02A\x83\x06\x00\x00\x02A\x88\x06\x00\x00\x02A\x8a\x06\x01\x00\x02C\xa7\x06\x00\x00" +
	"\x02E\x80\x06\x00\x00\x02E\x81\x06\x00\x00\x02E\x82\x06\x00\x00\x02E\x88\x06\x00\x00\x02I\x80\x06" +
	"\x00\x00\x02I\x81\x06\x00\x00\x02I\x82\x06\x00\x00\x02I\x88\x06\x01\x00\x02N\x83\x06\x00\x00\x02O" +
	"\x80\x06\x00\x00\x02O\x81\x06\x00\x00\x02O\x82\x06\x00\x00\x02O\x83\x06\x00\x00\x02O\x88\x06\x02\x00" +
	"\x02U\x80\x06\x00\x00\x02U\x81\x06\x00\x00\x02U\x82\x06\x00\x00\x02U\x88\x06\x00\x00\x02Y\x81\x06" +
	"\x02\x00\x02a\x80\x06\x00\x00\x02a\x81\x06\x00\x00\x02a\x82\x06\x00\x00\x02a\x83\x06\x00\x00\x02a" +
	"\x88\x06\x00\x00\x02a\x8a\x06\x01\x00\x02c\xa7\x06\x00\x00\x02e\x80\x06\x00\x00\x02e\x81\x06\x00\x00" +
	"\x02e\x82\x06\x00\x00\x02e\x88\x06\x00\x00\x02i\x80\x06\x00\x00\x02i\x81\x06\x00\x00\x02i\x82\x06" +
	"\x00\x00\x02i\x88\x06\x01\x00\x02n\x83\x06\x00\x00\x02o\x80\x06\x00\x00\x02o\x81\x06\x00\x00\x02o" +
	"\x82\x06\x00\x00\x02o\x83\x06\x00\x00\x02o\x88\x06\x02\x00\x02u\x80\x06\x00\x00\x02u\x81\x06\x00\x00" +
	"\x02u\x82\x06\x00\x00\x02u\x88\x06\x00\x00\x02y\x81\x06\x01\x00\x02y\x88\x06\x00\x00\x02A\x84\x06" +
	"\x00\x00\x02a\x84\x06\x00\x00\x02A\x86\x06\x00\x00\x02a\x86\x06\x00\x00\x02A\xa8\x06\x00\x00\x02a" +
	"\xa8\x06\x00\x00\x02C\x81\x06\x00\x00\x02c\x81\x06\x00\x00\x02C\x82\x06\x00\x00\x02c\x82\x06\x00\x00" +
	"\x02C\x87\x06\x00\x00\x02c\x87\x06\x00\x00\x02C\x8c\x06\x00\x00\x02c\x8c\x06\x00\x00\x02D\x8c\x06" +
	"\x00\x00\x02d\x8c\x06\x02\x00\x02E\x84\x06\x00\x00\x02e\x84\x06\x00\x00\x02E\x86\x06\x00\x00\x02e" +
	"\x86\x06\x00\x00\x02E\x87\x06\x00\x00\x02e\x87\x06\x00\x00\x02E\xa8\x06\x00\x00\x02e\xa8\x06\x00\x00" +
	"\x02E\x8c\x06\x00\x00\x02e\x8c\x06\x00\x00\x02G\x82\x06\x00\x00\x02g\x82\x06\x00\x00\x02G\x86\x06" +
	"\x00\x00\x02g\x86\x06\x00\x00\x02G\x87\x06\x00\x00\x02g\x87\x06\x00\x00\x02G\xa7\x06\x00\x00\x02g" +
	"\xa7\x06\x00\x00\x02H\x82\x06\x00\x00\x02h\x82\x06\x02\x00\x02I\x83\x06\x00\x00\x02i\x83\x06\x00\x00" +
	"\x02I\x84\x06\x00\x00\x02i\x84\x06\x00\x00\x02I\x86\x06\x00\x00\x02i\x86\x06\x00\x00\x02I\xa8\x06" +
	"\x00\x00\x02i\xa8\x06\x00\x00\x02I\x87\x06\x01\x10\x02IJ\x00\x10\x02ij\x00\x00\x02J\x82\x06\x00\x00" +
	"\x02j\x82\x06\x00\x00\x02K\xa7\x06\x00\x00\x02k\xa7\x06\x01\x00\x02L\x81\x06\x00\x00\x02l\x81\x06" +
	"\x00\x00\x02L\xa7\x06\x00\x00\x02l\xa7\x06\x00\x00\x02L\x8c\x06\x00\x00\x02l\x8c\x06\x00\x10\x02L" +
	"\xb7\x01\x00\x10\x02l\xb7\x01\x02\x00\x02N\x81\x06\x00\x00\x02n\x81\x06\x00\x00\x02N\xa7\x06\x00\x00" +
	"\x02n\xa7\x06\x00\x00\x02N\x8c\x06\x00\x00\x02n\x8c\x06\x00\x10\x02\xbc\x05n\x02\x00\x02O\x84\x06" +
	"\x00\x00\x02o\x84\x06\x00\x00\x02O\x86\x06\x00\x00\x02o\x86\x06\x00\x00\x02O\x8b\x06\x00\x00\x02o" +
	"\x8b\x06\x02\x00\x02R\x81\x06\x00\x00\x02r\x81\x06\x00\x00\x02R\xa7\x06\x00\x00\x02r\xa7\x06\x00\x00" +
	"\x02R\x8c\x06\x00\x00\x02r\x8c\x06\x00\x00\x02S\x81\x06\x00\x00\x02s\x81\x06\x00\x00\x02S\x82\x06" +
	"\x00\x00\x02s\x82\x06\x00\x00\x02S\xa7\x06\x00\x00\x02s\xa7\x06\x00\x00\x02S\x8c\x06\x00\x00\x02s" +
	"\x8c\x06\x00\x00\x02T\xa7\x06\x00\x00\x02t\xa7\x06\x00\x00\x02T\x8c\x06\x00\x00\x02t\x8c\x06\x02\x00" +
	"\x02U\x83\x06\x00\x00\x02u\x83\x06\x00\x00\x02U\x84\x06\x00\x00\x02u\x84\x06\x00\x00\x02U\x86\x06" +
	"\x00\x00\x02u\x86\x06\x00\x00\x02U\x8a\x06\x00\x00\x02u\x8a\x06\x00\x00\x02U\x8b\x06\x00\x00\x02u" +
	"\x8b\x06\x00\x00\x02U\xa8\x06\x00\x00\x02u\xa8\x06\x00\x00\x02W\x82\x06\x00\x00\x02w\x82\x06\x00\x00" +
	"\x02Y\x82\x06\x00\x00\x02y\x82\x06\x00\x00\x02Y\x88\x06\x00\x00\x02Z\x81\x06\x00\x00\x02z\x81\x06" +
	"\x00\x00\x02Z\x87\x06\x00\x00\x02z\x87\x06\x00\x00\x02Z\x8c\x06\x00\x00\x02z\x8c\x06\x00\x10\x01s " +
	"\x00\x02O\x9b\x06\x00\x00\x02o\x9b\x06\x0d\x00\x02U\x9b\x06\x00\x00\x02u\x9b\x06\x13\x10\x02D\xfd" +
	"\x02\x00\x10\x02D\xfe\x02\x00\x10\x02d\xfe\x02\x00\x10\x02LJ\x00\x10\x02Lj\x00\x10\x02lj\x00\x10\x02" +
	"NJ\x00\x10\x02Nj\x00\x10\x02nj\x00\x00\x02A\x8c\x06\x00\x00\x02a\x8c\x06\x00\x00\x02I\x8c\x06\x00" +
	"\x00\x02i\x8c\x06\x00\x00\x02O\x8c\x06\x00\x00\x02o\x8c\x06\x00\x00\x02U\x8c\x06\x00\x00\x02u\x8c" +
	"\x06\x00\x00\x02\xdc\x01\x84\x06\x00\x00\x02\xfc\x01\x84\x06\x00\x00\x02\xdc\x01\x81\x06\x00\x00\x02" +
	"\xfc\x01\x81\x06\x00\x00\x02\xdc\x01\x8c\x06\x00\x00\x02\xfc\x01\x8c\x06\x00\x00\x02\xdc\x01\x80\x06" +
	"\x00\x00\x02\xfc\x01\x80\x06\x01\x00\x02\xc4\x01\x84\x06\x00\x00\x02\xe4\x01\x84\x06\x00\x00\x02\xa6" +
	"\x04\x84\x06\x00\x00\x02\xa7\x04\x84\x06\x00\x00\x02\xc6\x01\x84\x06\x00\x00\x02\xe6\x01\x84\x06\x02" +
	"\x00\x02G\x8c\x06\x00\x00\x02g\x8c\x06\x00\x00\x02K\x8c\x06\x00\x00\x02k\x8c\x06\x00\x00\x02O\xa8" +
	"\x06\x00\x00\x02o\xa8\x06\x00\x00\x02\xea\x03\x84\x06\x00\x00\x02\xeb\x03\x84\x06\x00\x00\x02\xb7" +
	"\x03\x8c\x06\x00\x00\x02\x92\x05\x8c\x06\x00\x00\x02j\x8c\x06\x00\x10\x02DZ\x00\x10\x02Dz\x00\x10" +
	"\x02dz\x00\x00\x02G\x81\x06\x00\x00\x02g\x81\x06\x02\x00\x02N\x80\x06\x00\x00\x02n\x80\x06\x00\x00" +
	"\x02\xc5\x01\x81\x06\x00\x00\x02\xe5\x01\x81\x06\x00\x00\x02\xc6\x01\x81\x06\x00\x00\x02\xe6\x01\x81" +
	"\x06\x00\x00\x02\xd8\x01\x81\x06\x00\x00\x02\xf8\x01\x81\x06\x00\x00\x02A\x8f\x06\x00\x00\x02a\x8f" +
	"\x06\x00\x00\x02A\x91\x06\x00\x00\x02a\x91\x06\x00\x00\x02E\x8f\x06\x00\x00\x02e\x8f\x06\x00\x00\x02" +
	"E\x91\x06\x00\x00\x02e\x91\x06\x00\x00\x02I\x8f\x06\x00\x00\x02i\x8f\x06\x00\x00\x02I\x91\x06\x00" +
	"\x00\x02i\x91\x06\x00\x00\x02O\x8f\x06\x00\x00\x02o\x8f\x06\x00\x00\x02O\x91\x06\x00\x00\x02o\x91" +
	"\x06\x00\x00\x02R\x8f\x06\x00\x00\x02r\x8f\x06\x00\x00\x02R\x91\x06\x00\x00\x02r\x91\x06\x00\x00\x02" +
	"U\x8f\x06\x00\x00\x02u\x8f\x06\x00\x00\x02U\x91\x06\x00\x00\x02u\x91\x06\x00\x00\x02S\xa6\x06\x00" +
	"\x00\x02s\xa6\x06\x00\x00\x02T\xa6\x06\x00\x00\x02t\xa6\x06\x02\x00\x02H\x8c\x06\x00\x00\x02h\x8c" +
	"\x06\x06\x00\x02A\x87\x06\x00\x00\x02a\x87\x06\x00\x00\x02E\xa7\x06\x00\x00\x02e\xa7\x06\x00\x00\x02" +
	"\xd6\x01\x84\x06\x00\x00\x02\xf6\x01\x84\x06\x00\x00\x02\xd5\x01\x84\x06\x00\x00\x02\xf5\x01\x84\x06" +
	"\x00\x00\x02O\x87\x06\x00\x00\x02o\x87\x06\x00\x00\x02\xae\x04\x84\x06\x00\x00\x02\xaf\x04\x84\x06" +
	"\x00\x00\x02Y\x84\x06\x00\x00\x02y\x84\x06|\x08\x01h\x00\x08\x01\xe6\x04\x00\x08\x01j\x00\x08\x01r" +
	"\x00\x08\x01\xf9\x04\x00\x08\x01\xfb\x04\x00\x08\x01\x81\x05\x00\x08\x01w\x00\x08\x01y\x1f\x10\x02 " +
	"\x86\x06\x00\x10\x02 \x87\x06\x00\x10\x02 \x8a\x06\x00\x10\x02 \xa8\x06\x00\x10\x02 \x83\x06\x00\x10" +
	"\x02 \x8b\x06\x02\x08\x01\xe3\x04\x00\x08\x01l\x00\x08\x01s\x00\x08\x01x\x00\x08\x01\x95\x05[\x00" +
	"\x01\x80\x06\x00\x00\x01\x81\x06\x01\x00\x01\x93\x06\x00\x00\x02\x88\x06\x81\x06/\x00\x01\xb9\x05" +
	"\x05\x10\x02 \xc5\x06\x03\x00\x01;\x05\x10\x02 \x81\x06\x00\x00\x02\xa8\x01\x81\x06\x00\x00\x02\x91" +
	"\x07\x81\x06\x00\x00\x01\xb7\x01\x00\x00\x02\x95\x07\x81\x06\x00\x00\x02\x97\x07\x81\x06\x00\x00\x02" +
	"\x99\x07\x81\x06\x01\x00\x02\x9f\x07\x81\x06\x01\x00\x02\xa5\x07\x81\x06\x00\x00\x02\xa9\x07\x81\x06" +
	"\x00\x00\x02\xca\x07\x81\x06\x19\x00\x02\x99\x07\x88\x06\x00\x00\x02\xa5\x07\x88\x06\x00\x00\x02\xb1" +
	"\x07\x81\x06\x00\x00\x02\xb5\x07\x81\x06\x00\x00\x02\xb7\x07\x81\x06\x00\x00\x02\xb9\x07\x81\x06\x00" +
	"\x00\x02\xcb\x07\x81\x06\x19\x00\x02\xb9\x07\x88\x06\x00\x00\x02\xc5\x07\x88\x06\x00\x00\x02\xbf\x07" +
	"\x81\x06\x00\x00\x02\xc5\x07\x81\x06\x00\x00\x02\xc9\x07\x81\x06\x01\x10\x01\xb2\x07\x00\x10\x01\xb8" +
	"\x07\x00\x10\x01\xa5\x07\x00\x00\x02\xd2\x07\x81\x06\x00\x00\x02\xd2\x07\x88\x06\x00\x10\x01\xc6\x07" +
	"\x00\x10\x01\xc0\x07\x19\x10\x01\xba\x07\x00\x10\x01\xc1\x07\x00\x10\x01\xc2\x07\x01\x10\x01\x98\x07" +
	"\x00\x10\x01\xb5\x07\x03\x10\x01\xa3\x07\x06\x00\x02\x95\x08\x80\x06\x00\x00\x02\x95\x08\x88\x06\x01" +
	"\x00\x02\x93\x08\x81\x06\x03\x00\x02\x86\x08\x88\x06\x04\x00\x02\x9a\x08\x81\x06\x00\x00\x02\x98\x08" +
	"\x80\x06\x00\x00\x02\xa3\x08\x86\x06\x0a\x00\x02\x98\x08\x86\x06\x1f\x00\x02\xb8\x08\x86\x06\x16\x00" +
	"\x02\xb5\x08\x80\x06\x00\x00\x02\xb5\x08\x88\x06\x01\x00\x02\xb3\x08\x81\x06\x03\x00\x02\xd6\x08\x88" +
	"\x06\x04\x00\x02\xba\x08\x81\x06\x00\x00\x02\xb8\x08\x80\x06\x00\x00\x02\xc3\x08\x86\x06\x17\x00\x02" +
	"\xf4\x08\x8f\x06\x00\x00\x02\xf5\x08\x8f\x06I\x00\x02\x96\x08\x86\x06\x00\x00\x02\xb6\x08\x86\x06" +
	"\x0d\x00\x02\x90\x08\x86\x06\x00\x00\x02\xb0\x08\x86\x06\x00\x00\x02\x90\x08\x88\x06\x00\x00\x02\xb0" +
	"\x08\x88\x06\x02\x00\x02\x95\x08\x86\x06\x00\x00\x02\xb5\x08\x86\x06\x02\x00\x02\xd8\x09\x88\x06\x00" +
	"\x00\x02\xd9\x09\x88\x06\x00\x00\x02\x96\x08\x88\x06\x00\x00\x02\xb6\x08\x88\x06\x00\x00\x02\x97\x08" +
	"\x88\x06\x00\x00\x02\xb7\x08\x88\x06\x02\x00\x02\x98\x08\x84\x06\x00\x00\x02\xb8\x08\x84\x06\x00\x00" +
	"\x02\x98\x08\x88\x06\x00\x00\x02\xb8\x08\x88\x06\x00\x00\x02\x9e\x08\x88\x06\x00\x00\x02\xbe\x08\x88" +
	"\x06\x02\x00\x02\xe8\x09\x88\x06\x00\x00\x02\xe9\x09\x88\x06\x00\x00\x02\xad\x08\x88\x06\x00\x00\x02" +
	"\xcd\x08\x88\x06\x00\x00\x02\xa3\x08\x84\x06\x00\x00\x02\xc3\x08\x84\x06\x00\x00\x02\xa3\x08\x88\x06" +
	"\x00\x00\x02\xc3\x08\x88\x06\x00\x00\x02\xa3\x08\x8b\x06\x00\x00\x02\xc3\x08\x8b\x06\x00\x00\x02\xa7" +
	"\x08\x88\x06\x00\x00\x02\xc7\x08\x88\x06\x02\x00\x02\xab\x08\x88\x06\x00\x00\x02\xcb\x08\x88\x06\x8d" +
	"\x01\x10\x02\xe5\x0a\x82\x0b\x9a\x01\x00\x02\xa7\x0c\xd3\x0c\x00\x00\x02\xa7\x0c\xd4\x0c\x00\x00\x02" +
	"\xc8\x0c\xd4\x0c\x00\x00\x02\xa7\x0c\xd5\x0c\x00\x00\x02\xca\x0c\xd4\x0cN\x10\x02\xa7\x0c\xf4\x0c" +
	"\x00\x10\x02\xc8\x0c\xf4\x0c\x00\x10\x02\xc7\x0d\xf4\x0c\x00\x10\x02\xca\x0c\xf4\x0cG\x00\x02\xd5" +
	"\x0d\xd4\x0c\x01\x00\x02\xc1\x0d\xd4\x0c\x10\x00\x02\xd2\x0d\xd4\x0c\xd5\x04\x00\x02\xa8\x12\xbc\x12" +
	"\x07\x00\x02\xb0\x12\xbc\x12\x02\x00\x02\xb3\x12\xbc\x12#\x00\x02\x95\x12\xbc\x12\x00\x00\x02\x96" +
	"\x12\xbc\x12\x00\x00\x02\x97\x12\xbc\x12\x00\x00\x02\x9c\x12\xbc\x12\x00\x00\x02\xa1\x12\xbc\x12\x00" +
	"\x00\x02\xa2\x12\xbc\x12\x00\x00\x02\xab\x12\xbc\x12\x00\x00\x02\xaf\x12\xbc\x12k\x00\x02\xc7\x13" +
	"\xbe\x13\x00\x00\x02\xc7\x13\xd7\x13\x0f\x00\x02\xa1\x13\xbc\x13\x00\x00\x02\xa2\x13\xbc\x13\x01\x00" +
	"\x02\xaf\x13\xbc\x13S\x00\x02\xb2\x14\xbc\x14\x02\x00\x02\xb8\x14\xbc\x14\"\x00\x02\x96\x14\xbc\x14" +
	"\x00\x00\x02\x97\x14\xbc\x14\x00\x00\x02\x9c\x14\xbc\x14\x02\x00\x02\xab\x14\xbc\x14\xe9\x01\x00\x02" +
	"\xc7\x16\xd6\x16\x02\x00\x02\xc7\x16\xbe\x16\x00\x00\x02\xc7\x16\xd7\x16\x0f\x00\x02\xa1\x16\xbc\x16" +
	"\x00\x00\x02\xa2\x16\xbc\x166\x00\x02\x92\x17\xd7\x175\x00\x02\xc6\x17\xbe\x17\x00\x00\x02\xc7\x17" +
	"\xbe\x17\x00\x00\x02\xc6\x17\xd7\x17{\x00\x02\xc6\x18\xd6\x18w\x00\x02\xbf\x19\xd5\x19\x06\x00\x02" +
	"\xc6\x19\xd5\x19\x00\x00\x02\xc6\x19\xd6\x19\x01\x00\x02\xc6\x19\xc2\x19\x00\x00\x02\xca\x19\xd5\x19" +
	"~\x00\x02\xc6\x1a\xbe\x1a\x00\x00\x02\xc7\x1a\xbe\x1a\x00\x00\x02\xc6\x1a\xd7\x1a\x8d\x01\x00\x02" +
	"\xd9\x1b\xca\x1b\x01\x00\x02\xd9\x1b\xcf\x1b\x00\x00\x02\xdc\x1b\xca\x1b\x00\x00\x02\xd9\x1b\xdf\x1b" +
	"T\x10\x02\xcd\x1c\xb2\x1c\x7f\x10\x02\xcd\x1d\xb2\x1d(\x10\x02\xab\x1d\x99\x1d\x00\x10\x02\xab\x1d" +
	"\xa1\x1d.\x02\x01\x8b\x1e6\x00\x02\xc2\x1e\xb7\x1f\x09\x00\x02\xcc\x1e\xb7\x1f\x04\x00\x02\xd1\x1e" +
	"\xb7\x1f\x04\x00\x02\xd6\x1e\xb7\x1f\x04\x00\x02\xdb\x1e\xb7\x1f\x0c\x00\x02\xc0\x1e\xb5\x1f\x09\x00" +
	"\x02\xf1\x1e\xf2\x1e\x01\x00\x02\xf1\x1e\xf4\x1e\x00\x00\x02\xb2\x1f\x80\x1f\x00\x10\x02\xb2\x1f\x81" +
	"\x1f\x00\x00\x02\xb3\x1f\x80\x1f\x00\x10\x02\xb3\x1f\x81\x1f\x07\x00\x02\xf1\x1e\x80\x1f\x11\x00\x02" +
	"\x92\x1f\xb7\x1f\x09\x00\x02\x9c\x1f\xb7\x1f\x04\x00\x02\xa1\x1f\xb7\x1f\x04\x00\x02\xa6\x1f\xb7\x1f" +
	"\x04\x00\x02\xab\x1f\xb7\x1f\x0c\x00\x02\x90\x1f\xb5\x1fl\x00\x02\xa5 \xae \xd5\x01\x08\x01\xdc!\x89" +
	"\x14\x00\x02\x856\xb56\x01\x00\x02\x876\xb56\x01\x00\x02\x896\xb56\x01\x00\x02\x8b6\xb56\x01\x00\x02" +
	"\x8d6\xb56\x03\x00\x02\x916\xb56(\x00\x02\xba6\xb56\x01\x00\x02\xbc6\xb56\x02\x00\x02\xbe6\xb56\x00" +
	"\x00\x02\xbf6\xb56\x01\x00\x02\xc26\xb56\xe8\x03\x08\x01A\x00\x08\x01\xc6\x01\x00\x08\x01B\x01\x08" +
	"\x01D\x00\x08\x01E\x00\x08\x01\x8e\x03\x00\x08\x01G\x00\x08\x01H\x00\x08\x01I\x00\x08\x01J\x00\x08" +
	"\x01K\x00\x08\x01L\x00\x08\x01M\x00\x08\x01N\x01\x08\x01O\x00\x08\x01\xa2\x04\x00\x08\x01P\x00\x08" +
	"\x01R\x00\x08\x01T\x00\x08\x01U\x00\x08\x01W\x00\x08\x01a\x00\x08\x01\xd0\x04\x00\x08\x01\xd1\x04" +
	"\x00\x08\x01\x82:\x00\x08\x01b\x00\x08\x01d\x00\x08\x01e\x00\x08\x01\xd9\x04\x00\x08\x01\xdb\x04\x00" +
	"\x08\x01\xdc\x04\x00\x08\x01g\x01\x08\x01k\x00\x08\x01m\x00\x08\x01\xcb\x02\x00\x08\x01o\x00\x08\x01" +
	"\xd4\x04\x00\x08\x01\x96:\x00\x08\x01\x97:\x00\x08\x01p\x00\x08\x01t\x00\x08\x01u\x00\x08\x01\x9d:" +
	"\x00\x08\x01\xef\x04\x00\x08\x01v\x00\x08\x01\xa5:\x00\x08\x01\xb2\x07\x00\x08\x01\xb3\x07\x00\x08" +
	"\x01\xb4\x07\x00\x08\x01\xc6\x07\x00\x08\x01\xc7\x07\x00\x09\x01i\x00\x09\x01r\x00\x09\x01u\x00\x09" +
	"\x01v\x00\x09\x01\xb2\x07\x00\x09\x01\xb3\x07\x00\x09\x01\xc1\x07\x00\x09\x01\xc6\x07\x00\x09\x01" +
	"\xc7\x07\x0d\x08\x01\xbd\x08\"\x08\x01\xd2\x04\x00\x08\x01c\x00\x08\x01\xd5\x04\x00\x08\x01\xf0\x01" +
	"\x00\x08\x01\xdc\x04\x00\x08\x01f\x00\x08\x01\xdf\x04\x00\x08\x01\xe1\x04\x00\x08\x01\xe5\x04\x00" +
	"\x08\x01\xe8\x04\x00\x08\x01\xe9\x04\x00\x08\x01\xea\x04\x00\x08\x01\xfb:\x00\x08\x01\x9d\x05\x00" +
	"\x08\x01\xed\x04\x00\x08\x01\x85;\x00\x08\x01\x9f\x05\x00\x08\x01\xf1\x04\x00\x08\x01\xf0\x04\x00" +
	"\x08\x01\xf2\x04\x00\x08\x01\xf3\x04\x00\x08\x01\xf4\x04\x00\x08\x01\xf5\x04\x00\x08\x01\xf8\x04\x00" +
	"\x08\x01\x82\x05\x00\x08\x01\x83\x05\x00\x08\x01\xab\x03\x00\x08\x01\x89\x05\x00\x08\x01\x8a\x05\x00" +
	"\x08\x01\x9c:\x00\x08\x01\x8b\x05\x00\x08\x01\x8c\x05\x00\x08\x01z\x00\x08\x01\x90\x05\x00\x08\x01" +
	"\x91\x05\x00\x08\x01\x92\x05\x00\x08\x01\xb8\x07@\x00\x02A\xa5\x06\x00\x00\x02a\xa5\x06\x00\x00\x02B" +
	"\x87\x06\x00\x00\x02b\x87\x06\x00\x00\x02B\xa3\x06\x00\x00\x02b\xa3\x06\x00\x00\x02B\xb1\x06\x00\x00" +
	"\x02b\xb1\x06\x00\x00\x02\xc7\x01\x81\x06\x00\x00\x02\xe7\x01\x81\x06\x00\x00\x02D\x87\x06\x00\x00" +
	"\x02d\x87\x06\x00\x00\x02D\xa3\x06\x00\x00\x02d\xa3\x06\x00\x00\x02D\xb1\x06\x00\x00\x02d\xb1\x06" +
	"\x00\x00\x02D\xa7\x06\x00\x00\x02d\xa7\x06\x00\x00\x02D\xad\x06\x00\x00\x02d\xad\x06\x00\x00\x02\x92" +
	"\x02\x80\x06\x00\x00\x02\x93\x02\x80\x06\x00\x00\x02\x92\x02\x81\x06\x00\x00\x02\x93\x02\x81\x06\x00" +
	"\x00\x02E\xad\x06\x00\x00\x02e\xad\x06\x00\x00\x02E\xb0\x06\x00\x00\x02e\xb0\x06\x00\x00\x02\xa8\x04" +
	"\x86\x06\x00\x00\x02\xa9\x04\x86\x06\x00\x00\x02F\x87\x06\x00\x00\x02f\x87\x06\x00\x00\x02G\x84\x06" +
	"\x00\x00\x02g\x84\x06\x00\x00\x02H\x87\x06\x00\x00\x02h\x87\x06\x00\x00\x02H\xa3\x06\x00\x00\x02h" +
	"\xa3\x06\x00\x00\x02H\x88\x06\x00\x00\x02h\x88\x06\x00\x00\x02H\xa7\x06\x00\x00\x02h\xa7\x06\x00\x00" +
	"\x02H\xae\x06\x00\x00\x02h\xae\x06\x00\x00\x02I\xb0\x06\x00\x00\x02i\xb0\x06\x00\x00\x02\xcf\x01\x81" +
	"\x06\x00\x00\x02\xef\x01\x81\x06\x00\x00\x02K\x81\x06\x00\x00\x02k\x81\x06\x00\x00\x02K\xa3\x06\x00" +
	"\x00\x02k\xa3\x06\x00\x00\x02K\xb1\x06\x00\x00\x02k\xb1\x06\x00\x00\x02L\xa3\x06\x00\x00\x02l\xa3" +
	"\x06\x00\x00\x02\xb6<\x84\x06\x00\x00\x02\xb7<\x84\x06\x00\x00\x02L\xb1\x06\x00\x00\x02l\xb1\x06\x00" +
	"\x00\x02L\xad\x06\x00\x00\x02l\xad\x06\x00\x00\x02M\x81\x06\x00\x00\x02m\x81\x06\x00\x00\x02M\x87" +
	"\x06\x00\x00\x02m\x87\x06\x00\x00\x02M\xa3\x06\x00\x00\x02m\xa3\x06\x00\x00\x02N\x87\x06\x00\x00\x02" +
	"n\x87\x06\x00\x00\x02N\xa3\x06\x00\x00\x02n\xa3\x06\x00\x00\x02N\xb1\x06\x00\x00\x02n\xb1\x06\x00" +
	"\x00\x02N\xad\x06\x00\x00\x02n\xad\x06\x00\x00\x02\xd5\x01\x81\x06\x00\x00\x02\xf5\x01\x81\x06\x00" +
	"\x00\x02\xd5\x01\x88\x06\x00\x00\x02\xf5\x01\x88\x06\x00\x00\x02\xcc\x02\x80\x06\x00\x00\x02\xcd\x02" +
	"\x80\x06\x00\x00\x02\xcc\x02\x81\x06\x00\x00\x02\xcd\x02\x81\x06\x00\x00\x02P\x81\x06\x00\x00\x02p" +
	"\x81\x06\x00\x00\x02P\x87\x06\x00\x00\x02p\x87\x06\x00\x00\x02R\x87\x06\x00\x00\x02r\x87\x06\x00\x00" +
	"\x02R\xa3\x06\x00\x00\x02r\xa3\x06\x00\x00\x02\xda<\x84\x06\x00\x00\x02\xdb<\x84\x06\x00\x00\x02R" +
	"\xb1\x06\x00\x00\x02r\xb1\x06\x00\x00\x02S\x87\x06\x00\x00\x02s\x87\x06\x00\x00\x02S\xa3\x06\x00\x00" +
	"\x02s\xa3\x06\x00\x00\x02\xda\x02\x87\x06\x00\x00\x02\xdb\x02\x87\x06\x00\x00\x02\xe0\x02\x87\x06" +
	"\x00\x00\x02\xe1\x02\x87\x06\x00\x00\x02\xe2<\x87\x06\x00\x00\x02\xe3<\x87\x06\x00\x00\x02T\x87\x06" +
	"\x00\x00\x02t\x87\x06\x00\x00\x02T\xa3\x06\x00\x00\x02t\xa3\x06\x00\x00\x02T\xb1\x06\x00\x00\x02t" +
	"\xb1\x06\x00\x00\x02T\xad\x06\x00\x00\x02t\xad\x06\x00\x00\x02U\xa4\x06\x00\x00\x02u\xa4\x06\x00\x00" +
	"\x02U\xb0\x06\x00\x00\x02u\xb0\x06\x00\x00\x02U\xad\x06\x00\x00\x02u\xad\x06\x00\x00\x02\xe8\x02\x81" +
	"\x06\x00\x00\x02\xe9\x02\x81\x06\x00\x00\x02\xea\x02\x88\x06\x00\x00\x02\xeb\x02\x88\x06\x00\x00\x02" +
	"V\x83\x06\x00\x00\x02v\x83\x06\x00\x00\x02V\xa3\x06\x00\x00\x02v\xa3\x06\x00\x00\x02W\x80\x06\x00" +
	"\x00\x02w\x80\x06\x00\x00\x02W\x81\x06\x00\x00\x02w\x81\x06\x00\x00\x02W\x88\x06\x00\x00\x02w\x88" +
	"\x06\x00\x00\x02W\x87\x06\x00\x00\x02w\x87\x06\x00\x00\x02W\xa3\x06\x00\x00\x02w\xa3\x06\x00\x00\x02" +
	"X\x87\x06\x00\x00\x02x\x87\x06\x00\x00\x02X\x88\x06\x00\x00\x02x\x88\x06\x00\x00\x02Y\x87\x06\x00" +
	"\x00\x02y\x87\x06\x00\x00\x02Z\x82\x06\x00\x00\x02z\x82\x06\x00\x00\x02Z\xa3\x06\x00\x00\x02z\xa3" +
	"\x06\x00\x00\x02Z\xb1\x06\x00\x00\x02z\xb1\x06\x00\x00\x02h\xb1\x06\x00\x00\x02t\x88\x06\x00\x00\x02" +
	"w\x8a\x06\x00\x00\x02y\x8a\x06\x00\x10\x02a\xbe\x05\x00\x00\x02\xff\x02\x87\x06\x04\x00\x02A\xa3\x06" +
	"\x00\x00\x02a\xa3\x06\x00\x00\x02A\x89\x06\x00\x00\x02a\x89\x06\x00\x00\x02\xc2\x01\x81\x06\x00\x00" +
	"\x02\xe2\x01\x81\x06\x00\x00\x02\xc2\x01\x80\x06\x00\x00\x02\xe2\x01\x80\x06\x00\x00\x02\xc2\x01\x89" +
	"\x06\x00\x00\x02\xe2\x01\x89\x06\x00\x00\x02\xc2\x01\x83\x06\x00\x00\x02\xe2\x01\x83\x06\x00\x00\x02" +
	"\xa0=\x82\x06\x00\x00\x02\xa1=\x82\x06\x00\x00\x02\x82\x02\x81\x06\x00\x00\x02\x83\x02\x81\x06\x00" +
	"\x00\x02\x82\x02\x80\x06\x00\x00\x02\x83\x02\x80\x06\x00\x00\x02\x82\x02\x89\x06\x00\x00\x02\x83\x02" +
	"\x89\x06\x00\x00\x02\x82\x02\x83\x06\x00\x00\x02\x83\x02\x83\x06\x00\x00\x02\xa0=\x86\x06\x00\x00" +
	"\x02\xa1=\x86\x06\x00\x00\x02E\xa3\x06\x00\x00\x02e\xa3\x06\x00\x00\x02E\x89\x06\x00\x00\x02e\x89" +
	"\x06\x00\x00\x02E\x83\x06\x00\x00\x02e\x83\x06\x00\x00\x02\xca\x01\x81\x06\x00\x00\x02\xea\x01\x81" +
	"\x06\x00\x00\x02\xca\x01\x80\x06\x00\x00\x02\xea\x01\x80\x06\x00\x00\x02\xca\x01\x89\x06\x00\x00\x02" +
	"\xea\x01\x89\x06\x00\x00\x02\xca\x01\x83\x06\x00\x00\x02\xea\x01\x83\x06\x00\x00\x02\xb8=\x82\x06" +
	"\x00\x00\x02\xb9=\x82\x06\x00\x00\x02I\x89\x06\x00\x00\x02i\x89\x06\x00\x00\x02I\xa3\x06\x00\x00\x02" +
	"i\xa3\x06\x00\x00\x02O\xa3\x06\x00\x00\x02o\xa3\x06\x00\x00\x02O\x89\x06\x00\x00\x02o\x89\x06\x00" +
	"\x00\x02\xd4\x01\x81\x06\x00\x00\x02\xf4\x01\x81\x06\x00\x00\x02\xd4\x01\x80\x06\x00\x00\x02\xf4\x01" +
	"\x80\x06\x00\x00\x02\xd4\x01\x89\x06\x00\x00\x02\xf4\x01\x89\x06\x00\x00\x02\xd4\x01\x83\x06\x00\x00" +
	"\x02\xf4\x01\x83\x06\x00\x00\x02\xcc=\x82\x06\x00\x00\x02\xcd=\x82\x06\x00\x00\x02\xa0\x03\x81\x06" +
	"\x00\x00\x02\xa1\x03\x81\x06\x00\x00\x02\xa0\x03\x80\x06\x00\x00\x02\xa1\x03\x80\x06\x00\x00\x02\xa0" +
	"\x03\x89\x06\x00\x00\x02\xa1\x03\x89\x06\x00\x00\x02\xa0\x03\x83\x06\x00\x00\x02\xa1\x03\x83\x06\x00" +
	"\x00\x02\xa0\x03\xa3\x06\x00\x00\x02\xa1\x03\xa3\x06\x00\x00\x02U\xa3\x06\x00\x00\x02u\xa3\x06\x00" +
	"\x00\x02U\x89\x06\x00\x00\x02u\x89\x06\x00\x00\x02\xaf\x03\x81\x06\x00\x00\x02\xb0\x03\x81\x06\x00" +
	"\x00\x02\xaf\x03\x80\x06\x00\x00\x02\xb0\x03\x80\x06\x00\x00\x02\xaf\x03\x89\x06\x00\x00\x02\xb0\x03" +
	"\x89\x06\x00\x00\x02\xaf\x03\x83\x06\x00\x00\x02\xb0\x03\x83\x06\x00\x00\x02\xaf\x03\xa3\x06\x00\x00" +
	"\x02\xb0\x03\xa3\x06\x00\x00\x02Y\x80\x06\x00\x00\x02y\x80\x06\x00\x00\x02Y\xa3\x06\x00\x00\x02y\xa3" +
	"\x06\x00\x00\x02Y\x89\x06\x00\x00\x02y\x89\x06\x00\x00\x02Y\x83\x06\x00\x00\x02y\x83\x06\x06\x00\x02" +
	"\xb1\x07\x93\x06\x00\x00\x02\xb1\x07\x94\x06\x00\x00\x02\x80>\x80\x06\x00\x00\x02\x81>\x80\x06\x00" +
	"\x00\x02\x80>\x81\x06\x00\x00\x02\x81>\x81\x06\x00\x00\x02\x80>\xc2\x06\x00\x00\x02\x81>\xc2\x06\x00" +
	"\x00\x02\x91\x07\x93\x06\x00\x00\x02\x91\x07\x94\x06\x00\x00\x02\x88>\x80\x06\x00\x00\x02\x89>\x80" +
	"\x06\x00\x00\x02\x88>\x81\x06\x00\x00\x02\x89>\x81\x06\x00\x00\x02\x88>\xc2\x06\x00\x00\x02\x89>\xc2" +
	"\x06\x00\x00\x02\xb5\x07\x93\x06\x00\x00\x02\xb5\x07\x94\x06\x00\x00\x02\x90>\x80\x06\x00\x00\x02" +
	"\x91>\x80\x06\x00\x00\x02\x90>\x81\x06\x00\x00\x02\x91>\x81\x06\x02\x00\x02\x95\x07\x93\x06\x00\x00" +
	"\x02\x95\x07\x94\x06\x00\x00\x02\x98>\x80\x06\x00\x00\x02\x99>\x80\x06\x00\x00\x02\x98>\x81\x06\x00" +
	"\x00\x02\x99>\x81\x06\x02\x00\x02\xb7\x07\x93\x06\x00\x00\x02\xb7\x07\x94\x06\x00\x00\x02\xa0>\x80" +
	"\x06\x00\x00\x02\xa1>\x80\x06\x00\x00\x02\xa0>\x81\x06\x00\x00\x02\xa1>\x81\x06\x00\x00\x02\xa0>\xc2" +
	"\x06\x00\x00\x02\xa1>\xc2\x06\x00\x00\x02\x97\x07\x93\x06\x00\x00\x02\x97\x07\x94\x06\x00\x00\x02" +
	"\xa8>\x80\x06\x00\x00\x02\xa9>\x80\x06\x00\x00\x02\xa8>\x81\x06\x00\x00\x02\xa9>\x81\x06\x00\x00\x02" +
	"\xa8>\xc2\x06\x00\x00\x02\xa9>\xc2\x06\x00\x00\x02\xb9\x07\x93\x06\x00\x00\x02\xb9\x07\x94\x06\x00" +
	"\x00\x02\xb0>\x80\x06\x00\x00\x02\xb1>\x80\x06\x00\x00\x02\xb0>\x81\x06\x00\x00\x02\xb1>\x81\x06\x00" +
	"\x00\x02\xb0>\xc2\x06\x00\x00\x02\xb1>\xc2\x06\x00\x00\x02\x99\x07\x93\x06\x00\x00\x02\x99\x07\x94" +
	"\x06\x00\x00\x02\xb8>\x80\x06\x00\x00\x02\xb9>\x80\x06\x00\x00\x02\xb8>\x81\x06\x00\x00\x02\xb9>\x81" +
	"\x06\x00\x00\x02\xb8>\xc2\x06\x00\x00\x02\xb9>\xc2\x06\x00\x00\x02\xbf\x07\x93\x06\x00\x00\x02\xbf" +
	"\x07\x94\x06\x00\x00\x02\xc0>\x80\x06\x00\x00\x02\xc1>\x80\x06\x00\x00\x02\xc0>\x81\x06\x00\x00\x02" +
	"\xc1>\x81\x06\x02\x00\x02\x9f\x07\x93\x06\x00\x00\x02\x9f\x07\x94\x06\x00\x00\x02\xc8>\x80\x06\x00" +
	"\x00\x02\xc9>\x80\x06\x00\x00\x02\xc8>\x81\x06\x00\x00\x02\xc9>\x81\x06\x02\x00\x02\xc5\x07\x93\x06" +
	"\x00\x00\x02\xc5\x07\x94\x06\x00\x00\x02\xd0>\x80\x06\x00\x00\x02\xd1>\x80\x06\x00\x00\x02\xd0>\x81" +
	"\x06\x00\x00\x02\xd1>\x81\x06\x00\x00\x02\xd0>\xc2\x06\x00\x00\x02\xd1>\xc2\x06\x01\x00\x02\xa5\x07" +
	"\x94\x06\x01\x00\x02\xd9>\x80\x06\x01\x00\x02\xd9>\x81\x06\x01\x00\x02\xd9>\xc2\x06\x00\x00\x02\xc9" +
	"\x07\x93\x06\x00\x00\x02\xc9\x07\x94\x06\x00\x00\x02\xe0>\x80\x06\x00\x00\x02\xe1>\x80\x06\x00\x00" +
	"\x02\xe0>\x81\x06\x00\x00\x02\xe1>\x81\x06\x00\x00\x02\xe0>\xc2\x06\x00\x00\x02\xe1>\xc2\x06\x00\x00" +
	"\x02\xa9\x07\x93\x06\x00\x00\x02\xa9\x07\x94\x06\x00\x00\x02\xe8>\x80\x06\x00\x00\x02\xe9>\x80\x06" +
	"\x00\x00\x02\xe8>\x81\x06\x00\x00\x02\xe9>\x81\x06\x00\x00\x02\xe8>\xc2\x06\x00\x00\x02\xe9>\xc2\x06" +
	"\x00\x00\x02\xb1\x07\x80\x06\x00\x00\x01\xac\x07\x00\x00\x02\xb5\x07\x80\x06\x00\x00\x01\xad\x07\x00" +
	"\x00\x02\xb7\x07\x80\x06\x00\x00\x01\xae\x07\x00\x00\x02\xb9\x07\x80\x06\x00\x00\x01\xaf\x07\x00\x00" +
	"\x02\xbf\x07\x80\x06\x00\x00\x01\xcc\x07\x00\x00\x02\xc5\x07\x80\x06\x00\x00\x01\xcd\x07\x00\x00\x02" +
	"\xc9\x07\x80\x06\x00\x00\x01\xce\x07\x02\x00\x02\x80>\xc5\x06\x00\x00\x02\x81>\xc5\x06\x00\x00\x02" +
	"\x82>\xc5\x06\x00\x00\x02\x83>\xc5\x06\x00\x00\x02\x84>\xc5\x06\x00\x00\x02\x85>\xc5\x06\x00\x00\x02" +
	"\x86>\xc5\x06\x00\x00\x02\x87>\xc5\x06\x00\x00\x02\x88>\xc5\x06\x00\x00\x02\x89>\xc5\x06\x00\x00\x02" +
	"\x8a>\xc5\x06\x00\x00\x02\x8b>\xc5\x06\x00\x00\x02\x8c>\xc5\x06\x00\x00\x02\x8d>\xc5\x06\x00\x00\x02" +
	"\x8e>\xc5\x06\x00\x00\x02\x8f>\xc5\x06\x00\x00\x02\xa0>\xc5\x06\x00\x00\x02\xa1>\xc5\x06\x00\x00\x02" +
	"\xa2>\xc5\x06\x00\x00\x02\xa3>\xc5\x06\x00\x00\x02\xa4>\xc5\x06\x00\x00\x02\xa5>\xc5\x06\x00\x00\x02" +
	"\xa6>\xc5\x06\x00\x00\x02\xa7>\xc5\x06\x00\x00\x02\xa8>\xc5\x06\x00\x00\x02\xa9>\xc5\x06\x00\x00\x02" +
	"\xaa>\xc5\x06\x00\x00\x02\xab>\xc5\x06\x00\x00\x02\xac>\xc5\x06\x00\x00\x02\xad>\xc5\x06\x00\x00\x02" +
	"\xae>\xc5\x06\x00\x00\x02\xaf>\xc5\x06\x00\x00\x02\xe0>\xc5\x06\x00\x00\x02\xe1>\xc5\x06\x00\x00\x02" +
	"\xe2>\xc5\x06\x00\x00\x02\xe3>\xc5\x06\x00\x00\x02\xe4>\xc5\x06\x00\x00\x02\xe5>\xc5\x06\x00\x00\x02" +
	"\xe6>\xc5\x06\x00\x00\x02\xe7>\xc5\x06\x00\x00\x02\xe8>\xc5\x06\x00\x00\x02\xe9>\xc5\x06\x00\x00\x02" +
	"\xea>\xc5\x06\x00\x00\x02\xeb>\xc5\x06\x00\x00\x02\xec>\xc5\x06\x00\x00\x02\xed>\xc5\x06\x00\x00\x02" +
	"\xee>\xc5\x06\x00\x00\x02\xef>\xc5\x06\x00\x00\x02\xb1\x07\x86\x06\x00\x00\x02\xb1\x07\x84\x06\x00" +
	"\x00\x02\xf0>\xc5\x06\x00\x00\x02\xb1\x07\xc5\x06\x00\x00\x02\xac\x07\xc5\x06\x01\x00\x02\xb1\x07" +
	"\xc2\x06\x00\x00\x02\xb6?\xc5\x06\x00\x00\x02\x91\x07\x86\x06\x00\x00\x02\x91\x07\x84\x06\x00\x00" +
	"\x02\x91\x07\x80\x06\x00\x00\x01\x86\x07\x00\x00\x02\x91\x07\xc5\x06\x00\x10\x02 \x93\x06\x00\x00" +
	"\x01\xb9\x07\x00\x10\x02 \x93\x06\x00\x10\x02 \xc2\x06\x00\x00\x02\xa8\x01\xc2\x06\x00\x00\x02\xf4>" +
	"\xc5\x06\x00\x00\x02\xb7\x07\xc5\x06\x00\x00\x02\xae\x07\xc5\x06\x01\x00\x02\xb7\x07\xc2\x06\x00\x00" +
	"\x02\xc6?\xc5\x06\x00\x00\x02\x95\x07\x80\x06\x00\x00\x01\x88\x07\x00\x00\x02\x97\x07\x80\x06\x00" +
	"\x00\x01\x89\x07\x00\x00\x02\x97\x07\xc5\x06\x00\x00\x02\xbf?\x80\x06\x00\x00\x02\xbf?\x81\x06\x00" +
	"\x00\x02\xbf?\xc2\x06\x00\x00\x02\xb9\x07\x86\x06\x00\x00\x02\xb9\x07\x84\x06\x00\x00\x02\xca\x07" +
	"\x80\x06\x00\x00\x01\x90\x07\x02\x00\x02\xb9\x07\xc2\x06\x00\x00\x02\xca\x07\xc2\x06\x00\x00\x02\x99" +
	"\x07\x86\x06\x00\x00\x02\x99\x07\x84\x06\x00\x00\x02\x99\x07\x80\x06\x00\x00\x01\x8a\x07\x01\x00\x02" +
	"\xfe?\x80\x06\x00\x00\x02\xfe?\x81\x06\x00\x00\x02\xfe?\xc2\x06\x00\x00\x02\xc5\x07\x86\x06\x00\x00" +
	"\x02\xc5\x07\x84\x06\x00\x00\x02\xcb\x07\x80\x06\x00\x00\x01\xb0\x07\x00\x00\x02\xc1\x07\x93\x06\x00" +
	"\x00\x02\xc1\x07\x94\x06\x00\x00\x02\xc5\x07\xc2\x06\x00\x00\x02\xcb\x07\xc2\x06\x00\x00\x02\xa5\x07" +
	"\x86\x06\x00\x00\x02\xa5\x07\x84\x06\x00\x00\x02\xa5\x07\x80\x06\x00\x00\x01\x8e\x07\x00\x00\x02\xa1" +
	"\x07\x94\x06\x00\x00\x02\xa8\x01\x80\x06\x00\x00\x01\x85\x07\x00\x00\x01`\x02\x00\x02\xfc>\xc5\x06" +
	"\x00\x00\x02\xc9\x07\xc5\x06\x00\x00\x02\xce\x07\xc5\x06\x01\x00\x02\xc9\x07\xc2\x06\x00\x00\x02\xf6" +
	"?\xc5\x06\x00\x00\x02\x9f\x07\x80\x06\x00\x00\x01\x8c\x07\x00\x00\x02\xa9\x07\x80\x06\x00\x00\x01" +
	"\x8f\x07\x00\x00\x02\xa9\x07\xc5\x06\x00\x00\x01\xb4\x01\x00\x10\x02 \x94\x06\x01\x00\x01\x82@\x00" +
	"\x00\x01\x83@\x00\x10\x01 \x00\x10\x01 \x00\x10\x01 \x00\x10\x01 \x00\x10\x01 \x00\x02\x01 \x00\x10" +
	"\x01 \x00\x10\x01 \x00\x10\x01 \x06\x02\x01\x90@\x05\x10\x02 \xb3\x06\x0c\x10\x01.\x00\x10\x02..\x00" +
	"\x10\x03...\x08\x02\x01 \x03\x10\x02\xb2@\xb2@\x00\x10\x03\xb2@\xb2@\xb2@\x01\x10\x02\xb5@\xb5@\x00" +
	"\x10\x03\xb5@\xb5@\xb5@\x04\x10\x02!!\x01\x10\x02 \x85\x06\x08\x10\x02??\x00\x10\x02?!\x00\x10\x02!?" +
	"\x0d\x10\x04\xb2@\xb2@\xb2@\xb2@\x07\x10\x01 \x10\x08\x010\x00\x08\x01i\x02\x08\x014\x00\x08\x015" +
	"\x00\x08\x016\x00\x08\x017\x00\x08\x018\x00\x08\x019\x00\x08\x01+\x00\x08\x01\x92D\x00\x08\x01=\x00" +
	"\x08\x01(\x00\x08\x01)\x00\x08\x01n\x00\x09\x010\x00\x09\x011\x00\x09\x012\x00\x09\x013\x00\x09\x014" +
	"\x00\x09\x015\x00\x09\x016\x00\x09\x017\x00\x09\x018\x00\x09\x019\x00\x09\x01+\x00\x09\x01\x92D\x00" +
	"\x09\x01=\x00\x09\x01(\x00\x09\x01)\x01\x09\x01a\x00\x09\x01e\x00\x09\x01o\x00\x09\x01x\x00\x09\x01" +
	"\xd9\x04\x00\x09\x01h\x00\x09\x01k\x00\x09\x01l\x00\x09\x01m\x00\x09\x01n\x00\x09\x01p\x00\x09\x01s" +
	"\x00\x09\x01t\x0b\x10\x02RsW\x10\x03a/c\x00\x10\x03a/s\x00\x01\x01C\x00\x10\x02\xb0\x01C\x01\x10\x03" +
	"c/o\x00\x10\x03c/u\x00\x10\x01\x90\x03\x01\x10\x02\xb0\x01F\x00\x01\x01g\x00\x01\x01H\x00\x01\x01H" +
	"\x00\x01\x01H\x00\x01\x01h\x00\x01\x01\xa7\x02\x00\x01\x01I\x00\x01\x01I\x00\x01\x01L\x00\x01\x01l" +
	"\x01\x01\x01N\x00\x10\x02No\x02\x01\x01P\x00\x01\x01Q\x00\x01\x01R\x00\x01\x01R\x00\x01\x01R\x02\x08" +
	"\x02SM\x00\x10\x03TEL\x00\x08\x02TM\x01\x01\x01Z\x01\x00\x01\xa9\x07\x01\x01\x01Z\x01\x00\x01K\x00" +
	"\x00\x01\xc5\x01\x00\x01\x01B\x00\x01\x01C\x01\x01\x01e\x00\x01\x01E\x00\x01\x01F\x01\x01\x01M\x00" +
	"\x01\x01o\x00\x10\x01\xd0\x0b\x00\x10\x01\xd1\x0b\x00\x10\x01\xd2\x0b\x00\x10\x01\xd3\x0b\x00\x01" +
	"\x01i\x01\x10\x03FAX\x00\x01\x01\xc0\x07\x00\x01\x01\xb3\x07\x00\x01\x01\x93\x07\x00\x01\x01\xa0\x07" +
	"\x00\x01\x01\x91D\x04\x01\x01D\x00\x01\x01d\x00\x01\x01e\x00\x01\x01i\x00\x01\x01j\x06\x0f\x031\xc4@" +
	"7\x00\x0f\x031\xc4@9\x00\x0f\x041\xc4@10\x00\x0f\x031\xc4@3\x00\x0f\x032\xc4@3\x00\x0f\x031\xc4@5" +
	"\x00\x0f\x032\xc4@5\x00\x0f\x033\xc4@5\x00\x0f\x034\xc4@5\x00\x0f\x031\xc4@6\x00\x0f\x035\xc4@6\x00" +
	"\x0f\x031\xc4@8\x00\x0f\x033\xc4@8\x00\x0f\x035\xc4@8\x00\x0f\x037\xc4@8\x00\x0f\x021\xc4@\x00\x10" +
	"\x01I\x00\x10\x02II\x00\x10\x03III\x00\x10\x02IV\x00\x10\x01V\x00\x10\x02VI\x00\x10\x03VII\x00\x10" +
	"\x04VIII\x00\x10\x02IX\x00\x10\x01X\x00\x10\x02XI\x00\x10\x03XII\x00\x10\x01L\x00\x10\x01C\x00\x10" +
	"\x01D\x00\x10\x01M\x00\x10\x01i\x00\x10\x02ii\x00\x10\x03iii\x00\x10\x02iv\x00\x10\x01v\x00\x10\x02v" +
	"i\x00\x10\x03vii\x00\x10\x04viii\x00\x10\x02ix\x00\x10\x01x\x00\x10\x02xi\x00\x10\x03xii\x00\x10\x01" +
	"l\x00\x10\x01c\x00\x10\x01d\x00\x10\x01m\x09\x0f\x030\xc4@3\x10\x00\x02\x90C\xb8\x06\x00\x00\x02\x92" +
	"C\xb8\x06\x12\x00\x02\x94C\xb8\x06\x1e\x00\x02\xd0C\xb8\x06\x00\x00\x02\xd4C\xb8\x06\x00\x00\x02\xd2" +
	"C\xb8\x064\x00\x02\x83D\xb8\x06\x04\x00\x02\x88D\xb8\x06\x02\x00\x02\x8bD\xb8\x06\x17\x00\x02\xa3D" +
	"\xb8\x06\x01\x00\x02\xa5D\xb8\x06\x05\x10\x02\xabD\xabD\x00\x10\x03\xabD\xabD\xabD\x01\x10\x02\xaeD" +
	"\xaeD\x00\x10\x03\xaeD\xaeD\xaeD\x10\x00\x02\xbcD\xb8\x06\x02\x00\x02\xc3D\xb8\x06\x02\x00\x02\xc5D" +
	"\xb8\x06\x01\x00\x02\xc8D\xb8\x06\x16\x00\x02=\xb8\x06\x01\x00\x02\xe1D\xb8\x06\x0a\x00\x02\xcdD\xb8" +
	"\x06\x00\x00\x02<\xb8\x06\x00\x00\x02>\xb8\x06\x00\x00\x02\xe4D\xb8\x06\x00\x00\x02\xe5D\xb8\x06\x02" +
	"\x00\x02\xf2D\xb8\x06\x00\x00\x02\xf3D\xb8\x06\x02\x00\x02\xf6D\xb8\x06\x00\x00\x02\xf7D\xb8\x06\x06" +
	"\x00\x02\xfaD\xb8\x06\x00\x00\x02\xfbD\xb8\x06\x02\x00\x02\x82E\xb8\x06\x00\x00\x02\x83E\xb8\x06\x02" +
	"\x00\x02\x86E\xb8\x06\x00\x00\x02\x87E\xb8\x06\"\x00\x02\xa2E\xb8\x06\x00\x00\x02\xa8E\xb8\x06\x00" +
	"\x00\x02\xa9E\xb8\x06\x00\x00\x02\xabE\xb8\x060\x00\x02\xfcD\xb8\x06\x00\x00\x02\xfdD\xb8\x06\x00" +
	"\x00\x02\x91E\xb8\x06\x00\x00\x02\x92E\xb8\x06\x06\x00\x02\xb2E\xb8\x06\x00\x00\x02\xb3E\xb8\x06\x00" +
	"\x00\x02\xb4E\xb8\x06\x00\x00\x02\xb5E\xb8\x06;\x00\x01\x88`\x00\x00\x01\x89`\xb5\x02\x07\x011\x00" +
	"\x07\x012\x00\x07\x013\x00\x07\x014\x00\x07\x015\x00\x07\x016\x00\x07\x017\x00\x07\x018\x00\x07\x019" +
	"\x00\x07\x0210\x00\x07\x0211\x00\x07\x0212\x00\x07\x0213\x00\x07\x0214\x00\x07\x0215\x00\x07\x0216" +
	"\x00\x07\x0217\x00\x07\x0218\x00\x07\x0219\x00\x07\x0220\x00\x10\x03(1)\x00\x10\x03(2)\x00\x10\x03(3" +
	")\x00\x10\x03(4)\x00\x10\x03(5)\x00\x10\x03(6)\x00\x10\x03(7)\x00\x10\x03(8)\x00\x10\x03(9)\x00\x10" +
	"\x04(10)\x00\x10\x04(11)\x00\x10\x04(12)\x00\x10\x04(13)\x00\x10\x04(14)\x00\x10\x04(15)\x00\x10\x04" +
	"(16)\x00\x10\x04(17)\x00\x10\x04(18)\x00\x10\x04(19)\x00\x10\x04(20)\x00\x10\x021.\x00\x10\x022.\x00" +
	"\x10\x023.\x00\x10\x024.\x00\x10\x025.\x00\x10\x026.\x00\x10\x027.\x00\x10\x028.\x00\x10\x029.\x00" +
	"\x10\x0310.\x00\x10\x0311.\x00\x10\x0312.\x00\x10\x0313.\x00\x10\x0314.\x00\x10\x0315.\x00\x10\x0316" +
	".\x00\x10\x0317.\x00\x10\x0318.\x00\x10\x0319.\x00\x10\x0320.\x00\x10\x03(a)\x00\x10\x03(b)\x00\x10" +
	"\x03(c)\x00\x10\x03(d)\x00\x10\x03(e)\x00\x10\x03(f)\x00\x10\x03(g)\x00\x10\x03(h)\x00\x10\x03(i)" +
	"\x00\x10\x03(j)\x00\x10\x03(k)\x00\x10\x03(l)\x00\x10\x03(m)\x00\x10\x03(n)\x00\x10\x03(o)\x00\x10" +
	"\x03(p)\x00\x10\x03(q)\x00\x10\x03(r)\x00\x10\x03(s)\x00\x10\x03(t)\x00\x10\x03(u)\x00\x10\x03(v)" +
	"\x00\x10\x03(w)\x00\x10\x03(x)\x00\x10\x03(y)\x00\x10\x03(z)\x00\x07\x01A\x00\x07\x01B\x00\x07\x01C" +
	"\x00\x07\x01D\x00\x07\x01E\x00\x07\x01F\x00\x07\x01G\x00\x07\x01H\x00\x07\x01I\x00\x07\x01J\x00\x07" +
	"\x01K\x00\x07\x01L\x00\x07\x01M\x00\x07\x01N\x00\x07\x01O\x00\x07\x01P\x00\x07\x01Q\x00\x07\x01R\x00" +
	"\x07\x01S\x00\x07\x01T\x00\x07\x01U\x00\x07\x01V\x00\x07\x01W\x00\x07\x01X\x00\x07\x01Y\x00\x07\x01Z" +
	"\x00\x07\x01a\x00\x07\x01b\x00\x07\x01c\x00\x07\x01d\x00\x07\x01e\x00\x07\x01f\x00\x07\x01g\x00\x07" +
	"\x01h\x00\x07\x01i\x00\x07\x01j\x00\x07\x01k\x00\x07\x01l\x00\x07\x01m\x00\x07\x01n\x00\x07\x01o\x00" +
	"\x07\x01p\x00\x07\x01q\x00\x07\x01r\x00\x07\x01s\x00\x07\x01t\x00\x07\x01u\x00\x07\x01v\x00\x07\x01w" +
	"\x00\x07\x01x\x00\x07\x01y\x00\x07\x01z\x00\x07\x010\xa1\x0a\x10\x04\xabD\xabD\xabD\xabDg\x10\x03::=" +
	"\x00\x10\x02==\x00\x10\x03===e\x00\x02\xddU\xb8\x06\x9f\x03\x09\x01j\x00\x08\x01V\xf1\x01\x08\x01" +
	"\xe1Z\xaf\x02\x10\x01\xcd\xd7\x01S\x10\x01\x9f\xbf\x02\x0c\x10\x01\x80\x9c\x01\x00\x10\x01\xa8\x9c" +
	"\x01\x00\x10\x01\xb6\x9c\x01\x00\x10\x01\xbf\x9c\x01\x00\x10\x01\xd9\x9c\x01\x00\x10\x01\x85\x9d\x01" +
	"\x00\x10\x01\x8c\x9d\x01\x00\x10\x01\xa0\x9d\x01\x00\x10\x01\xba\x9d\x01\x00\x10\x01\xbf\xa2\x01\x00" +
	"\x10\x01\xe5\xa2\x01\x00\x10\x01\xeb\xa2\x01\x00\x10\x01\x82\xa3\x01\x00\x10\x01\x96\xa3\x01\x00\x10" +
	"\x01\xab\xa3\x01\x00\x10\x01\xe0\xa3\x01\x00\x10\x01\xf5\xa3\x01\x00\x10\x01\x80\xa4\x01\x00\x10\x01" +
	"\x9b\xa5\x01\x00\x10\x01\xf9\xa5\x01\x00\x10\x01\x95\xa6\x01\x00\x10\x01\x9a\xa6\x01\x00\x10\x01\xb8" +
	"\xa6\x01\x00\x10\x01\xc1\xa6\x01\x00\x10\x01\xdc\xa6\x01\x00\x10\x01\xe9\xa6\x01\x00\x10\x01\x82\xa7" +
	"\x01\x00\x10\x01\xb6\xa7\x01\x00\x10\x01\xc8\xa7\x01\x00\x10\x01\xe3\xa7\x01\x00\x10\x01\xd7\xad\x01" +
	"\x00\x10\x01\x9f\xae\x01\x00\x10\x01\xeb\xb1\x01\x00\x10\x01\x82\xb2\x01\x00\x10\x01\x8a\xb2\x01\x00" +
	"\x10\x01\x95\xb2\x01\x00\x10\x01\xa7\xb2\x01\x00\x10\x01\xf3\xb2\x01\x00\x10\x01\xd0\xb6\x01\x00\x10" +
	"\x01\x80\xb7\x01\x00\x10\x01\xf8\xb7\x01\x00\x10\x01\x8f\xb8\x01\x00\x10\x01\xa2\xb8\x01\x00\x10\x01" +
	"\xb8\xb8\x01\x00\x10\x01\xee\xb8\x01\x00\x10\x01\xf1\xb8\x01\x00\x10\x01\xdb\xbb\x01\x00\x10\x01\xe5" +
	"\xbb\x01\x00\x10\x01\xf1\xbb\x01\x00\x10\x01\xfe\xbb\x01\x00\x10\x01\xf2\xbc\x01\x00\x10\x01\xfa\xbc" +
	"\x01\x00\x10\x01\xff\xbc\x01\x00\x10\x01\xf4\xbd\x01\x00\x10\x01\xfe\xbd\x01\x00\x10\x01\x8b\xbe\x01" +
	"\x00\x10\x01\x93\xbe\x01\x00\x10\x01\xd0\xbe\x01\x00\x10\x01\xe1\xbe\x01\x00\x10\x01\xf3\xbe\x01\x00" +
	"\x10\x01\xc3\xbf\x01\x00\x10\x01\x88\xc4\x01\x00\x10\x01\xb6\xc4\x01\x00\x10\x01\xcb\xc4\x01\x00\x10" +
	"\x01\xaf\xca\x01\x00\x10\x01\xb4\xca\x01\x00\x10\x01\x87\xcb\x01\x00\x10\x01\x97\xcb\x01\x00\x10\x01" +
	"\xa4\xcb\x01\x00\x10\x01\xb9\xcb\x01\x00\x10\x01\xe0\xcb\x01\x00\x10\x01\xe5\xcb\x01\x00\x10\x01\xf0" +
	"\xcd\x01\x00\x10\x01\x88\xce\x01\x00\x10\x01\xa8\xce\x01\x00\x10\x01\xa0\xd6\x01\x00\x10\x01\xe2\xd6" +
	"\x01\x00\x10\x01\xf9\xd6\x01\x00\x10\x01\xb3\xd7\x01\x00\x10\x01\xcb\xd7\x01\x00\x10\x01\xd4\xd7\x01" +
	"\x00\x10\x01\xdb\xd7\x01\x00\x10\x01\x8f\xd8\x01\x00\x10\x01\x94\xd8\x01\x00\x10\x01\xb4\xd8\x01\x00" +
	"\x10\x01\xeb\xe0\x01\x00\x10\x01\xaa\xe4\x01\x00\x10\x01\xb6\xe4\x01\x00\x10\x01\xbb\xe4\x01\x00\x10" +
	"\x01\xbf\xe4\x01\x00\x10\x01\xc7\xe4\x01\x00\x10\x01\xd9\xe4\x01\x00\x10\x01\xdb\xe4\x01\x00\x10\x01" +
	"\xac\xe5\x01\x00\x10\x01\x84\xe7\x01\x00\x10\x01\x89\xe7\x01\x00\x10\x01\xdc\xe9\x01\x00\x10\x01\xe6" +
	"\xe9\x01\x00\x10\x01\x98\xea\x01\x00\x10\x01\x9f\xea\x01\x00\x10\x01\xa8\xea\x01\x00\x10\x01\xb0\xea" +
	"\x01\x00\x10\x01\x8b\xeb\x01\x00\x10\x01\x92\xeb\x01\x00\x10\x01\xf6\xec\x01\x00\x10\x01\xfd\xec\x01" +
	"\x00\x10\x01\xae\xed\x01\x00\x10\x01\xbf\xed\x01\x00\x10\x01\xee\xed\x01\x00\x10\x01\xdb\xef\x01\x00" +
	"\x10\x01\xe2\xef\x01\x00\x10\x01\xf3\xef\x01\x00\x10\x01\xba\xf2\x01\x00\x10\x01\xb8\xf3\x01\x00\x10" +
	"\x01\xbe\xf3\x01\x00\x10\x01\xf4\xf4\x01\x00\x10\x01\xcb\xf5\x01\x00\x10\x01\xf9\xf5\x01\x00\x10\x01" +
	"\xf3\xf8\x01\x00\x10\x01\xf8\xf9\x01\x00\x10\x01\xb6\xfe\x01\x00\x10\x01\xd1\xfe\x01\x00\x10\x01\x8a" +
	"\xff\x01\x00\x10\x01\xbd\xff\x01\x00\x10\x01\x81\x80\x02\x00\x10\x01\x8c\x80\x02\x00\x10\x01\x92\x80" +
	"\x02\x00\x10\x01\xb3\x80\x02\x00\x10\x01\xff\x80\x02\x00\x10\x01\x89\x81\x02\x00\x10\x01\xe3\x83\x02" +
	"\x00\x10\x01\xea\x83\x02\x00\x10\x01\xf3\x83\x02\x00\x10\x01\xfc\x83\x02\x00\x10\x01\x8c\x84\x02\x00" +
	"\x10\x01\x9b\x84\x02\x00\x10\x01\x9f\x84\x02\x00\x10\x01\xee\x84\x02\x00\x10\x01\xf2\x84\x02\x00\x10" +
	"\x01\xf8\x84\x02\x00\x10\x01\xcd\x8c\x02\x00\x10\x01\xeb\x8c\x02\x00\x10\x01\xc0\x90\x02\x00\x10\x01" +
	"\xcc\x90\x02\x00\x10\x01\xe3\x90\x02\x00\x10\x01\xfe\x92\x02\x00\x10\x01\x8b\x93\x02\x00\x10\x01\xd2" +
	"\x93\x02\x00\x10\x01\x80\x94\x02\x00\x10\x01\xb7\x98\x02\x00\x10\x01\xc6\x98\x02\x00\x10\x01\xd5\x98" +
	"\x02\x00\x10\x01\xf8\x98\x02\x00\x10\x01\x9d\x99\x02\x00\x10\x01\xe4\x9a\x02\x00\x10\x01\xf0\x9a\x02" +
	"\x00\x10\x01\xb3\x9b\x02\x00\x10\x01\xab\x9d\x02\x00\x10\x01\xca\x9d\x02\x00\x10\x01\x9b\x9f\x02\x00" +
	"\x10\x01\xb0\x9f\x02\x00\x10\x01\xb5\x9f\x02\x00\x10\x01\x91\xa1\x02\x00\x10\x01\xc9\xa2\x02\x00\x10" +
	"\x01\xc6\xa3\x02\x00\x10\x01\xcc\xa3\x02\x00\x10\x01\xd1\xa3\x02\x00\x10\x01\xf7\xaa\x02\x00\x10\x01" +
	"\x80\xab\x02\x00\x10\x01\x9c\xac\x02\x00\x10\x01\xb6\xad\x02\x00\x10\x01\xb9\xad\x02\x00\x10\x01\xe8" +
	"\xad\x02\x00\x10\x01\xd1\xae\x02\x00\x10\x01\xde\xae\x02\x00\x10\x01\xe2\xae\x02\x00\x10\x01\xe9\xae" +
	"\x02\x00\x10\x01\xcb\xaf\x02\x00\x10\x01\xed\xaf\x02\x00\x10\x01\xf3\xaf\x02\x00\x10\x01\x81\xb0\x02" +
	"\x00\x10\x01\xa8\xb1\x02\x00\x10\x01\xdb\xb1\x02\x00\x10\x01\xdf\xb1\x02\x00\x10\x01\x96\xb3\x02\x00" +
	"\x10\x01\x99\xb3\x02\x00\x10\x01\xac\xb3\x02\x00\x10\x01\xa8\xb5\x02\x00\x10\x01\xd8\xb5\x02\x00\x10" +
	"\x01\xdf\xb5\x02\x00\x10\x01\xa5\xb6\x02\x00\x10\x01\xaf\xb6\x02\x00\x10\x01\xb2\xb6\x02\x00\x10\x01" +
	"\xbc\xb6\x02\x00\x10\x01\xda\xb6\x02\x00\x10\x01\xe5\xb9\x02\x00\x10\x01\xf5\xbc\x02\x00\x10\x01\xff" +
	"\xbc\x02\x00\x10\x01\xa5\xbd\x02\x00\x10\x01\xbb\xbd\x02\x00\x10\x01\xc3\xbd\x02\x00\x10\x01\xcd\xbd" +
	"\x02\x00\x10\x01\xd1\xbd\x02\x00\x10\x01\xf9\xbd\x02\x00\x10\x01\xfd\xbd\x02\x00\x10\x01\x8e\xbe\x02" +
	"\x00\x10\x01\x93\xbe\x02\x00\x10\x01\xa0\xbe\x02\x00\x10\x01\xbb\xbe\x02\x00\x10\x01\xca\xbe\x02\x00" +
	"\x10\x01\xd2\xbe\x02\x00\x10\x01\x8d\xbf\x02\x00\x10\x01\x9c\xbf\x02\x00\x10\x01\xa0\xbf\x02*\x0b" +
	"\x01 5\x10\x01\x92`\x01\x10\x01\xc1\xa6\x01\x00\x10\x01\xc4\xa6\x01\x00\x10\x01\xc5\xa6\x01\x11\x00" +
	"\x02\xcb`\x99a\x01\x00\x02\xcd`\x99a\x01\x00\x02\xcf`\x99a\x01\x00\x02\xd1`\x99a\x01\x00\x02\xd3`" +
	"\x99a\x01\x00\x02\xd5`\x99a\x01\x00\x02\xd7`\x99a\x01\x00\x02\xd9`\x99a\x01\x00\x02\xdb`\x99a\x01" +
	"\x00\x02\xdd`\x99a\x01\x00\x02\xdf`\x99a\x01\x00\x02\xe1`\x99a\x02\x00\x02\xe4`\x99a\x01\x00\x02\xe6" +
	"`\x99a\x01\x00\x02\xe8`\x99a\x06\x00\x02\xef`\x99a\x00\x00\x02\xef`\x9aa\x01\x00\x02\xf2`\x99a\x00" +
	"\x00\x02\xf2`\x9aa\x01\x00\x02\xf5`\x99a\x00\x00\x02\xf5`\x9aa\x01\x00\x02\xf8`\x99a\x00\x00\x02\xf8" +
	"`\x9aa\x01\x00\x02\xfb`\x99a\x00\x00\x02\xfb`\x9aa\x16\x00\x02\xc6`\x99a\x06\x10\x02 \x99a\x00\x10" +
	"\x02 \x9aa\x01\x00\x02\x9da\x99a\x00\x0a\x02\x88a\x8aa\x0c\x00\x02\xaba\x99a\x01\x00\x02\xada\x99a" +
	"\x01\x00\x02\xafa\x99a\x01\x00\x02\xb1a\x99a\x01\x00\x02\xb3a\x99a\x01\x00\x02\xb5a\x99a\x01\x00\x02" +
	"\xb7a\x99a\x01\x00\x02\xb9a\x99a\x01\x00\x02\xbba\x99a\x01\x00\x02\xbda\x99a\x01\x00\x02\xbfa\x99a" +
	"\x01\x00\x02\xc1a\x99a\x02\x00\x02\xc4a\x99a\x01\x00\x02\xc6a\x99a\x01\x00\x02\xc8a\x99a\x06\x00\x02" +
	"\xcfa\x99a\x00\x00\x02\xcfa\x9aa\x01\x00\x02\xd2a\x99a\x00\x00\x02\xd2a\x9aa\x01\x00\x02\xd5a\x99a" +
	"\x00\x00\x02\xd5a\x9aa\x01\x00\x02\xd8a\x99a\x00\x00\x02\xd8a\x9aa\x01\x00\x02\xdba\x99a\x00\x00\x02" +
	"\xdba\x9aa\x16\x00\x02\xa6a\x99a\x02\x00\x02\xefa\x99a\x00\x00\x02\xf0a\x99a\x00\x00\x02\xf1a\x99a" +
	"\x00\x00\x02\xf2a\x99a\x03\x00\x02\xfda\x99a\x00\x0a\x02\xb3a\xc8a1\x10\x01\x80\"\x00\x10\x01\x81\"" +
	"\x00\x10\x01\xaa#\x00\x10\x01\x82\"\x00\x10\x01\xac#\x00\x10\x01\xad#\x00\x10\x01\x83\"\x00\x10\x01" +
	"\x84\"\x00\x10\x01\x85\"\x00\x10\x01\xb0#\x00\x10\x01\xb1#\x00\x10\x01\xb2#\x00\x10\x01\xb3#\x00\x10" +
	"\x01\xb4#\x00\x10\x01\xb5#\x00\x10\x01\x9a\"\x00\x10\x01\x86\"\x00\x10\x01\x87\"\x00\x10\x01\x88\"" +
	"\x00\x10\x01\xa1\"\x00\x10\x01\x89\"\x00\x10\x01\x8a\"\x00\x10\x01\x8b\"\x00\x10\x01\x8c\"\x00\x10" +
	"\x01\x8d\"\x00\x10\x01\x8e\"\x00\x10\x01\x8f\"\x00\x10\x01\x90\"\x00\x10\x01\x91\"\x00\x10\x01\x92\"" +
	"\x00\x10\x01\xe1\"\x00\x10\x01\xe2\"\x00\x10\x01\xe3\"\x00\x10\x01\xe4\"\x00\x10\x01\xe5\"\x00\x10" +
	"\x01\xe6\"\x00\x10\x01\xe7\"\x00\x10\x01\xe8\"\x00\x10\x01\xe9\"\x00\x10\x01\xea\"\x00\x10\x01\xeb\"" +
	"\x00\x10\x01\xec\"\x00\x10\x01\xed\"\x00\x10\x01\xee\"\x00\x10\x01\xef\"\x00\x10\x01\xf0\"\x00\x10" +
	"\x01\xf1\"\x00\x10\x01\xf2\"\x00\x10\x01\xf3\"\x00\x10\x01\xf4\"\x00\x10\x01\xf5\"\x00\x10\x01\xe0\"" +
	"\x00\x10\x01\x94\"\x00\x10\x01\x95\"\x00\x10\x01\xc7#\x00\x10\x01\xc8#\x00\x10\x01\xcc#\x00\x10\x01" +
	"\xce#\x00\x10\x01\xd3#\x00\x10\x01\xd7#\x00\x10\x01\xd9#\x00\x10\x01\x9c\"\x00\x10\x01\xdd#\x00\x10" +
	"\x01\xdf#\x00\x10\x01\x9d\"\x00\x10\x01\x9e\"\x00\x10\x01\xa0\"\x00\x10\x01\xa2\"\x00\x10\x01\xa3\"" +
	"\x00\x10\x01\xa7\"\x00\x10\x01\xa9\"\x00\x10\x01\xab\"\x00\x10\x01\xac\"\x00\x10\x01\xad\"\x00\x10" +
	"\x01\xae\"\x00\x10\x01\xaf\"\x00\x10\x01\xb2\"\x00\x10\x01\xb6\"\x00\x10\x01\xc0\"\x00\x10\x01\xc7\"" +
	"\x00\x10\x01\xcc\"\x00\x10\x01\xf1#\x00\x10\x01\xf2#\x00\x10\x01\xd7\"\x00\x10\x01\xd8\"\x00\x10\x01" +
	"\xd9\"\x00\x10\x01\x84#\x00\x10\x01\x85#\x00\x10\x01\x88#\x00\x10\x01\x91#\x00\x10\x01\x92#\x00\x10" +
	"\x01\x94#\x00\x10\x01\x9e#\x00\x10\x01\xa1#\x03\x08\x01\x80\x9c\x01\x00\x08\x01\x8c\x9d\x01\x00\x08" +
	"\x01\x89\x9c\x01\x00\x08\x01\xdb\xad\x01\x00\x08\x01\x8a\x9c\x01\x00\x08\x01\xad\x9c\x01\x00\x08\x01" +
	"\x8b\x9c\x01\x00\x08\x01\xb2\xea\x01\x00\x08\x01\xd9\x9c\x01\x00\x08\x01\x99\x9c\x01\x00\x08\x01\x81" +
	"\x9c\x01\x00\x08\x01\xa9\xb2\x01\x00\x08\x01\xb0\xae\x01\x00\x08\x01\xba\x9d\x01`\x10\x03(\x80\")" +
	"\x00\x10\x03(\x82\")\x00\x10\x03(\x83\")\x00\x10\x03(\x85\")\x00\x10\x03(\x86\")\x00\x10\x03(\x87\")" +
	"\x00\x10\x03(\x89\")\x00\x10\x03(\x8b\")\x00\x10\x03(\x8c\")\x00\x10\x03(\x8e\")\x00\x10\x03(\x8f\")" +
	"\x00\x10\x03(\x90\")\x00\x10\x03(\x91\")\x00\x10\x03(\x92\")\x00\x10\x04(\x80\"\xe1\")\x00\x10\x04(" +
	"\x82\"\xe1\")\x00\x10\x04(\x83\"\xe1\")\x00\x10\x04(\x85\"\xe1\")\x00\x10\x04(\x86\"\xe1\")\x00\x10" +
	"\x04(\x87\"\xe1\")\x00\x10\x04(\x89\"\xe1\")\x00\x10\x04(\x8b\"\xe1\")\x00\x10\x04(\x8c\"\xe1\")\x00" +
	"\x10\x04(\x8e\"\xe1\")\x00\x10\x04(\x8f\"\xe1\")\x00\x10\x04(\x90\"\xe1\")\x00\x10\x04(\x91\"\xe1\")" +
	"\x00\x10\x04(\x92\"\xe1\")\x00\x10\x04(\x8c\"\xee\")\x00\x10\x07(\x8b\"\xe9\"\x8c\"\xe5\"\xab#)\x00" +
	"\x10\x06(\x8b\"\xe9\"\x92\"\xee\")\x01\x10\x03(\x80\x9c\x01)\x00\x10\x03(\x8c\x9d\x01)\x00\x10\x03(" +
	"\x89\x9c\x01)\x00\x10\x03(\xdb\xad\x01)\x00\x10\x03(\x94\x9d\x01)\x00\x10\x03(\xed\xa2\x01)\x00\x10" +
	"\x03(\x83\x9c\x01)\x00\x10\x03(\xeb\xa2\x01)\x00\x10\x03(\xdd\x9c\x01)\x00\x10\x03(\xc1\xa6\x01)\x00" +
	"\x10\x03(\x88\xce\x01)\x00\x10\x03(\xeb\xe0\x01)\x00\x10\x03(\xb4\xd8\x01)\x00\x10\x03(\xa8\xce\x01)" +
	"\x00\x10\x03(\xd1\xa3\x02)\x00\x10\x03(\x9f\xae\x01)\x00\x10\x03(\xe5\xcb\x01)\x00\x10\x03(\xaa\xd0" +
	"\x01)\x00\x10\x03(\x89\xce\x01)\x00\x10\x03(\xbe\xf2\x01)\x00\x10\x03(\x8d\xa8\x01)\x00\x10\x03(\xf9" +
	"\xe4\x01)\x00\x10\x03(\xa1\x99\x02)\x00\x10\x03(\xdd\xf2\x01)\x00\x10\x03(\xb4\xa5\x01)\x00\x10\x03(" +
	"\xe3\x9d\x01)\x00\x10\x03(\xfc\xa8\x01)\x00\x10\x03(\xe6\xb6\x01)\x00\x10\x03(\xe3\xed\x01)\x00\x10" +
	"\x03(\x81\x9e\x01)\x00\x10\x03(\xc7\x99\x02)\x00\x10\x03(\xd4\xa6\x01)\x00\x10\x03(\xed\xf2\x01)\x00" +
	"\x10\x03(\x91\x9e\x01)\x00\x10\x03(\xea\x83\x02)\x00\x10\x03(\xf3\x83\x02)\x00\x07\x01\xcf\xaa\x01" +
	"\x00\x07\x01\xfc\xbc\x01\x00\x07\x01\x87\xcb\x01\x00\x07\x01\x8f\xf7\x01\x08\x0e\x03PTE\x00\x07\x022" +
	"1\x00\x07\x0222\x00\x07\x0223\x00\x07\x0224\x00\x07\x0225\x00\x07\x0226\x00\x07\x0227\x00\x07\x0228" +
	"\x00\x07\x0229\x00\x07\x0230\x00\x07\x0231\x00\x07\x0232\x00\x07\x0233\x00\x07\x0234\x00\x07\x0235" +
	"\x00\x07\x01\x80\"\x00\x07\x01\x82\"\x00\x07\x01\x83\"\x00\x07\x01\x85\"\x00\x07\x01\x86\"\x00\x07" +
	"\x01\x87\"\x00\x07\x01\x89\"\x00\x07\x01\x8b\"\x00\x07\x01\x8c\"\x00\x07\x01\x8e\"\x00\x07\x01\x8f\"" +
	"\x00\x07\x01\x90\"\x00\x07\x01\x91\"\x00\x07\x01\x92\"\x00\x07\x02\x80\"\xe1\"\x00\x07\x02\x82\"\xe1" +
	"\"\x00\x07\x02\x83\"\xe1\"\x00\x07\x02\x85\"\xe1\"\x00\x07\x02\x86\"\xe1\"\x00\x07\x02\x87\"\xe1\"" +
	"\x00\x07\x02\x89\"\xe1\"\x00\x07\x02\x8b\"\xe1\"\x00\x07\x02\x8c\"\xe1\"\x00\x07\x02\x8e\"\xe1\"\x00" +
	"\x07\x02\x8f\"\xe1\"\x00\x07\x02\x90\"\xe1\"\x00\x07\x02\x91\"\xe1\"\x00\x07\x02\x92\"\xe1\"\x00\x07" +
	"\x05\x8e\"\xe1\"\xb7#\x80\"\xe9\"\x00\x07\x04\x8c\"\xee\"\x8b\"\xf4\"\x00\x07\x02\x8b\"\xee\"\x01" +
	"\x07\x01\x80\x9c\x01\x00\x07\x01\x8c\x9d\x01\x00\x07\x01\x89\x9c\x01\x00\x07\x01\xdb\xad\x01\x00\x07" +
	"\x01\x94\x9d\x01\x00\x07\x01\xed\xa2\x01\x00\x07\x01\x83\x9c\x01\x00\x07\x01\xeb\xa2\x01\x00\x07\x01" +
	"\xdd\x9c\x01\x00\x07\x01\xc1\xa6\x01\x00\x07\x01\x88\xce\x01\x00\x07\x01\xeb\xe0\x01\x00\x07\x01\xb4" +
	"\xd8\x01\x00\x07\x01\xa8\xce\x01\x00\x07\x01\xd1\xa3\x02\x00\x07\x01\x9f\xae\x01\x00\x07\x01\xe5\xcb" +
	"\x01\x00\x07\x01\xaa\xd0\x01\x00\x07\x01\x89\xce\x01\x00\x07\x01\xbe\xf2\x01\x00\x07\x01\x8d\xa8\x01" +
	"\x00\x07\x01\xf9\xe4\x01\x00\x07\x01\xa1\x99\x02\x00\x07\x01\xdd\xf2\x01\x00\x07\x01\xb4\xa5\x01\x00" +
	"\x07\x01\xd8\xf3\x01\x00\x07\x01\xb7\xea\x01\x00\x07\x01\xf3\xb2\x01\x00\x07\x01\xe9\xa0\x02\x00\x07" +
	"\x01\xaa\xa2\x01\x00\x07\x01\xf0\xa6\x01\x00\x07\x01\xe8\xd9\x01\x00\x07\x01\x85\xb0\x02\x00\x07\x01" +
	"\x91\x9e\x01\x00\x07\x01\x99\xa3\x01\x00\x07\x01\xe3\xd6\x01\x00\x07\x01\x8a\x9c\x01\x00\x07\x01\xad" +
	"\x9c\x01\x00\x07\x01\x8b\x9c\x01\x00\x07\x01\xe6\xbb\x01\x00\x07\x01\xf3\xa7\x01\x00\x07\x01\xbb\xa6" +
	"\x01\x00\x07\x01\x97\xb7\x01\x00\x07\x01\xe6\xb6\x01\x00\x07\x01\xe3\xed\x01\x00\x07\x01\x81\x9e\x01" +
	"\x00\x07\x01\xc7\x99\x02\x00\x07\x01\xd4\xa6\x01\x00\x07\x01\x9c\xb2\x01\x00\x07\x0236\x00\x07\x0237" +
	"\x00\x07\x0238\x00\x07\x0239\x00\x07\x0240\x00\x07\x0241\x00\x07\x0242\x00\x07\x0243\x00\x07\x0244" +
	"\x00\x07\x0245\x00\x07\x0246\x00\x07\x0247\x00\x07\x0248\x00\x07\x0249\x00\x07\x0250\x00\x10\x021" +
	"\x88\xce\x01\x00\x10\x022\x88\xce\x01\x00\x10\x023\x88\xce\x01\x00\x10\x024\x88\xce\x01\x00\x10\x025" +
	"\x88\xce\x01\x00\x10\x026\x88\xce\x01\x00\x10\x027\x88\xce\x01\x00\x10\x028\x88\xce\x01\x00\x10\x029" +
	"\x88\xce\x01\x00\x10\x0310\x88\xce\x01\x00\x10\x0311\x88\xce\x01\x00\x10\x0312\x88\xce\x01\x00\x0e" +
	"\x02Hg\x00\x0e\x03erg\x00\x0e\x02eV\x00\x0e\x03LTD\x00\x07\x01\xa2a\x00\x07\x01\xa4a\x00\x07\x01\xa6" +
	"a\x00\x07\x01\xa8a\x00\x07\x01\xaaa\x00\x07\x01\xaba\x00\x07\x01\xada\x00\x07\x01\xafa\x00\x07\x01" +
	"\xb1a\x00\x07\x01\xb3a\x00\x07\x01\xb5a\x00\x07\x01\xb7a\x00\x07\x01\xb9a\x00\x07\x01\xbba\x00\x07" +
	"\x01\xbda\x00\x07\x01\xbfa\x00\x07\x01\xc1a\x00\x07\x01\xc4a\x00\x07\x01\xc6a\x00\x07\x01\xc8a\x00" +
	"\x07\x01\xcaa\x00\x07\x01\xcba\x00\x07\x01\xcca\x00\x07\x01\xcda\x00\x07\x01\xcea\x00\x07\x01\xcfa" +
	"\x00\x07\x01\xd2a\x00\x07\x01\xd5a\x00\x07\x01\xd8a\x00\x07\x01\xdba\x00\x07\x01\xdea\x00\x07\x01" +
	"\xdfa\x00\x07\x01\xe0a\x00\x07\x01\xe1a\x00\x07\x01\xe2a\x00\x07\x01\xe4a\x00\x07\x01\xe6a\x00\x07" +
	"\x01\xe8a\x00\x07\x01\xe9a\x00\x07\x01\xeaa\x00\x07\x01\xeba\x00\x07\x01\xeca\x00\x07\x01\xeda\x00" +
	"\x07\x01\xefa\x00\x07\x01\xf0a\x00\x07\x01\xf1a\x00\x07\x01\xf2a\x00\x0e\x02\xe4\x9d\x01\x8c\xa9\x01" +
	"\x00\x0e\x04\xa2a\xd1a\xfca\xc8a\x00\x0e\x04\xa2a\xeba\xd5a\xa1a\x00\x0e\x04\xa2a\xf3a\xdaa\xa2a\x00" +
	"\x0e\x03\xa2a\xfca\xeba\x00\x0e\x04\xa4a\xcba\xf3a\xb0a\x00\x0e\x03\xa4a\xf3a\xc1a\x00\x0e\x03\xa6a" +
	"\xa9a\xf3a\x00\x0e\x05\xa8a\xb9a\xafa\xfca\xc9a\x00\x0e\x04\xa8a\xfca\xaba\xfca\x00\x0e\x03\xaaa\xf3" +
	"a\xb9a\x00\x0e\x03\xaaa\xfca\xe0a\x00\x0e\x03\xaba\xa4a\xeaa\x00\x0e\x04\xaba\xe9a\xc3a\xc8a\x00\x0e" +
	"\x04\xaba\xeda\xeaa\xfca\x00\x0e\x03\xaca\xeda\xf3a\x00\x0e\x03\xaca\xf3a\xdea\x00\x0e\x02\xaea\xaca" +
	"\x00\x0e\x03\xaea\xcba\xfca\x00\x0e\x04\xada\xe5a\xeaa\xfca\x00\x0e\x04\xaea\xeba\xc0a\xfca\x00\x0e" +
	"\x02\xada\xeda\x00\x0e\x05\xada\xeda\xb0a\xe9a\xe0a\x00\x0e\x06\xada\xeda\xe1a\xfca\xc8a\xeba\x00" +
	"\x0e\x05\xada\xeda\xefa\xc3a\xc8a\x00\x0e\x03\xb0a\xe9a\xe0a\x00\x0e\x05\xb0a\xe9a\xe0a\xc8a\xf3a" +
	"\x00\x0e\x05\xafa\xeba\xbca\xa4a\xeda\x00\x0e\x04\xafa\xeda\xfca\xcda\x00\x0e\x03\xb1a\xfca\xb9a\x00" +
	"\x0e\x03\xb3a\xeba\xcaa\x00\x0e\x03\xb3a\xfca\xdda\x00\x0e\x04\xb5a\xa4a\xafa\xeba\x00\x0e\x05\xb5a" +
	"\xf3a\xc1a\xfca\xe0a\x00\x0e\x04\xb7a\xeaa\xf3a\xb0a\x00\x0e\x03\xbba\xf3a\xc1a\x00\x0e\x03\xbba\xf3" +
	"a\xc8a\x00\x0e\x03\xc0a\xfca\xb9a\x00\x0e\x02\xc7a\xb7a\x00\x0e\x02\xc9a\xeba\x00\x0e\x02\xc8a\xf3a" +
	"\x00\x0e\x02\xcaa\xcea\x00\x0e\x03\xcea\xc3a\xc8a\x00\x0e\x03\xcfa\xa4a\xc4a\x00\x0e\x05\xd1a\xfca" +
	"\xbba\xf3a\xc8a\x00\x0e\x03\xd1a\xfca\xc4a\x00\x0e\x04\xd0a\xfca\xeca\xeba\x00\x0e\x05\xd4a\xa2a\xb9" +
	"a\xc8a\xeba\x00\x0e\x03\xd4a\xafa\xeba\x00\x0e\x02\xd4a\xb3a\x00\x0e\x02\xd3a\xeba\x00\x0e\x05\xd5a" +
	"\xa1a\xe9a\xc3a\xc9a\x00\x0e\x04\xd5a\xa3a\xfca\xc8a\x00\x0e\x05\xd6a\xc3a\xb7a\xa7a\xeba\x00\x0e" +
	"\x03\xd5a\xe9a\xf3a\x00\x0e\x05\xd8a\xafa\xbfa\xfca\xeba\x00\x0e\x02\xdaa\xbda\x00\x0e\x03\xdaa\xcba" +
	"\xd2a\x00\x0e\x03\xd8a\xeba\xc4a\x00\x0e\x03\xdaa\xf3a\xb9a\x00\x0e\x03\xdaa\xfca\xb8a\x00\x0e\x03" +
	"\xd9a\xfca\xbfa\x00\x0e\x04\xdda\xa4a\xf3a\xc8a\x00\x0e\x03\xdca\xeba\xc8a\x00\x0e\x02\xdba\xf3a\x00" +
	"\x0e\x03\xdda\xf3a\xc9a\x00\x0e\x03\xdba\xfca\xeba\x00\x0e\x03\xdba\xfca\xf3a\x00\x0e\x04\xdea\xa4a" +
	"\xafa\xeda\x00\x0e\x03\xdea\xa4a\xeba\x00\x0e\x03\xdea\xc3a\xcfa\x00\x0e\x03\xdea\xeba\xafa\x00\x0e" +
	"\x05\xdea\xf3a\xb7a\xe7a\xf3a\x00\x0e\x04\xdfa\xafa\xeda\xf3a\x00\x0e\x02\xdfa\xeaa\x00\x0e\x05\xdfa" +
	"\xeaa\xd0a\xfca\xeba\x00\x0e\x02\xe1a\xaca\x00\x0e\x04\xe1a\xaca\xc8a\xf3a\x00\x0e\x04\xe1a\xfca\xc8" +
	"a\xeba\x00\x0e\x03\xe4a\xfca\xc9a\x00\x0e\x03\xe4a\xfca\xeba\x00\x0e\x03\xe6a\xa2a\xf3a\x00\x0e\x04" +
	"\xeaa\xc3a\xc8a\xeba\x00\x0e\x02\xeaa\xe9a\x00\x0e\x03\xeba\xd4a\xfca\x00\x0e\x04\xeba\xfca\xd6a\xeb" +
	"a\x00\x0e\x02\xeca\xe0a\x00\x0e\x05\xeca\xf3a\xc8a\xb2a\xf3a\x00\x0e\x03\xefa\xc3a\xc8a\x00\x10\x020" +
	"\xb9\xe1\x01\x00\x10\x021\xb9\xe1\x01\x00\x10\x022\xb9\xe1\x01\x00\x10\x023\xb9\xe1\x01\x00\x10\x024" +
	"\xb9\xe1\x01\x00\x10\x025\xb9\xe1\x01\x00\x10\x026\xb9\xe1\x01\x00\x10\x027\xb9\xe1\x01\x00\x10\x028" +
	"\xb9\xe1\x01\x00\x10\x029\xb9\xe1\x01\x00\x10\x0310\xb9\xe1\x01\x00\x10\x0311\xb9\xe1\x01\x00\x10" +
	"\x0312\xb9\xe1\x01\x00\x10\x0313\xb9\xe1\x01\x00\x10\x0314\xb9\xe1\x01\x00\x10\x0315\xb9\xe1\x01\x00" +
	"\x10\x0316\xb9\xe1\x01\x00\x10\x0317\xb9\xe1\x01\x00\x10\x0318\xb9\xe1\x01\x00\x10\x0319\xb9\xe1\x01" +
	"\x00\x10\x0320\xb9\xe1\x01\x00\x10\x0321\xb9\xe1\x01\x00\x10\x0322\xb9\xe1\x01\x00\x10\x0323\xb9\xe1" +
	"\x01\x00\x10\x0324\xb9\xe1\x01\x00\x0e\x03hPa\x00\x0e\x02da\x00\x0e\x02AU\x00\x0e\x03bar\x00\x0e\x02" +
	"oV\x00\x0e\x02pc\x00\x0e\x02dm\x00\x0e\x03dm\xb2\x01\x00\x0e\x03dm\xb3\x01\x00\x0e\x02IU\x00\x0e\x02" +
	"\xf3\xbc\x01\x90\xc4\x01\x00\x0e\x02\xad\xcc\x01\x8c\xa9\x01\x00\x0e\x02\xa7\xb2\x01\xe3\xd6\x01\x00" +
	"\x0e\x02\x8e\xcc\x01\xbb\xd9\x01\x00\x0e\x04\xaa\xd0\x01\x8f\xbe\x01\x9a\x9e\x01\xbe\xf2\x01\x00\x0e" +
	"\x02pA\x00\x0e\x02nA\x00\x0e\x02\xbc\x07A\x00\x0e\x02mA\x00\x0e\x02kA\x00\x0e\x02KB\x00\x0e\x02MB" +
	"\x00\x0e\x02GB\x00\x0e\x03cal\x00\x0e\x04kcal\x00\x0e\x02pF\x00\x0e\x02nF\x00\x0e\x02\xbc\x07F\x00" +
	"\x0e\x02\xbc\x07g\x00\x0e\x02mg\x00\x0e\x02kg\x00\x0e\x02Hz\x00\x0e\x03kHz\x00\x0e\x03MHz\x00\x0e" +
	"\x03GHz\x00\x0e\x03THz\x00\x0e\x02\xbc\x07\x93B\x00\x0e\x02m\x93B\x00\x0e\x02d\x93B\x00\x0e\x02k\x93" +
	"B\x00\x0e\x02fm\x00\x0e\x02nm\x00\x0e\x02\xbc\x07m\x00\x0e\x02mm\x00\x0e\x02cm\x00\x0e\x02km\x00\x0e" +
	"\x03mm\xb2\x01\x00\x0e\x03cm\xb2\x01\x00\x0e\x02m\xb2\x01\x00\x0e\x03km\xb2\x01\x00\x0e\x03mm\xb3" +
	"\x01\x00\x0e\x03cm\xb3\x01\x00\x0e\x02m\xb3\x01\x00\x0e\x03km\xb3\x01\x00\x0e\x03m\x95Ds\x00\x0e\x04" +
	"m\x95Ds\xb2\x01\x00\x0e\x02Pa\x00\x0e\x03kPa\x00\x0e\x03MPa\x00\x0e\x03GPa\x00\x0e\x03rad\x00\x0e" +
	"\x05rad\x95Ds\x00\x0e\x06rad\x95Ds\xb2\x01\x00\x0e\x02ps\x00\x0e\x02ns\x00\x0e\x02\xbc\x07s\x00\x0e" +
	"\x02ms\x00\x0e\x02pV\x00\x0e\x02nV\x00\x0e\x02\xbc\x07V\x00\x0e\x02mV\x00\x0e\x02kV\x00\x0e\x02MV" +
	"\x00\x0e\x02pW\x00\x0e\x02nW\x00\x0e\x02\xbc\x07W\x00\x0e\x02mW\x00\x0e\x02kW\x00\x0e\x02MW\x00\x0e" +
	"\x02k\xa9\x07\x00\x0e\x02M\xa9\x07\x00\x0e\x04a.m.\x00\x0e\x02Bq\x00\x0e\x02cc\x00\x0e\x02cd\x00\x0e" +
	"\x04C\x95Dkg\x00\x0e\x03Co.\x00\x0e\x02dB\x00\x0e\x02Gy\x00\x0e\x02ha\x00\x0e\x02HP\x00\x0e\x02in" +
	"\x00\x0e\x02KK\x00\x0e\x02KM\x00\x0e\x02kt\x00\x0e\x02lm\x00\x0e\x02ln\x00\x0e\x03log\x00\x0e\x02lx" +
	"\x00\x0e\x02mb\x00\x0e\x03mil\x00\x0e\x03mol\x00\x0e\x02PH\x00\x0e\x04p.m.\x00\x0e\x03PPM\x00\x0e" +
	"\x02PR\x00\x0e\x02sr\x00\x0e\x02Sv\x00\x0e\x02Wb\x00\x0e\x03V\x95Dm\x00\x0e\x03A\x95Dm\x00\x10\x021" +
	"\xe5\xcb\x01\x00\x10\x022\xe5\xcb\x01\x00\x10\x023\xe5\xcb\x01\x00\x10\x024\xe5\xcb\x01\x00\x10\x025" +
	"\xe5\xcb\x01\x00\x10\x026\xe5\xcb\x01\x00\x10\x027\xe5\xcb\x01\x00\x10\x028\xe5\xcb\x01\x00\x10\x029" +
	"\xe5\xcb\x01\x00\x10\x0310\xe5\xcb\x01\x00\x10\x0311\xe5\xcb\x01\x00\x10\x0312\xe5\xcb\x01\x00\x10" +
	"\x0313\xe5\xcb\x01\x00\x10\x0314\xe5\xcb\x01\x00\x10\x0315\xe5\xcb\x01\x00\x10\x0316\xe5\xcb\x01\x00" +
	"\x10\x0317\xe5\xcb\x01\x00\x10\x0318\xe5\xcb\x01\x00\x10\x0319\xe5\xcb\x01\x00\x10\x0320\xe5\xcb\x01" +
	"\x00\x10\x0321\xe5\xcb\x01\x00\x10\x0322\xe5\xcb\x01\x00\x10\x0323\xe5\xcb\x01\x00\x10\x0324\xe5\xcb" +
	"\x01\x00\x10\x0325\xe5\xcb\x01\x00\x10\x0326\xe5\xcb\x01\x00\x10\x0327\xe5\xcb\x01\x00\x10\x0328\xe5" +
	"\xcb\x01\x00\x10\x0329\xe5\xcb\x01\x00\x10\x0330\xe5\xcb\x01\x00\x10\x0331\xe5\xcb\x01\x00\x0e\x03ga" +
	"l\x9c\xe5\x01\x08\x01\xca\x08\x00\x08\x01\xcc\x08\xd2\x01\x08\x01\xef\xce\x02\x80\x01\x08\x01S\x00" +
	"\x08\x01C\x00\x08\x01F\x00\x08\x01Q\x03\x08\x01\xa6\x02\x00\x08\x01\xd3\x02\xe2\x06\x08\x01\xa7\xce" +
	"\x02\x00\x08\x01\xb7\xd6\x02\x00\x08\x01\xeb\x04\x00\x08\x01\xd2\xd6\x02\x09\x08\x01\x8d\x05\x96\x9b" +
	"\x01\x00\x01\xc8\x98\x02\x00\x00\x01\xf4\xcd\x01\x00\x00\x01\xca\x9d\x02\x00\x00\x01\xc8\x99\x02\x00" +
	"\x00\x01\xd1\xdd\x01\x00\x00\x01\xb2\x9c\x01\x00\x00\x01\xe5\xa7\x01\x00\x00\x01\x9c\xbf\x02\x00\x00" +
	"\x01\x9c\xbf\x02\x00\x00\x01\xd1\xb2\x01\x00\x00\x01\xd1\xa3\x02\x00\x00\x01\x87\xab\x01\x00\x00\x01" +
	"\xc8\xb2\x01\x00\x00\x01\xf6\xc3\x01\x00\x00\x01\xe9\xec\x01\x00\x00\x01\x85\xff\x01\x00\x00\x01\xbf" +
	"\x8c\x02\x00\x00\x01\xba\x8f\x02\x00\x00\x01\xf8\x91\x02\x00\x00\x01\x8f\xa1\x02\x00\x00\x01\x82\xd4" +
	"\x01\x00\x00\x01\x9b\xda\x01\x00\x00\x01\xd9\xe1\x01\x00\x00\x01\xde\xe7\x01\x00\x00\x01\xbd\x88\x02" +
	"\x00\x00\x01\xea\xa2\x02\x00\x00\x01\xf1\xb3\x02\x00\x00\x01\x82\x9d\x01\x00\x00\x01\xf5\xa6\x01\x00" +
	"\x00\x01\x84\xd6\x01\x00\x00\x01\x9b\xe4\x01\x00\x00\x01\xad\x8c\x02\x00\x00\x01\x9e\xbc\x02\x00\x00" +
	"\x01\xd0\xba\x01\x00\x00\x01\xeb\xdf\x01\x00\x00\x01\xcd\x8b\x02\x00\x00\x01\xe4\x92\x02\x00\x00\x01" +
	"\xc9\xc5\x01\x00\x00\x01\xd8\x83\x02\x00\x00\x01\x9f\x90\x02\x00\x00\x01\xca\xbd\x01\x00\x00\x01\x97" +
	"\xce\x01\x00\x00\x01\xea\xda\x01\x00\x00\x01\xfc\xe5\x01\x00\x00\x01\xce\xa1\x02\x00\x00\x01\x86\x9f" +
	"\x01\x00\x00\x01\xb7\xa3\x01\x00\x00\x01\xde\xa5\x01\x00\x00\x01\xc4\xc9\x01\x00\x00\x01\xd3\xd5\x01" +
	"\x00\x00\x01\x90\xe4\x01\x00\x00\x01\xe7\xed\x01\x00\x00\x01\x81\x80\x02\x00\x00\x01\x86\x8c\x02\x00" +
	"\x00\x01\xdc\x8c\x02\x00\x00\x01\xef\x9b\x02\x00\x00\x01\xb2\xae\x02\x00\x00\x01\xef\xb6\x02\x00\x00" +
	"\x01\xfa\xbb\x02\x00\x00\x01\x8c\xf1\x01\x00\x00\x01\xff\xf2\x01\x00\x00\x01\xa0\xfb\x01\x00\x00\x01" +
	"\xc9\x87\x02\x00\x00\x01\x84\xa6\x02\x00\x00\x01\xff\xbc\x02\x00\x00\x01\xd6\x95\x02\x00\x00\x01\xdf" +
	"\xb1\x01\x00\x00\x01\x84\xbe\x01\x00\x00\x01\xe0\xf8\x01\x00\x00\x01\xfe\x80\x02\x00\x00\x01\xe2\xe4" +
	"\x01\x00\x00\x01\xca\xf1\x01\x00\x00\x01\xc2\x99\x02\x00\x00\x01\xf7\xad\x02\x00\x00\x01\xd8\xb1\x01" +
	"\x00\x00\x01\xe2\xb8\x01\x00\x00\x01\x93\xd4\x01\x00\x00\x01\xda\xdb\x01\x00\x00\x01\x8f\xde\x01\x00" +
	"\x00\x01\xaf\xfa\x01\x00\x00\x01\xb7\xfc\x01\x00\x00\x01\xcb\xac\x02\x00\x00\x01\xd2\xa5\x01\x00\x00" +
	"\x01\x8b\x81\x02\x00\x00\x01\xdc\xa3\x01\x00\x00\x01\xcc\xa3\x01\x00\x00\x01\x9c\xf4\x01\x00\x00\x01" +
	"\xbe\xfb\x01\x00\x00\x01\xf1\x87\x02\x00\x00\x01\xf5\xac\x02\x00\x00\x01\x80\x97\x02\x00\x00\x01\xcf" +
	"\xc5\x01\x00\x00\x01\x82\xd4\x01\x00\x00\x01\xfe\x95\x02\x00\x00\x01\xb9\x9c\x01\x00\x00\x01\xe7\xb7" +
	"\x01\x00\x00\x01\x92\xc0\x01\x00\x00\x01\x87\xe7\x01\x00\x00\x01\xf0\xea\x01\x00\x00\x01\x97\xa6\x01" +
	"\x00\x00\x01\xfb\xf1\x01\x00\x00\x01\xbf\x9f\x01\x00\x00\x01\xa9\xbf\x01\x00\x00\x01\x8d\x9c\x01\x00" +
	"\x00\x01\xcc\xd9\x01\x00\x00\x01\xf8\xca\x01\x00\x00\x01\xa2\xfa\x01\x00\x00\x01\xc3\xa7\x01\x00\x00" +
	"\x01\xde\xb0\x01\x00\x00\x01\x81\xee\x01\x00\x00\x01\xc9\x88\x02\x00\x00\x01\xaa\x95\x02\x00\x00\x01" +
	"\xba\xd7\x01\x00\x00\x01\xb0\x9f\x02\x00\x00\x01\x88\xd9\x01\x00\x00\x01\xfe\xc5\x01\x00\x00\x01\xe5" +
	"\x85\x02\x00\x00\x01\xa0\xc7\x01\x00\x00\x01\xe5\xea\x01\x00\x00\x01\xae\x9d\x01\x00\x00\x01\xe9\xa2" +
	"\x01\x00\x00\x01\xc9\xa3\x01\x00\x00\x01\x81\xd1\x01\x00\x00\x01\xe7\xf9\x01\x00\x00\x01\xef\x84\x02" +
	"\x00\x00\x01\xd2\x95\x02\x00\x00\x01\xcf\xa3\x02\x00\x00\x01\xf5\xa5\x01\x00\x00\x01\xc2\xa8\x01\x00" +
	"\x00\x01\xf3\xb2\x01\x00\x00\x01\xec\xbd\x01\x00\x00\x01\xc5\xcb\x01\x00\x00\x01\xfe\xdf\x01\x00\x00" +
	"\x01\xaa\xf2\x01\x00\x00\x01\xad\xab\x02\x00\x00\x01\xea\xb4\x02\x00\x00\x01\x97\xbd\x02\x00\x00\x01" +
	"\xce\xbd\x02\x00\x00\x01\x9b\xa5\x01\x00\x00\x01\xc6\xcd\x01\x00\x00\x01\xf7\xd6\x01\x00\x00\x01\xe2" +
	"\x9e\x02\x00\x00\x01\xf4\xbc\x01\x00\x00\x01\x90\xc3\x01\x00\x00\x01\x80\xc4\x01\x00\x00\x01\x9a\xc9" +
	"\x01\x00\x00\x01\xa3\xde\x01\x00\x00\x01\xc9\xe2\x01\x00\x00\x01\x89\xe9\x01\x00\x00\x01\xca\xf3\x01" +
	"\x00\x00\x01\xf4\xfb\x01\x00\x00\x01\xef\x80\x02\x00\x00\x01\xa6\x9e\x02\x00\x00\x01\xee\x89\x02\x00" +
	"\x00\x01\xa3\xa0\x02\x00\x00\x01\xca\xa6\x02\x00\x00\x01\x97\xa4\x01\x00\x00\x01\xa3\xa5\x01\x00\x00" +
	"\x01\xbd\xa9\x01\x00\x00\x01\xc8\xe1\x01\x00\x00\x01\xc2\x91\x02\x00\x00\x01\xaa\x95\x02\x00\x00\x01" +
	"\xc9\xbd\x01\x00\x00\x01\xf5\xbf\x01\x00\x00\x01\xfb\xc6\x01\x00\x00\x01\xae\xd7\x01\x00\x00\x01\xbe" +
	"\xf8\x01\x00\x00\x01\xf5\xe6\x01\x00\x00\x01\xe4\x9d\x01\x00\x00\x01\xf9\xad\x01\x00\x00\x01\xe7\xb7" +
	"\x01\x00\x00\x01\xba\xbb\x01\x00\x00\x01\x9c\xc0\x01\x00\x00\x01\xb2\xe7\x01\x00\x00\x01\xe9\xe8\x01" +
	"\x00\x00\x01\x9a\xff\x01\x00\x00\x01\xc6\x80\x02\x00\x00\x01\xb4\xa4\x02\x00\x00\x01\xf6\xad\x02\x00" +
	"\x00\x01\xc8\xae\x02\x00\x00\x01\x98\xb0\x02\x00\x00\x01\x8b\x9f\x01\x00\x00\x01\xae\xf3\x01\x00\x00" +
	"\x01\xb4\xa3\x02\x00\x00\x01\xb8\xad\x02\x00\x00\x01\xe1\xc1\x01\x00\x00\x01\x86\x9d\x01\x00\x00\x01" +
	"\xda\xa1\x01\x00\x00\x01\xee\xb7\x01\x00\x00\x01\xbf\xb8\x01\x00\x00\x01\x99\xcb\x01\x00\x00\x01\x82" +
	"\xd4\x01\x00\x00\x01\xce\xe3\x01\x00\x00\x01\xc2\xec\x01\x00\x00\x01\xfc\x89\x02\x00\x00\x01\xfc\xa0" +
	"\x02\x00\x00\x01\x8d\xbf\x02\x00\x00\x01\x88\xcd\x01\x00\x00\x01\xae\xac\x02\x00\x00\x01\x89\xa5\x01" +
	"\x00\x00\x01\xfb\xce\x01\x00\x00\x01\xf3\xcf\x01\x00\x00\x01\xc1\xda\x01\x00\x00\x01\x9c\xdd\x01\x00" +
	"\x00\x01\x89\xe8\x01\x00\x00\x01\xd9\xea\x01\x00\x00\x01\xeb\xf0\x01\x00\x00\x01\x90\xfa\x01\x00\x00" +
	"\x01\xde\xb0\x02\x00\x00\x01\xed\xa2\x01\x00\x00\x01\xae\xc4\x01\x00\x00\x01\xf8\xac\x02\x00\x00\x01" +
	"\xab\xa0\x01\x00\x00\x01\x99\xba\x01\x00\x00\x01\xea\xdb\x01\x00\x00\x01\xaa\x9e\x02\x00\x00\x01\x8b" +
	"\xbf\x01\x00\x00\x01\xc4\xc2\x01\x00\x00\x01\x97\xd0\x01\x00\x00\x01\x87\xe7\x01\x00\x00\x01\x86\xad" +
	"\x02\x00\x00\x01\xa9\xa4\x01\x00\x00\x01\x8f\xa8\x01\x00\x00\x01\xe5\xb8\x01\x00\x00\x01\x93\xcc\x01" +
	"\x00\x00\x01\xce\xce\x01\x00\x00\x01\xa8\xd1\x01\x00\x00\x01\xe5\xd9\x01\x00\x00\x01\x86\xe8\x01\x00" +
	"\x00\x01\xe2\xeb\x01\x00\x00\x01\xf9\xfe\x01\x00\x00\x01\xcf\x91\x02\x00\x00\x01\xe1\x91\x02\x00\x00" +
	"\x01\xcc\xa3\x02\x00\x00\x01\xe2\xad\x02\x00\x00\x01\xbf\xa6\x01\x00\x00\x01\xba\xdd\x01\x00\x00\x01" +
	"\x9d\xa8\x01\x00\x00\x01\xd0\xe3\x01\x00\x00\x01\x98\xe9\x01\x00\x00\x01\xfa\x8b\x02\x00\x00\x01\xa3" +
	"\xad\x02\x00\x00\x01\xd7\xb8\x02\x00\x00\x01\x9f\xbd\x02\x00\x00\x01\x97\xcf\x01\x00\x00\x01\xcb\xdb" +
	"\x01\x00\x00\x01\xe8\x83\x02\x00\x00\x01\xcb\xf5\x01\x00\x00\x01\xa0\xf6\x01\x00\x00\x01\x92\xf9\x01" +
	"\x00\x00\x01\xc0\xe5\x01\x00\x00\x01\x99\xe1\x01\x00\x00\x01\xd8\x96\x02\x00\x00\x01\xc0\x9d\x01\x00" +
	"\x00\x01\xb6\x86\x02\x00\x00\x01\xba\xa4\x01\x00\x00\x01\x87\xa4\x01\x00\x00\x01\xa6\xbd\x01\x00\x00" +
	"\x01\xd3\xc5\x01\x00\x00\x01\xd6\xf9\x01\x00\x00\x01\x85\xb7\x01\x00\x00\x01\x9e\xda\x01\x00\x00\x01" +
	"\xb4\xcd\x01\x00\x00\x01\xbb\x9e\x02\x00\x00\x01\xcc\x90\x02\x00\x00\x01\xcd\xac\x02\x00\x00\x01\x8b" +
	"\x93\x02\x00\x00\x01\xd3\xbd\x01\x00\x00\x01\xc0\xa2\x01\x00\x00\x01\xc0\xab\x01\x02\x00\x01\xda\xb0" +
	"\x01\x01\x00\x01\xf4\xcc\x01\x02\x00\x01\xde\xa3\x01\x00\x00\x01\xaa\xe6\x01\x00\x00\x01\xca\xed\x01" +
	"\x00\x00\x01\xbc\xf2\x01\x00\x00\x01\xde\xf2\x01\x00\x00\x01\xe5\xf2\x01\x00\x00\x01\x8f\xf3\x01\x00" +
	"\x00\x01\xd6\xae\x02\x00\x00\x01\xbe\xf9\x01\x00\x00\x01\xbd\xff\x01\x01\x00\x01\x92\x8c\x02\x01\x00" +
	"\x01\xf8\x95\x02\x02\x00\x01\xb8\xa0\x02\x00\x00\x01\xfd\xa1\x02\x03\x00\x01\xef\xb1\x02\x00\x00\x01" +
	"\xfc\xb1\x02\x00\x00\x01\xa8\xb2\x02\x00\x00\x01\xb4\xbb\x02\x00\x00\x01\xde\xa1\x02\x00\x00\x01\xb7" +
	"\xad\x02\x00\x00\x01\xae\x9f\x01\x00\x00\x01\xe7\xa1\x01\x00\x00\x01\xcd\xa2\x01\x00\x00\x01\xc9\xa5" +
	"\x01\x00\x00\x01\xe4\xa5\x01\x00\x00\x01\xd1\xa6\x01\x00\x00\x01\x9d\xab\x01\x00\x00\x01\x86\xac\x01" +
	"\x00\x00\x01\xe8\xac\x01\x00\x00\x01\xc0\xb0\x01\x00\x00\x01\xa8\xb1\x01\x00\x00\x01\xe4\xb8\x01\x00" +
	"\x00\x01\xee\xb8\x01\x00\x00\x01\x94\xc1\x01\x00\x00\x01\xe8\xc2\x01\x00\x00\x01\x8e\xc3\x01\x00\x00" +
	"\x01\xf2\xc3\x01\x00\x00\x01\xcf\xca\x01\x00\x00\x01\xe2\xcb\x01\x00\x00\x01\x91\xcd\x01\x00\x00\x01" +
	"\x85\xd1\x01\x00\x00\x01\xf7\xda\x01\x00\x00\x01\x9a\xdc\x01\x00\x00\x01\xa2\xde\x01\x00\x00\x01\xee" +
	"\xe2\x01\x00\x00\x01\xab\xe4\x01\x00\x00\x01\xa2\xe8\x01\x00\x00\x01\x91\xf1\x01\x00\x00\x01\xbe\xf2" +
	"\x01\x00\x00\x01\xc9\xf2\x01\x00\x00\x01\xc8\xf2\x01\x00\x00\x01\xd0\xf2\x01\x00\x00\x01\xd6\xf2\x01" +
	"\x00\x00\x01\xdd\xf2\x01\x00\x00\x01\x8d\xf3\x01\x00\x00\x01\x8e\xf3\x01\x00\x00\x01\xc0\xf4\x01\x00" +
	"\x00\x01\x81\xf5\x01\x00\x00\x01\xc0\xf7\x01\x00\x00\x01\xf4\xfb\x01\x00\x00\x01\x89\xfc\x01\x00\x00" +
	"\x01\xc1\xfc\x01\x00\x00\x01\xf2\xfe\x01\x00\x00\x01\x85\x80\x02\x00\x00\x01\xed\x83\x02\x00\x00\x01" +
	"\xf9\x84\x02\x00\x00\x01\xf9\x84\x02\x00\x00\x01\xd7\x88\x02\x00\x00\x01\x90\x92\x02\x00\x00\x01\x96" +
	"\x93\x02\x00\x00\x01\x81\x96\x02\x00\x00\x01\xb9\x96\x02\x00\x00\x01\xd3\x99\x02\x00\x00\x01\x88\x9a" +
	"\x02\x00\x00\x01\xb6\x9f\x02\x00\x00\x01\xb8\xa0\x02\x00\x00\x01\xe3\xad\x02\x00\x00\x01\xff\xaf\x02" +
	"\x00\x00\x01\xbb\xb0\x02\x00\x00\x01\xf5\xc0\x01\x00\x00\x01\xee\x85\x09\x00\x00\x01\x98\x84\x02\x02" +
	"\x00\x01\xa6\x9c\x01\x00\x00\x01\xb5\xa3\x01\x00\x00\x01\xe8\xa2\x01\x00\x00\x01\x80\x9f\x01\x00\x00" +
	"\x01\xc5\xa2\x01\x00\x00\x01\x80\xa3\x01\x00\x00\x01\xc7\xa5\x01\x00\x00\x01\xfa\xa5\x01\x00\x00\x01" +
	"\x9d\xab\x01\x00\x00\x01\xd5\xaa\x01\x00\x00\x01\x99\xab\x01\x00\x00\x01\xe2\xab\x01\x00\x00\x01\xda" +
	"\xb0\x01\x00\x00\x01\xb3\xb1\x01\x00\x00\x01\xc4\xb2\x01\x00\x00\x01\xd4\xb2\x01\x00\x00\x01\xe2\xb4" +
	"\x01\x00\x00\x01\xa8\xb6\x01\x00\x00\x01\xd2\xbd\x01\x00\x00\x01\xd9\xbd\x01\x00\x00\x01\xe9\xbe\x01" +
	"\x00\x00\x01\xad\xbf\x01\x00\x00\x01\xd8\xc1\x01\x00\x00\x01\xce\xc2\x01\x00\x00\x01\x88\xc2\x01\x00" +
	"\x00\x01\x8e\xc3\x01\x00\x00\x01\xe0\xc2\x01\x00\x00\x01\xf2\xc3\x01\x00\x00\x01\xb4\xc4\x01\x00\x00" +
	"\x01\xc4\xc7\x01\x00\x00\x01\x9c\xc8\x01\x00\x00\x01\xd2\xc8\x01\x00\x00\x01\xd6\xca\x01\x00\x00\x01" +
	"\xf4\xcc\x01\x00\x00\x01\x97\xce\x01\x00\x00\x01\x9b\xce\x01\x00\x00\x01\xd6\xce\x01\x00\x00\x01\xf9" +
	"\xd6\x01\x00\x00\x01\xba\xd7\x01\x00\x00\x01\xc1\xda\x01\x00\x00\x01\xdb\xdd\x01\x00\x00\x01\xcb\xdd" +
	"\x01\x00\x00\x01\xa2\xde\x01\x00\x00\x01\x9e\xe0\x01\x00\x00\x01\xee\xe2\x01\x00\x00\x01\xa7\xef\x01" +
	"\x00\x00\x01\xb5\xe4\x01\x00\x00\x01\xaf\xe5\x01\x00\x00\x01\xaa\xe6\x01\x00\x00\x01\xf1\xe8\x01\x00" +
	"\x00\x01\x86\xea\x01\x00\x00\x01\xbb\xea\x01\x00\x00\x01\x9d\xec\x01\x00\x00\x01\x9f\xec\x01\x00\x00" +
	"\x01\xca\xed\x01\x00\x00\x01\xdb\xed\x01\x00\x00\x01\xf4\xed\x01\x00\x00\x01\xca\xee\x01\x00\x00\x01" +
	"\xc0\xee\x01\x00\x00\x01\xcc\xf1\x01\x00\x00\x01\xb1\xf5\x01\x00\x00\x01\xc0\xf7\x01\x00\x00\x01\xfb" +
	"\xf8\x01\x00\x00\x01\xdb\xfa\x01\x00\x00\x01\xf4\xfb\x01\x00\x00\x01\xbe\xfe\x01\x00\x00\x01\x85\x80" +
	"\x02\x00\x00\x01\xd2\x86\x02\x00\x00\x01\xef\x87\x02\x00\x00\x01\xf9\x8e\x02\x00\x00\x01\xc1\x92\x02" +
	"\x00\x00\x01\x86\x93\x02\x00\x00\x01\x96\x93\x02\x00\x00\x01\xbf\x95\x02\x00\x00\x01\xf8\x95\x02\x00" +
	"\x00\x01\xcb\x95\x02\x00\x00\x01\x81\x96\x02\x00\x00\x01\xfe\x95\x02\x00\x00\x01\xed\x95\x02\x00\x00" +
	"\x01\xb9\x96\x02\x00\x00\x01\x8a\x97\x02\x00\x00\x01\x88\x9a\x02\x00\x00\x01\xb8\x9e\x02\x00\x00\x01" +
	"\xf2\xa0\x02\x00\x00\x01\x99\xa3\x02\x00\x00\x01\xf6\xa4\x02\x00\x00\x01\xfc\xac\x02\x00\x00\x01\xe3" +
	"\xad\x02\x00\x00\x01\xd6\xae\x02\x00\x00\x01\xdb\xaf\x02\x00\x00\x01\xff\xaf\x02\x00\x00\x01\x8b\xb0" +
	"\x02\x00\x00\x01\xbb\xb0\x02\x00\x00\x01\x92\xb6\x02\x00\x00\x01\x9c\xbf\x02\x00\x00\x01\xca\xd0\x08" +
	"\x00\x00\x01\xc4\xd0\x08\x00\x00\x01\xd5\xe7\x08\x00\x00\x01\x9dw\x00\x00\x01\x98\x80\x01\x00\x00" +
	"\x01\xb9\x80\x01\x00\x00\x01\xc9\xa4\x09\x00\x00\x01\xd0\xb9\x09\x00\x00\x01\xd3\xfd\x09\x00\x00\x01" +
	"\xc3\xbe\x02\x00\x00\x01\x8e\xbf\x02&\x10\x02ff\x00\x10\x02fi\x00\x10\x02fl\x00\x10\x03ffi\x00\x10" +
	"\x03ffl\x00\x10\x02\xff\x02t\x00\x10\x02st\x0c\x10\x02\xf4\x0a\xf6\x0a\x00\x10\x02\xf4\x0a\xe5\x0a" +
	"\x00\x10\x02\xf4\x0a\xeb\x0a\x00\x10\x02\xfe\x0a\xf6\x0a\x00\x10\x02\xf4\x0a\xed\x0a\x05\x00\x02\xd9" +
	"\x0b\xb4\x0b\x01\x00\x02\xf2\x0b\xb7\x0b\x00\x01\x01\xe2\x0b\x00\x01\x01\xd0\x0b\x00\x01\x01\xd3\x0b" +
	"\x00\x01\x01\xd4\x0b\x00\x01\x01\xdb\x0b\x00\x01\x01\xdc\x0b\x00\x01\x01\xdd\x0b\x00\x01\x01\xe8\x0b" +
	"\x00\x01\x01\xea\x0b\x00\x01\x01+\x00\x00\x02\xe9\x0b\xc1\x0b\x00\x00\x02\xe9\x0b\xc2\x0b\x00\x00" +
	"\x02\xc9\xf6\x03\xc1\x0b\x00\x00\x02\xc9\xf6\x03\xc2\x0b\x00\x00\x02\xd0\x0b\xb7\x0b\x00\x00\x02\xd0" +
	"\x0b\xb8\x0b\x00\x00\x02\xd0\x0b\xbc\x0b\x00\x00\x02\xd1\x0b\xbc\x0b\x00\x00\x02\xd2\x0b\xbc\x0b\x00" +
	"\x00\x02\xd3\x0b\xbc\x0b\x00\x00\x02\xd4\x0b\xbc\x0b\x00\x00\x02\xd5\x0b\xbc\x0b\x00\x00\x02\xd6\x0b" +
	"\xbc\x0b\x01\x00\x02\xd8\x0b\xbc\x0b\x00\x00\x02\xd9\x0b\xbc\x0b\x00\x00\x02\xda\x0b\xbc\x0b\x00\x00" +
	"\x02\xdb\x0b\xbc\x0b\x00\x00\x02\xdc\x0b\xbc\x0b\x01\x00\x02\xde\x0b\xbc\x0b\x01\x00\x02\xe0\x0b\xbc" +
	"\x0b\x00\x00\x02\xe1\x0b\xbc\x0b\x01\x00\x02\xe3\x0b\xbc\x0b\x00\x00\x02\xe4\x0b\xbc\x0b\x01\x00\x02" +
	"\xe6\x0b\xbc\x0b\x00\x00\x02\xe7\x0b\xbc\x0b\x00\x00\x02\xe8\x0b\xbc\x0b\x00\x00\x02\xe9\x0b\xbc\x0b" +
	"\x00\x00\x02\xea\x0b\xbc\x0b\x00\x00\x02\xd5\x0b\xb9\x0b\x00\x00\x02\xd1\x0b\xbf\x0b\x00\x00\x02\xdb" +
	"\x0b\xbf\x0b\x00\x00\x02\xe4\x0b\xbf\x0b\x00\x10\x02\xd0\x0b\xdc\x0b\x00\x06\x01\xf1\x0c\x00\x05\x01" +
	"\xf1\x0c\x00\x06\x01\xfb\x0c\x00\x05\x01\xfb\x0c\x00\x03\x01\xfb\x0c\x00\x04\x01\xfb\x0c\x00\x06\x01" +
	"\xfe\x0c\x00\x05\x01\xfe\x0c\x00\x03\x01\xfe\x0c\x00\x04\x01\xfe\x0c\x00\x06\x01\x80\x0d\x00\x05\x01" +
	"\x80\x0d\x00\x03\x01\x80\x0d\x00\x04\x01\x80\x0d\x00\x06\x01\xfa\x0c\x00\x05\x01\xfa\x0c\x00\x03\x01" +
	"\xfa\x0c\x00\x04\x01\xfa\x0c\x00\x06\x01\xff\x0c\x00\x05\x01\xff\x0c\x00\x03\x01\xff\x0c\x00\x04\x01" +
	"\xff\x0c\x00\x06\x01\xf9\x0c\x00\x05\x01\xf9\x0c\x00\x03\x01\xf9\x0c\x00\x04\x01\xf9\x0c\x00\x06\x01" +
	"\xa4\x0d\x00\x05\x01\xa4\x0d\x00\x03\x01\xa4\x0d\x00\x04\x01\xa4\x0d\x00\x06\x01\xa6\x0d\x00\x05\x01" +
	"\xa6\x0d\x00\x03\x01\xa6\x0d\x00\x04\x01\xa6\x0d\x00\x06\x01\x84\x0d\x00\x05\x01\x84\x0d\x00\x03\x01" +
	"\x84\x0d\x00\x04\x01\x84\x0d\x00\x06\x01\x83\x0d\x00\x05\x01\x83\x0d\x00\x03\x01\x83\x0d\x00\x04\x01" +
	"\x83\x0d\x00\x06\x01\x86\x0d\x00\x05\x01\x86\x0d\x00\x03\x01\x86\x0d\x00\x04\x01\x86\x0d\x00\x06\x01" +
	"\x87\x0d\x00\x05\x01\x87\x0d\x00\x03\x01\x87\x0d\x00\x04\x01\x87\x0d\x00\x06\x01\x8d\x0d\x00\x05\x01" +
	"\x8d\x0d\x00\x06\x01\x8c\x0d\x00\x05\x01\x8c\x0d\x00\x06\x01\x8e\x0d\x00\x05\x01\x8e\x0d\x00\x06\x01" +
	"\x88\x0d\x00\x05\x01\x88\x0d\x00\x06\x01\x98\x0d\x00\x05\x01\x98\x0d\x00\x06\x01\x91\x0d\x00\x05\x01" +
	"\x91\x0d\x00\x06\x01\xa9\x0d\x00\x05\x01\xa9\x0d\x00\x03\x01\xa9\x0d\x00\x04\x01\xa9\x0d\x00\x06\x01" +
	"\xaf\x0d\x00\x05\x01\xaf\x0d\x00\x03\x01\xaf\x0d\x00\x04\x01\xaf\x0d\x00\x06\x01\xb3\x0d\x00\x05\x01" +
	"\xb3\x0d\x00\x03\x01\xb3\x0d\x00\x04\x01\xb3\x0d\x00\x06\x01\xb1\x0d\x00\x05\x01\xb1\x0d\x00\x03\x01" +
	"\xb1\x0d\x00\x04\x01\xb1\x0d\x00\x06\x01\xba\x0d\x00\x05\x01\xba\x0d\x00\x06\x01\xbb\x0d\x00\x05\x01" +
	"\xbb\x0d\x00\x03\x01\xbb\x0d\x00\x04\x01\xbb\x0d\x00\x06\x01\xc0\x0d\x00\x05\x01\xc0\x0d\x00\x06\x01" +
	"\xc1\x0d\x00\x05\x01\xc1\x0d\x00\x03\x01\xc1\x0d\x00\x04\x01\xc1\x0d\x00\x06\x01\xbe\x0d\x00\x05\x01" +
	"\xbe\x0d\x00\x03\x01\xbe\x0d\x00\x04\x01\xbe\x0d\x00\x06\x01\xd2\x0d\x00\x05\x01\xd2\x0d\x00\x06\x01" +
	"\xd3\x0d\x00\x05\x01\xd3\x0d!\x06\x01\xad\x0d\x00\x05\x01\xad\x0d\x00\x03\x01\xad\x0d\x00\x04\x01" +
	"\xad\x0d\x00\x06\x01\xc7\x0d\x00\x05\x01\xc7\x0d\x00\x06\x01\xc6\x0d\x00\x05\x01\xc6\x0d\x00\x06\x01" +
	"\xc8\x0d\x00\x05\x01\xc8\x0d\x00\x06\x01\xf7\x0c\x00\x06\x01\xcb\x0d\x00\x05\x01\xcb\x0d\x00\x06\x01" +
	"\xc5\x0d\x00\x05\x01\xc5\x0d\x00\x06\x01\xc9\x0d\x00\x05\x01\xc9\x0d\x00\x06\x01\xd0\x0d\x00\x05\x01" +
	"\xd0\x0d\x00\x03\x01\xd0\x0d\x00\x04\x01\xd0\x0d\x00\x03\x01\xc9\x0c\x00\x04\x01\xc9\x0c\x00\x06\x02" +
	"\xa6\x0c\xa7\x0c\x00\x05\x02\xa6\x0c\xa7\x0c\x00\x06\x02\xa6\x0c\xd5\x0d\x00\x05\x02\xa6\x0c\xd5\x0d" +
	"\x00\x06\x02\xa6\x0c\xc8\x0c\x00\x05\x02\xa6\x0c\xc8\x0c\x00\x06\x02\xa6\x0c\xc7\x0d\x00\x05\x02\xa6" +
	"\x0c\xc7\x0d\x00\x06\x02\xa6\x0c\xc6\x0d\x00\x05\x02\xa6\x0c\xc6\x0d\x00\x06\x02\xa6\x0c\xc8\x0d\x00" +
	"\x05\x02\xa6\x0c\xc8\x0d\x00\x06\x02\xa6\x0c\xd0\x0d\x00\x05\x02\xa6\x0c\xd0\x0d\x00\x03\x02\xa6\x0c" +
	"\xd0\x0d\x00\x06\x02\xa6\x0c\xc9\x0c\x00\x05\x02\xa6\x0c\xc9\x0c\x00\x03\x02\xa6\x0c\xc9\x0c\x00\x06" +
	"\x01\xcc\x0d\x00\x05\x01\xcc\x0d\x00\x03\x01\xcc\x0d\x00\x04\x01\xcc\x0d\x00\x06\x02\xa6\x0c\xac\x0c" +
	"\x00\x06\x02\xa6\x0c\xad\x0c\x00\x06\x02\xa6\x0c\xc5\x0c\x00\x06\x02\xa6\x0c\xc9\x0c\x00\x06\x02\xa6" +
	"\x0c\xca\x0c\x00\x06\x02\xa8\x0c\xac\x0c\x00\x06\x02\xa8\x0c\xad\x0c\x00\x06\x02\xa8\x0c\xae\x0c\x00" +
	"\x06\x02\xa8\x0c\xc5\x0c\x00\x06\x02\xa8\x0c\xc9\x0c\x00\x06\x02\xa8\x0c\xca\x0c\x00\x06\x02\xaa\x0c" +
	"\xac\x0c\x00\x06\x02\xaa\x0c\xad\x0c\x00\x06\x02\xaa\x0c\xae\x0c\x00\x06\x02\xaa\x0c\xc5\x0c\x00\x06" +
	"\x02\xaa\x0c\xc9\x0c\x00\x06\x02\xaa\x0c\xca\x0c\x00\x06\x02\xab\x0c\xac\x0c\x00\x06\x02\xab\x0c\xc5" +
	"\x0c\x00\x06\x02\xab\x0c\xc9\x0c\x00\x06\x02\xab\x0c\xca\x0c\x00\x06\x02\xac\x0c\xad\x0c\x00\x06\x02" +
	"\xac\x0c\xc5\x0c\x00\x06\x02\xad\x0c\xac\x0c\x00\x06\x02\xad\x0c\xc5\x0c\x00\x06\x02\xae\x0c\xac\x0c" +
	"\x00\x06\x02\xae\x0c\xad\x0c\x00\x06\x02\xae\x0c\xc5\x0c\x00\x06\x02\xb3\x0c\xac\x0c\x00\x06\x02\xb3" +
	"\x0c\xad\x0c\x00\x06\x02\xb3\x0c\xae\x0c\x00\x06\x02\xb3\x0c\xc5\x0c\x00\x06\x02\xb5\x0c\xad\x0c\x00" +
	"\x06\x02\xb5\x0c\xc5\x0c\x00\x06\x02\xb6\x0c\xac\x0c\x00\x06\x02\xb6\x0c\xad\x0c\x00\x06\x02\xb6\x0c" +
	"\xae\x0c\x00\x06\x02\xb6\x0c\xc5\x0c\x00\x06\x02\xb7\x0c\xad\x0c\x00\x06\x02\xb7\x0c\xc5\x0c\x00\x06" +
	"\x02\xb8\x0c\xc5\x0c\x00\x06\x02\xb9\x0c\xac\x0c\x00\x06\x02\xb9\x0c\xc5\x0c\x00\x06\x02\xba\x0c\xac" +
	"\x0c\x00\x06\x02\xba\x0c\xc5\x0c\x00\x06\x02\xc1\x0c\xac\x0c\x00\x06\x02\xc1\x0c\xad\x0c\x00\x06\x02" +
	"\xc1\x0c\xae\x0c\x00\x06\x02\xc1\x0c\xc5\x0c\x00\x06\x02\xc1\x0c\xc9\x0c\x00\x06\x02\xc1\x0c\xca\x0c" +
	"\x00\x06\x02\xc2\x0c\xad\x0c\x00\x06\x02\xc2\x0c\xc5\x0c\x00\x06\x02\xc2\x0c\xc9\x0c\x00\x06\x02\xc2" +
	"\x0c\xca\x0c\x00\x06\x02\xc3\x0c\xa7\x0c\x00\x06\x02\xc3\x0c\xac\x0c\x00\x06\x02\xc3\x0c\xad\x0c\x00" +
	"\x06\x02\xc3\x0c\xae\x0c\x00\x06\x02\xc3\x0c\xc4\x0c\x00\x06\x02\xc3\x0c\xc5\x0c\x00\x06\x02\xc3\x0c" +
	"\xc9\x0c\x00\x06\x02\xc3\x0c\xca\x0c\x00\x06\x02\xc4\x0c\xac\x0c\x00\x06\x02\xc4\x0c\xad\x0c\x00\x06" +
	"\x02\xc4\x0c\xae\x0c\x00\x06\x02\xc4\x0c\xc5\x0c\x00\x06\x02\xc4\x0c\xc9\x0c\x00\x06\x02\xc4\x0c\xca" +
	"\x0c\x00\x06\x02\xc5\x0c\xac\x0c\x00\x06\x02\xc5\x0c\xad\x0c\x00\x06\x02\xc5\x0c\xae\x0c\x00\x06\x02" +
	"\xc5\x0c\xc5\x0c\x00\x06\x02\xc5\x0c\xc9\x0c\x00\x06\x02\xc5\x0c\xca\x0c\x00\x06\x02\xc6\x0c\xac\x0c" +
	"\x00\x06\x02\xc6\x0c\xad\x0c\x00\x06\x02\xc6\x0c\xae\x0c\x00\x06\x02\xc6\x0c\xc5\x0c\x00\x06\x02\xc6" +
	"\x0c\xc9\x0c\x00\x06\x02\xc6\x0c\xca\x0c\x00\x06\x02\xc7\x0c\xac\x0c\x00\x06\x02\xc7\x0c\xc5\x0c\x00" +
	"\x06\x02\xc7\x0c\xc9\x0c\x00\x06\x02\xc7\x0c\xca\x0c\x00\x06\x02\xca\x0c\xac\x0c\x00\x06\x02\xca\x0c" +
	"\xad\x0c\x00\x06\x02\xca\x0c\xae\x0c\x00\x06\x02\xca\x0c\xc5\x0c\x00\x06\x02\xca\x0c\xc9\x0c\x00\x06" +
	"\x02\xca\x0c\xca\x0c\x00\x06\x02\xb0\x0c\xf0\x0c\x00\x06\x02\xb1\x0c\xf0\x0c\x00\x06\x02\xc9\x0c\xf0" +
	"\x0c\x00\x06\x03 \xcc\x0c\xd1\x0c\x00\x06\x03 \xcd\x0c\xd1\x0c\x00\x06\x03 \xce\x0c\xd1\x0c\x00\x06" +
	"\x03 \xcf\x0c\xd1\x0c\x00\x06\x03 \xd0\x0c\xd1\x0c\x00\x06\x03 \xd1\x0c\xf0\x0c\x00\x05\x02\xa6\x0c" +
	"\xb1\x0c\x00\x05\x02\xa6\x0c\xb2\x0c\x00\x05\x02\xa6\x0c\xc5\x0c\x00\x05\x02\xa6\x0c\xc6\x0c\x00\x05" +
	"\x02\xa6\x0c\xc9\x0c\x00\x05\x02\xa6\x0c\xca\x0c\x00\x05\x02\xa8\x0c\xb1\x0c\x00\x05\x02\xa8\x0c\xb2" +
	"\x0c\x00\x05\x02\xa8\x0c\xc5\x0c\x00\x05\x02\xa8\x0c\xc6\x0c\x00\x05\x02\xa8\x0c\xc9\x0c\x00\x05\x02" +
	"\xa8\x0c\xca\x0c\x00\x05\x02\xaa\x0c\xb1\x0c\x00\x05\x02\xaa\x0c\xb2\x0c\x00\x05\x02\xaa\x0c\xc5\x0c" +
	"\x00\x05\x02\xaa\x0c\xc6\x0c\x00\x05\x02\xaa\x0c\xc9\x0c\x00\x05\x02\xaa\x0c\xca\x0c\x00\x05\x02\xab" +
	"\x0c\xb1\x0c\x00\x05\x02\xab\x0c\xb2\x0c\x00\x05\x02\xab\x0c\xc5\x0c\x00\x05\x02\xab\x0c\xc6\x0c\x00" +
	"\x05\x02\xab\x0c\xc9\x0c\x00\x05\x02\xab\x0c\xca\x0c\x00\x05\x02\xc1\x0c\xc9\x0c\x00\x05\x02\xc1\x0c" +
	"\xca\x0c\x00\x05\x02\xc2\x0c\xc9\x0c\x00\x05\x02\xc2\x0c\xca\x0c\x00\x05\x02\xc3\x0c\xa7\x0c\x00\x05" +
	"\x02\xc3\x0c\xc4\x0c\x00\x05\x02\xc3\x0c\xc5\x0c\x00\x05\x02\xc3\x0c\xc9\x0c\x00\x05\x02\xc3\x0c\xca" +
	"\x0c\x00\x05\x02\xc4\x0c\xc5\x0c\x00\x05\x02\xc4\x0c\xc9\x0c\x00\x05\x02\xc4\x0c\xca\x0c\x00\x05\x02" +
	"\xc5\x0c\xa7\x0c\x00\x05\x02\xc5\x0c\xc5\x0c\x00\x05\x02\xc6\x0c\xb1\x0c\x00\x05\x02\xc6\x0c\xb2\x0c" +
	"\x00\x05\x02\xc6\x0c\xc5\x0c\x00\x05\x02\xc6\x0c\xc6\x0c\x00\x05\x02\xc6\x0c\xc9\x0c\x00\x05\x02\xc6" +
	"\x0c\xca\x0c\x00\x05\x02\xc9\x0c\xf0\x0c\x00\x05\x02\xca\x0c\xb1\x0c\x00\x05\x02\xca\x0c\xb2\x0c\x00" +
	"\x05\x02\xca\x0c\xc5\x0c\x00\x05\x02\xca\x0c\xc6\x0c\x00\x05\x02\xca\x0c\xc9\x0c\x00\x05\x02\xca\x0c" +
	"\xca\x0c\x00\x03\x02\xa6\x0c\xac\x0c\x00\x03\x02\xa6\x0c\xad\x0c\x00\x03\x02\xa6\x0c\xae\x0c\x00\x03" +
	"\x02\xa6\x0c\xc5\x0c\x00\x03\x02\xa6\x0c\xc7\x0c\x00\x03\x02\xa8\x0c\xac\x0c\x00\x03\x02\xa8\x0c\xad" +
	"\x0c\x00\x03\x02\xa8\x0c\xae\x0c\x00\x03\x02\xa8\x0c\xc5\x0c\x00\x03\x02\xa8\x0c\xc7\x0c\x00\x03\x02" +
	"\xaa\x0c\xac\x0c\x00\x03\x02\xaa\x0c\xad\x0c\x00\x03\x02\xaa\x0c\xae\x0c\x00\x03\x02\xaa\x0c\xc5\x0c" +
	"\x00\x03\x02\xaa\x0c\xc7\x0c\x00\x03\x02\xab\x0c\xc5\x0c\x00\x03\x02\xac\x0c\xad\x0c\x00\x03\x02\xac" +
	"\x0c\xc5\x0c\x00\x03\x02\xad\x0c\xac\x0c\x00\x03\x02\xad\x0c\xc5\x0c\x00\x03\x02\xae\x0c\xac\x0c\x00" +
	"\x03\x02\xae\x0c\xc5\x0c\x00\x03\x02\xb3\x0c\xac\x0c\x00\x03\x02\xb3\x0c\xad\x0c\x00\x03\x02\xb3\x0c" +
	"\xae\x0c\x00\x03\x02\xb3\x0c\xc5\x0c\x00\x03\x02\xb5\x0c\xad\x0c\x00\x03\x02\xb5\x0c\xae\x0c\x00\x03" +
	"\x02\xb5\x0c\xc5\x0c\x00\x03\x02\xb6\x0c\xac\x0c\x00\x03\x02\xb6\x0c\xad\x0c\x00\x03\x02\xb6\x0c\xae" +
	"\x0c\x00\x03\x02\xb6\x0c\xc5\x0c\x00\x03\x02\xb7\x0c\xad\x0c\x00\x03\x02\xb8\x0c\xc5\x0c\x00\x03\x02" +
	"\xb9\x0c\xac\x0c\x00\x03\x02\xb9\x0c\xc5\x0c\x00\x03\x02\xba\x0c\xac\x0c\x00\x03\x02\xba\x0c\xc5\x0c" +
	"\x00\x03\x02\xc1\x0c\xac\x0c\x00\x03\x02\xc1\x0c\xad\x0c\x00\x03\x02\xc1\x0c\xae\x0c\x00\x03\x02\xc1" +
	"\x0c\xc5\x0c\x00\x03\x02\xc2\x0c\xad\x0c\x00\x03\x02\xc2\x0c\xc5\x0c\x00\x03\x02\xc3\x0c\xac\x0c\x00" +
	"\x03\x02\xc3\x0c\xad\x0c\x00\x03\x02\xc3\x0c\xae\x0c\x00\x03\x02\xc3\x0c\xc4\x0c\x00\x03\x02\xc3\x0c" +
	"\xc5\x0c\x00\x03\x02\xc4\x0c\xac\x0c\x00\x03\x02\xc4\x0c\xad\x0c\x00\x03\x02\xc4\x0c\xae\x0c\x00\x03" +
	"\x02\xc4\x0c\xc5\x0c\x00\x03\x02\xc4\x0c\xc7\x0c\x00\x03\x02\xc5\x0c\xac\x0c\x00\x03\x02\xc5\x0c\xad" +
	"\x0c\x00\x03\x02\xc5\x0c\xae\x0c\x00\x03\x02\xc5\x0c\xc5\x0c\x00\x03\x02\xc6\x0c\xac\x0c\x00\x03\x02" +
	"\xc6\x0c\xad\x0c\x00\x03\x02\xc6\x0c\xae\x0c\x00\x03\x02\xc6\x0c\xc5\x0c\x00\x03\x02\xc6\x0c\xc7\x0c" +
	"\x00\x03\x02\xc7\x0c\xac\x0c\x00\x03\x02\xc7\x0c\xc5\x0c\x00\x03\x02\xc7\x0c\xf0\x0c\x00\x03\x02\xca" +
	"\x0c\xac\x0c\x00\x03\x02\xca\x0c\xad\x0c\x00\x03\x02\xca\x0c\xae\x0c\x00\x03\x02\xca\x0c\xc5\x0c\x00" +
	"\x03\x02\xca\x0c\xc7\x0c\x00\x04\x02\xa6\x0c\xc5\x0c\x00\x04\x02\xa6\x0c\xc7\x0c\x00\x04\x02\xa8\x0c" +
	"\xc5\x0c\x00\x04\x02\xa8\x0c\xc7\x0c\x00\x04\x02\xaa\x0c\xc5\x0c\x00\x04\x02\xaa\x0c\xc7\x0c\x00\x04" +
	"\x02\xab\x0c\xc5\x0c\x00\x04\x02\xab\x0c\xc7\x0c\x00\x04\x02\xb3\x0c\xc5\x0c\x00\x04\x02\xb3\x0c\xc7" +
	"\x0c\x00\x04\x02\xb4\x0c\xc5\x0c\x00\x04\x02\xb4\x0c\xc7\x0c\x00\x04\x02\xc3\x0c\xc4\x0c\x00\x04\x02" +
	"\xc3\x0c\xc5\x0c\x00\x04\x02\xc4\x0c\xc5\x0c\x00\x04\x02\xc6\x0c\xc5\x0c\x00\x04\x02\xc6\x0c\xc7\x0c" +
	"\x00\x04\x02\xca\x0c\xc5\x0c\x00\x04\x02\xca\x0c\xc7\x0c\x00\x04\x03\xc0\x0c\xce\x0c\xd1\x0c\x00\x04" +
	"\x03\xc0\x0c\xcf\x0c\xd1\x0c\x00\x04\x03\xc0\x0c\xd0\x0c\xd1\x0c\x00\x06\x02\xb7\x0c\xc9\x0c\x00\x06" +
	"\x02\xb7\x0c\xca\x0c\x00\x06\x02\xb9\x0c\xc9\x0c\x00\x06\x02\xb9\x0c\xca\x0c\x00\x06\x02\xba\x0c\xc9" +
	"\x0c\x00\x06\x02\xba\x0c\xca\x0c\x00\x06\x02\xb3\x0c\xc9\x0c\x00\x06\x02\xb3\x0c\xca\x0c\x00\x06\x02" +
	"\xb4\x0c\xc9\x0c\x00\x06\x02\xb4\x0c\xca\x0c\x00\x06\x02\xad\x0c\xc9\x0c\x00\x06\x02\xad\x0c\xca\x0c" +
	"\x00\x06\x02\xac\x0c\xc9\x0c\x00\x06\x02\xac\x0c\xca\x0c\x00\x06\x02\xae\x0c\xc9\x0c\x00\x06\x02\xae" +
	"\x0c\xca\x0c\x00\x06\x02\xb5\x0c\xc9\x0c\x00\x06\x02\xb5\x0c\xca\x0c\x00\x06\x02\xb6\x0c\xc9\x0c\x00" +
	"\x06\x02\xb6\x0c\xca\x0c\x00\x06\x02\xb4\x0c\xac\x0c\x00\x06\x02\xb4\x0c\xad\x0c\x00\x06\x02\xb4\x0c" +
	"\xae\x0c\x00\x06\x02\xb4\x0c\xc5\x0c\x00\x06\x02\xb4\x0c\xb1\x0c\x00\x06\x02\xb3\x0c\xb1\x0c\x00\x06" +
	"\x02\xb5\x0c\xb1\x0c\x00\x06\x02\xb6\x0c\xb1\x0c\x00\x05\x02\xb7\x0c\xc9\x0c\x00\x05\x02\xb7\x0c\xca" +
	"\x0c\x00\x05\x02\xb9\x0c\xc9\x0c\x00\x05\x02\xb9\x0c\xca\x0c\x00\x05\x02\xba\x0c\xc9\x0c\x00\x05\x02" +
	"\xba\x0c\xca\x0c\x00\x05\x02\xb3\x0c\xc9\x0c\x00\x05\x02\xb3\x0c\xca\x0c\x00\x05\x02\xb4\x0c\xc9\x0c" +
	"\x00\x05\x02\xb4\x0c\xca\x0c\x00\x05\x02\xad\x0c\xc9\x0c\x00\x05\x02\xad\x0c\xca\x0c\x00\x05\x02\xac" +
	"\x0c\xc9\x0c\x00\x05\x02\xac\x0c\xca\x0c\x00\x05\x02\xae\x0c\xc9\x0c\x00\x05\x02\xae\x0c\xca\x0c\x00" +
	"\x05\x02\xb5\x0c\xc9\x0c\x00\x05\x02\xb5\x0c\xca\x0c\x00\x05\x02\xb6\x0c\xc9\x0c\x00\x05\x02\xb6\x0c" +
	"\xca\x0c\x00\x05\x02\xb4\x0c\xac\x0c\x00\x05\x02\xb4\x0c\xad\x0c\x00\x05\x02\xb4\x0c\xae\x0c\x00\x05" +
	"\x02\xb4\x0c\xc5\x0c\x00\x05\x02\xb4\x0c\xb1\x0c\x00\x05\x02\xb3\x0c\xb1\x0c\x00\x05\x02\xb5\x0c\xb1" +
	"\x0c\x00\x05\x02\xb6\x0c\xb1\x0c\x00\x03\x02\xb4\x0c\xac\x0c\x00\x03\x02\xb4\x0c\xad\x0c\x00\x03\x02" +
	"\xb4\x0c\xae\x0c\x00\x03\x02\xb4\x0c\xc5\x0c\x00\x03\x02\xb3\x0c\xc7\x0c\x00\x03\x02\xb4\x0c\xc7\x0c" +
	"\x00\x03\x02\xb7\x0c\xc5\x0c\x00\x04\x02\xb3\x0c\xac\x0c\x00\x04\x02\xb3\x0c\xad\x0c\x00\x04\x02\xb3" +
	"\x0c\xae\x0c\x00\x04\x02\xb4\x0c\xac\x0c\x00\x04\x02\xb4\x0c\xad\x0c\x00\x04\x02\xb4\x0c\xae\x0c\x00" +
	"\x04\x02\xb7\x0c\xc5\x0c\x00\x04\x02\xb8\x0c\xc5\x0c\x00\x05\x02\xa7\x0c\xcb\x0c\x00\x06\x02\xa7\x0c" +
	"\xcb\x0c\x12\x03\x03\xaa\x0c\xac\x0c\xc5\x0c\x00\x05\x03\xaa\x0c\xad\x0c\xac\x0c\x00\x03\x03\xaa\x0c" +
	"\xad\x0c\xac\x0c\x00\x03\x03\xaa\x0c\xad\x0c\xc5\x0c\x00\x03\x03\xaa\x0c\xae\x0c\xc5\x0c\x00\x03\x03" +
	"\xaa\x0c\xc5\x0c\xac\x0c\x00\x03\x03\xaa\x0c\xc5\x0c\xad\x0c\x00\x03\x03\xaa\x0c\xc5\x0c\xae\x0c\x00" +
	"\x05\x03\xac\x0c\xc5\x0c\xad\x0c\x00\x03\x03\xac\x0c\xc5\x0c\xad\x0c\x00\x05\x03\xad\x0c\xc5\x0c\xca" +
	"\x0c\x00\x05\x03\xad\x0c\xc5\x0c\xc9\x0c\x00\x03\x03\xb3\x0c\xad\x0c\xac\x0c\x00\x03\x03\xb3\x0c\xac" +
	"\x0c\xad\x0c\x00\x05\x03\xb3\x0c\xac\x0c\xc9\x0c\x00\x05\x03\xb3\x0c\xc5\x0c\xad\x0c\x00\x03\x03\xb3" +
	"\x0c\xc5\x0c\xad\x0c\x00\x03\x03\xb3\x0c\xc5\x0c\xac\x0c\x00\x05\x03\xb3\x0c\xc5\x0c\xc5\x0c\x00\x03" +
	"\x03\xb3\x0c\xc5\x0c\xc5\x0c\x00\x05\x03\xb5\x0c\xad\x0c\xad\x0c\x00\x03\x03\xb5\x0c\xad\x0c\xad\x0c" +
	"\x00\x05\x03\xb5\x0c\xc5\x0c\xc5\x0c\x00\x05\x03\xb4\x0c\xad\x0c\xc5\x0c\x00\x03\x03\xb4\x0c\xad\x0c" +
	"\xc5\x0c\x00\x05\x03\xb4\x0c\xac\x0c\xca\x0c\x00\x05\x03\xb4\x0c\xc5\x0c\xae\x0c\x00\x03\x03\xb4\x0c" +
	"\xc5\x0c\xae\x0c\x00\x05\x03\xb4\x0c\xc5\x0c\xc5\x0c\x00\x03\x03\xb4\x0c\xc5\x0c\xc5\x0c\x00\x05\x03" +
	"\xb6\x0c\xad\x0c\xc9\x0c\x00\x05\x03\xb6\x0c\xae\x0c\xc5\x0c\x00\x03\x03\xb6\x0c\xae\x0c\xc5\x0c\x00" +
	"\x05\x03\xb7\x0c\xc5\x0c\xad\x0c\x00\x03\x03\xb7\x0c\xc5\x0c\xad\x0c\x00\x03\x03\xb7\x0c\xc5\x0c\xc5" +
	"\x0c\x00\x05\x03\xb7\x0c\xc5\x0c\xca\x0c\x00\x05\x03\xb9\x0c\xac\x0c\xc5\x0c\x00\x05\x03\xb9\x0c\xc5" +
	"\x0c\xc5\x0c\x00\x03\x03\xb9\x0c\xc5\x0c\xc5\x0c\x00\x05\x03\xb9\x0c\xc5\x0c\xc9\x0c\x00\x05\x03\xba" +
	"\x0c\xc5\x0c\xc5\x0c\x00\x05\x03\xba\x0c\xc5\x0c\xca\x0c\x00\x05\x03\xba\x0c\xc5\x0c\xc9\x0c\x00\x05" +
	"\x03\xc1\x0c\xae\x0c\xc5\x0c\x00\x03\x03\xc1\x0c\xae\x0c\xc5\x0c\x00\x05\x03\xc2\x0c\xc5\x0c\xad\x0c" +
	"\x00\x05\x03\xc2\x0c\xc5\x0c\xc5\x0c\x00\x05\x03\xc4\x0c\xad\x0c\xc5\x0c\x00\x05\x03\xc4\x0c\xad\x0c" +
	"\xca\x0c\x00\x05\x03\xc4\x0c\xad\x0c\xc9\x0c\x00\x03\x03\xc4\x0c\xac\x0c\xac\x0c\x00\x05\x03\xc4\x0c" +
	"\xac\x0c\xac\x0c\x00\x05\x03\xc4\x0c\xae\x0c\xc5\x0c\x00\x03\x03\xc4\x0c\xae\x0c\xc5\x0c\x00\x05\x03" +
	"\xc4\x0c\xc5\x0c\xad\x0c\x00\x03\x03\xc4\x0c\xc5\x0c\xad\x0c\x00\x03\x03\xc5\x0c\xad\x0c\xac\x0c\x00" +
	"\x03\x03\xc5\x0c\xad\x0c\xc5\x0c\x00\x05\x03\xc5\x0c\xad\x0c\xca\x0c\x00\x03\x03\xc5\x0c\xac\x0c\xad" +
	"\x0c\x00\x03\x03\xc5\x0c\xac\x0c\xc5\x0c\x00\x03\x03\xc5\x0c\xae\x0c\xac\x0c\x00\x03\x03\xc5\x0c\xae" +
	"\x0c\xc5\x0c\x02\x03\x03\xc5\x0c\xac\x0c\xae\x0c\x00\x03\x03\xc7\x0c\xc5\x0c\xac\x0c\x00\x03\x03\xc7" +
	"\x0c\xc5\x0c\xc5\x0c\x00\x03\x03\xc6\x0c\xad\x0c\xc5\x0c\x00\x05\x03\xc6\x0c\xad\x0c\xc9\x0c\x00\x05" +
	"\x03\xc6\x0c\xac\x0c\xc5\x0c\x00\x03\x03\xc6\x0c\xac\x0c\xc5\x0c\x00\x05\x03\xc6\x0c\xac\x0c\xc9\x0c" +
	"\x00\x05\x03\xc6\x0c\xc5\x0c\xca\x0c\x00\x05\x03\xc6\x0c\xc5\x0c\xc9\x0c\x00\x05\x03\xca\x0c\xc5\x0c" +
	"\xc5\x0c\x00\x03\x03\xca\x0c\xc5\x0c\xc5\x0c\x00\x05\x03\xa8\x0c\xae\x0c\xca\x0c\x00\x05\x03\xaa\x0c" +
	"\xac\x0c\xca\x0c\x00\x05\x03\xaa\x0c\xac\x0c\xc9\x0c\x00\x05\x03\xaa\x0c\xae\x0c\xca\x0c\x00\x05\x03" +
	"\xaa\x0c\xae\x0c\xc9\x0c\x00\x05\x03\xaa\x0c\xc5\x0c\xca\x0c\x00\x05\x03\xaa\x0c\xc5\x0c\xc9\x0c\x00" +
	"\x05\x03\xac\x0c\xc5\x0c\xca\x0c\x00\x05\x03\xac\x0c\xad\x0c\xc9\x0c\x00\x05\x03\xac\x0c\xc5\x0c\xc9" +
	"\x0c\x00\x05\x03\xb3\x0c\xae\x0c\xc9\x0c\x00\x05\x03\xb5\x0c\xad\x0c\xca\x0c\x00\x05\x03\xb4\x0c\xad" +
	"\x0c\xca\x0c\x00\x05\x03\xb6\x0c\xad\x0c\xca\x0c\x00\x05\x03\xc4\x0c\xac\x0c\xca\x0c\x00\x05\x03\xc4" +
	"\x0c\xc5\x0c\xca\x0c\x00\x05\x03\xca\x0c\xad\x0c\xca\x0c\x00\x05\x03\xca\x0c\xac\x0c\xca\x0c\x00\x05" +
	"\x03\xca\x0c\xc5\x0c\xca\x0c\x00\x05\x03\xc5\x0c\xc5\x0c\xca\x0c\x00\x05\x03\xc2\x0c\xc5\x0c\xca\x0c" +
	"\x00\x05\x03\xc6\x0c\xad\x0c\xca\x0c\x00\x03\x03\xc2\x0c\xc5\x0c\xad\x0c\x00\x03\x03\xc4\x0c\xad\x0c" +
	"\xc5\x0c\x00\x05\x03\xb9\x0c\xc5\x0c\xca\x0c\x00\x05\x03\xc3\x0c\xc5\x0c\xca\x0c\x00\x03\x03\xc6\x0c" +
	"\xac\x0c\xad\x0c\x00\x05\x03\xc5\x0c\xae\x0c\xca\x0c\x00\x03\x03\xc4\x0c\xac\x0c\xc5\x0c\x00\x05\x03" +
	"\xc3\x0c\xc5\x0c\xc5\x0c\x00\x05\x03\xc4\x0c\xac\x0c\xc5\x0c\x00\x05\x03\xc6\x0c\xac\x0c\xad\x0c\x00" +
	"\x05\x03\xac\x0c\xad\x0c\xca\x0c\x00\x05\x03\xad\x0c\xac\x0c\xca\x0c\x00\x05\x03\xc5\x0c\xac\x0c\xca" +
	"\x0c\x00\x05\x03\xc1\x0c\xc5\x0c\xca\x0c\x00\x05\x03\xa8\x0c\xad\x0c\xca\x0c\x00\x03\x03\xc3\x0c\xc5" +
	"\x0c\xc5\x0c\x00\x03\x03\xb9\x0c\xac\x0c\xc5\x0c\x00\x03\x03\xb5\x0c\xc5\x0c\xc5\x0c\x00\x05\x03\xb3" +
	"\x0c\xae\x0c\xca\x0c\x00\x05\x03\xc6\x0c\xac\x0c\xca\x0c(\x06\x03\xb5\x0c\xc4\x0c\xd2\x0d\x00\x06" +
	"\x03\xc2\x0c\xc4\x0c\xd2\x0d\x00\x06\x04\xa7\x0c\xc4\x0c\xc4\x0c\xc7\x0c\x00\x06\x04\xa7\x0c\xc3\x0c" +
	"\xa8\x0c\xb1\x0c\x00\x06\x04\xc5\x0c\xad\x0c\xc5\x0c\xaf\x0c\x00\x06\x04\xb5\x0c\xc4\x0c\xb9\x0c\xc5" +
	"\x0c\x00\x06\x04\xb1\x0c\xb3\x0c\xc8\x0c\xc4\x0c\x00\x06\x04\xb9\x0c\xc4\x0c\xca\x0c\xc7\x0c\x00\x06" +
	"\x04\xc8\x0c\xb3\x0c\xc4\x0c\xc5\x0c\x00\x06\x03\xb5\x0c\xc4\x0c\xc9\x0c\x00\x06\x12\xb5\x0c\xc4\x0c" +
	"\xc9\x0c \xa7\x0c\xc4\x0c\xc4\x0c\xc7\x0c \xb9\x0c\xc4\x0c\xca\x0c\xc7\x0c \xc8\x0c\xb3\x0c\xc4\x0c" +
	"\xc5\x0c\x00\x06\x08\xac\x0c\xc4\x0c \xac\x0c\xc4\x0c\xa7\x0c\xc4\x0c\xc7\x0c\x00\x06\x04\xb1\x0c" +
	"\xcc\x0d\xa7\x0c\xc4\x0c\x13\x0a\x01,\x00\x0a\x01\x81`\x00\x0a\x01\x82`\x00\x0a\x01:\x00\x0a\x01;" +
	"\x00\x0a\x01!\x00\x0a\x01?\x00\x0a\x01\x96`\x00\x0a\x01\x97`\x00\x0a\x01\xa6@\x16\x0a\x01\xa5@\x00" +
	"\x0a\x01\x94@\x00\x0a\x01\x93@\x00\x0a\x01_\x00\x0a\x01_\x00\x0a\x01(\x00\x0a\x01)\x00\x0a\x01{\x00" +
	"\x0a\x01}\x00\x0a\x01\x94`\x00\x0a\x01\x95`\x00\x0a\x01\x90`\x00\x0a\x01\x91`\x00\x0a\x01\x8a`\x00" +
	"\x0a\x01\x8b`\x00\x0a\x01\x88`\x00\x0a\x01\x89`\x00\x0a\x01\x8c`\x00\x0a\x01\x8d`\x00\x0a\x01\x8e`" +
	"\x00\x0a\x01\x8f`\x02\x0a\x01[\x00\x0a\x01]\x00\x10\x01\xbe@\x00\x10\x01\xbe@\x00\x10\x01\xbe@\x00" +
	"\x10\x01\xbe@\x00\x10\x01_\x00\x10\x01_\x00\x10\x01_\x00\x0d\x01,\x00\x0d\x01\x81`\x00\x0d\x01.\x01" +
	"\x0d\x01;\x00\x0d\x01:\x00\x0d\x01?\x00\x0d\x01!\x00\x0d\x01\x94@\x00\x0d\x01(\x00\x0d\x01)\x00\x0d" +
	"\x01{\x00\x0d\x01}\x00\x0d\x01\x94`\x00\x0d\x01\x95`\x00\x0d\x01#\x00\x0d\x01&\x00\x0d\x01*\x00\x0d" +
	"\x01+\x00\x0d\x01-\x00\x0d\x01<\x00\x0d\x01>\x00\x0d\x01=\x01\x0d\x01\\\x00\x0d\x01$\x00\x0d\x01%" +
	"\x00\x0d\x01@\x04\x06\x02 \xcb\x0c\x00\x04\x02\xc0\x0c\xcb\x0c\x00\x06\x02 \xcc\x0c\x01\x06\x02 \xcd" +
	"\x0c\x01\x06\x02 \xce\x0c\x00\x04\x02\xc0\x0c\xce\x0c\x00\x06\x02 \xcf\x0c\x00\x04\x02\xc0\x0c\xcf" +
	"\x0c\x00\x06\x02 \xd0\x0c\x00\x04\x02\xc0\x0c\xd0\x0c\x00\x06\x02 \xd1\x0c\x00\x04\x02\xc0\x0c\xd1" +
	"\x0c\x00\x06\x02 \xd2\x0c\x00\x04\x02\xc0\x0c\xd2\x0c\x00\x06\x01\xa1\x0c\x00\x06\x01\xa2\x0c\x00" +
	"\x05\x01\xa2\x0c\x00\x06\x01\xa3\x0c\x00\x05\x01\xa3\x0c\x00\x06\x01\xa4\x0c\x00\x05\x01\xa4\x0c\x00" +
	"\x06\x01\xa5\x0c\x00\x05\x01\xa5\x0c\x00\x06\x01\xa6\x0c\x00\x05\x01\xa6\x0c\x00\x03\x01\xa6\x0c\x00" +
	"\x04\x01\xa6\x0c\x00\x06\x01\xa7\x0c\x00\x05\x01\xa7\x0c\x00\x06\x01\xa8\x0c\x00\x05\x01\xa8\x0c\x00" +
	"\x03\x01\xa8\x0c\x00\x04\x01\xa8\x0c\x00\x06\x01\xa9\x0c\x00\x05\x01\xa9\x0c\x00\x06\x01\xaa\x0c\x00" +
	"\x05\x01\xaa\x0c\x00\x03\x01\xaa\x0c\x00\x04\x01\xaa\x0c\x00\x06\x01\xab\x0c\x00\x05\x01\xab\x0c\x00" +
	"\x03\x01\xab\x0c\x00\x04\x01\xab\x0c\x00\x06\x01\xac\x0c\x00\x05\x01\xac\x0c\x00\x03\x01\xac\x0c\x00" +
	"\x04\x01\xac\x0c\x00\x06\x01\xad\x0c\x00\x05\x01\xad\x0c\x00\x03\x01\xad\x0c\x00\x04\x01\xad\x0c\x00" +
	"\x06\x01\xae\x0c\x00\x05\x01\xae\x0c\x00\x03\x01\xae\x0c\x00\x04\x01\xae\x0c\x00\x06\x01\xaf\x0c\x00" +
	"\x05\x01\xaf\x0c\x00\x06\x01\xb0\x0c\x00\x05\x01\xb0\x0c\x00\x06\x01\xb1\x0c\x00\x05\x01\xb1\x0c\x00" +
	"\x06\x01\xb2\x0c\x00\x05\x01\xb2\x0c\x00\x06\x01\xb3\x0c\x00\x05\x01\xb3\x0c\x00\x03\x01\xb3\x0c\x00" +
	"\x04\x01\xb3\x0c\x00\x06\x01\xb4\x0c\x00\x05\x01\xb4\x0c\x00\x03\x01\xb4\x0c\x00\x04\x01\xb4\x0c\x00" +
	"\x06\x01\xb5\x0c\x00\x05\x01\xb5\x0c\x00\x03\x01\xb5\x0c\x00\x04\x01\xb5\x0c\x00\x06\x01\xb6\x0c\x00" +
	"\x05\x01\xb6\x0c\x00\x03\x01\xb6\x0c\x00\x04\x01\xb6\x0c\x00\x06\x01\xb7\x0c\x00\x05\x01\xb7\x0c\x00" +
	"\x03\x01\xb7\x0c\x00\x04\x01\xb7\x0c\x00\x06\x01\xb8\x0c\x00\x05\x01\xb8\x0c\x00\x03\x01\xb8\x0c\x00" +
	"\x04\x01\xb8\x0c\x00\x06\x01\xb9\x0c\x00\x05\x01\xb9\x0c\x00\x03\x01\xb9\x0c\x00\x04\x01\xb9\x0c\x00" +
	"\x06\x01\xba\x0c\x00\x05\x01\xba\x0c\x00\x03\x01\xba\x0c\x00\x04\x01\xba\x0c\x00\x06\x01\xc1\x0c\x00" +
	"\x05\x01\xc1\x0c\x00\x03\x01\xc1\x0c\x00\x04\x01\xc1\x0c\x00\x06\x01\xc2\x0c\x00\x05\x01\xc2\x0c\x00" +
	"\x03\x01\xc2\x0c\x00\x04\x01\xc2\x0c\x00\x06\x01\xc3\x0c\x00\x05\x01\xc3\x0c\x00\x03\x01\xc3\x0c\x00" +
	"\x04\x01\xc3\x0c\x00\x06\x01\xc4\x0c\x00\x05\x01\xc4\x0c\x00\x03\x01\xc4\x0c\x00\x04\x01\xc4\x0c\x00" +
	"\x06\x01\xc5\x0c\x00\x05\x01\xc5\x0c\x00\x03\x01\xc5\x0c\x00\x04\x01\xc5\x0c\x00\x06\x01\xc6\x0c\x00" +
	"\x05\x01\xc6\x0c\x00\x03\x01\xc6\x0c\x00\x04\x01\xc6\x0c\x00\x06\x01\xc7\x0c\x00\x05\x01\xc7\x0c\x00" +
	"\x03\x01\xc7\x0c\x00\x04\x01\xc7\x0c\x00\x06\x01\xc8\x0c\x00\x05\x01\xc8\x0c\x00\x06\x01\xc9\x0c\x00" +
	"\x05\x01\xc9\x0c\x00\x06\x01\xca\x0c\x00\x05\x01\xca\x0c\x00\x03\x01\xca\x0c\x00\x04\x01\xca\x0c\x00" +
	"\x06\x02\xc4\x0c\xa2\x0c\x00\x05\x02\xc4\x0c\xa2\x0c\x00\x06\x02\xc4\x0c\xa3\x0c\x00\x05\x02\xc4\x0c" +
	"\xa3\x0c\x00\x06\x02\xc4\x0c\xa5\x0c\x00\x05\x02\xc4\x0c\xa5\x0c\x00\x06\x02\xc4\x0c\xa7\x0c\x00\x05" +
	"\x02\xc4\x0c\xa7\x0c\x04\x0b\x01!\x00\x0b\x01\"\x00\x0b\x01#\x00\x0b\x01$\x00\x0b\x01%\x00\x0b\x01&" +
	"\x00\x0b\x01'\x00\x0b\x01(\x00\x0b\x01)\x00\x0b\x01*\x00\x0b\x01+\x00\x0b\x01,\x00\x0b\x01-\x00\x0b" +
	"\x01.\x00\x0b\x01/\x00\x0b\x010\x00\x0b\x011\x00\x0b\x012\x00\x0b\x013\x00\x0b\x014\x00\x0b\x015\x00" +
	"\x0b\x016\x00\x0b\x017\x00\x0b\x018\x00\x0b\x019\x00\x0b\x01:\x00\x0b\x01;\x00\x0b\x01<\x00\x0b\x01=" +
	"\x00\x0b\x01>\x00\x0b\x01?\x00\x0b\x01@\x00\x0b\x01A\x00\x0b\x01B\x00\x0b\x01C\x00\x0b\x01D\x00\x0b" +
	"\x01E\x00\x0b\x01F\x00\x0b\x01G\x00\x0b\x01H\x00\x0b\x01I\x00\x0b\x01J\x00\x0b\x01K\x00\x0b\x01L\x00" +
	"\x0b\x01M\x00\x0b\x01N\x00\x0b\x01O\x00\x0b\x01P\x00\x0b\x01Q\x00\x0b\x01R\x00\x0b\x01S\x00\x0b\x01T" +
	"\x00\x0b\x01U\x00\x0b\x01V\x00\x0b\x01W\x00\x0b\x01X\x00\x0b\x01Y\x00\x0b\x01Z\x00\x0b\x01[\x00\x0b" +
	"\x01\\\x00\x0b\x01]\x00\x0b\x01^\x00\x0b\x01_\x00\x0b\x01`\x00\x0b\x01a\x00\x0b\x01b\x00\x0b\x01c" +
	"\x00\x0b\x01d\x00\x0b\x01e\x00\x0b\x01f\x00\x0b\x01g\x00\x0b\x01h\x00\x0b\x01i\x00\x0b\x01j\x00\x0b" +
	"\x01k\x00\x0b\x01l\x00\x0b\x01m\x00\x0b\x01n\x00\x0b\x01o\x00\x0b\x01p\x00\x0b\x01q\x00\x0b\x01r\x00" +
	"\x0b\x01s\x00\x0b\x01t\x00\x0b\x01u\x00\x0b\x01v\x00\x0b\x01w\x00\x0b\x01x\x00\x0b\x01y\x00\x0b\x01z" +
	"\x00\x0b\x01{\x00\x0b\x01|\x00\x0b\x01}\x00\x0b\x01~\x00\x0b\x01\x85S\x00\x0b\x01\x86S\x00\x0c\x01" +
	"\x82`\x00\x0c\x01\x8c`\x00\x0c\x01\x8d`\x00\x0c\x01\x81`\x00\x0c\x01\xfba\x00\x0c\x01\xf2a\x00\x0c" +
	"\x01\xa1a\x00\x0c\x01\xa3a\x00\x0c\x01\xa5a\x00\x0c\x01\xa7a\x00\x0c\x01\xa9a\x00\x0c\x01\xe3a\x00" +
	"\x0c\x01\xe5a\x00\x0c\x01\xe7a\x00\x0c\x01\xc3a\x00\x0c\x01\xfca\x00\x0c\x01\xa2a\x00\x0c\x01\xa4a" +
	"\x00\x0c\x01\xa6a\x00\x0c\x01\xa8a\x00\x0c\x01\xaaa\x00\x0c\x01\xaba\x00\x0c\x01\xada\x00\x0c\x01" +
	"\xafa\x00\x0c\x01\xb1a\x00\x0c\x01\xb3a\x00\x0c\x01\xb5a\x00\x0c\x01\xb7a\x00\x0c\x01\xb9a\x00\x0c" +
	"\x01\xbba\x00\x0c\x01\xbda\x00\x0c\x01\xbfa\x00\x0c\x01\xc1a\x00\x0c\x01\xc4a\x00\x0c\x01\xc6a\x00" +
	"\x0c\x01\xc8a\x00\x0c\x01\xcaa\x00\x0c\x01\xcba\x00\x0c\x01\xcca\x00\x0c\x01\xcda\x00\x0c\x01\xcea" +
	"\x00\x0c\x01\xcfa\x00\x0c\x01\xd2a\x00\x0c\x01\xd5a\x00\x0c\x01\xd8a\x00\x0c\x01\xdba\x00\x0c\x01" +
	"\xdea\x00\x0c\x01\xdfa\x00\x0c\x01\xe0a\x00\x0c\x01\xe1a\x00\x0c\x01\xe2a\x00\x0c\x01\xe4a\x00\x0c" +
	"\x01\xe6a\x00\x0c\x01\xe8a\x00\x0c\x01\xe9a\x00\x0c\x01\xeaa\x00\x0c\x01\xeba\x00\x0c\x01\xeca\x00" +
	"\x0c\x01\xeda\x00\x0c\x01\xefa\x00\x0c\x01\xf3a\x00\x0c\x01\x99a\x00\x0c\x01\x9aa\x00\x0c\x01\xe4b" +
	"\x00\x0c\x01\xb1b\x00\x0c\x01\xb2b\x00\x0c\x01\xb3b\x00\x0c\x01\xb4b\x00\x0c\x01\xb5b\x00\x0c\x01" +
	"\xb6b\x00\x0c\x01\xb7b\x00\x0c\x01\xb8b\x00\x0c\x01\xb9b\x00\x0c\x01\xbab\x00\x0c\x01\xbbb\x00\x0c" +
	"\x01\xbcb\x00\x0c\x01\xbdb\x00\x0c\x01\xbeb\x00\x0c\x01\xbfb\x00\x0c\x01\xc0b\x00\x0c\x01\xc1b\x00" +
	"\x0c\x01\xc2b\x00\x0c\x01\xc3b\x00\x0c\x01\xc4b\x00\x0c\x01\xc5b\x00\x0c\x01\xc6b\x00\x0c\x01\xc7b" +
	"\x00\x0c\x01\xc8b\x00\x0c\x01\xc9b\x00\x0c\x01\xcab\x00\x0c\x01\xcbb\x00\x0c\x01\xccb\x00\x0c\x01" +
	"\xcdb\x00\x0c\x01\xceb\x03\x0c\x01\xcfb\x00\x0c\x01\xd0b\x00\x0c\x01\xd1b\x00\x0c\x01\xd2b\x00\x0c" +
	"\x01\xd3b\x00\x0c\x01\xd4b\x02\x0c\x01\xd5b\x00\x0c\x01\xd6b\x00\x0c\x01\xd7b\x00\x0c\x01\xd8b\x00" +
	"\x0c\x01\xd9b\x00\x0c\x01\xdab\x02\x0c\x01\xdbb\x00\x0c\x01\xdcb\x00\x0c\x01\xddb\x00\x0c\x01\xdeb" +
	"\x00\x0c\x01\xdfb\x00\x0c\x01\xe0b\x02\x0c\x01\xe1b\x00\x0c\x01\xe2b\x00\x0c\x01\xe3b\x03\x0b\x01" +
	"\xa2\x01\x00\x0b\x01\xa3\x01\x00\x0b\x01\xac\x01\x00\x0b\x01\xaf\x01\x00\x0b\x01\xa6\x01\x00\x0b\x01" +
	"\xa5\x01\x00\x0b\x01\xa9A\x01\x0c\x01\x82J\x00\x0c\x01\x90C\x00\x0c\x01\x91C\x00\x0c\x01\x92C\x00" +
	"\x0c\x01\x93C\x00\x0c\x01\xa0K\x00\x0c\x01\xcbK\xda\x0b\x00\x02\xd2\x8b\x04\x87\x06\x1a\x00\x02\xda" +
	"\x8b\x04\x87\x06\x9c\x03\x08\x01\xd0\x05\x00\x08\x01\xd1\x05\x00\x08\x01\xe6\x01\x00\x08\x01\x99\x05" +
	"\x00\x08\x01\xd3\x04\x01\x08\x01\xa3\x05\x00\x08\x01\xe6\xd6\x02\x00\x08\x01\xa5\x05\x00\x08\x01\xa4" +
	"\x05\x00\x08\x01\xd6\x04\x00\x08\x01\xd7\x04\x00\x08\x01\x91;\x00\x08\x01\xd8\x04\x00\x08\x01\xde" +
	"\x04\x00\x08\x01\xa9\x05\x00\x08\x01\xe4\x04\x00\x08\x01\xe2\x04\x00\x08\x01\xe0\x04\x00\x08\x01\x9b" +
	"\x05\x00\x08\x01\xa7\x02\x00\x08\x01\x9c\x05\x00\x08\x01\xe7\x04\x00\x08\x01\x84\x05\x00\x08\x01\xaa" +
	"\x05\x00\x08\x01\xab\x05\x00\x08\x01\xec\x04\x00\x08\x01\x84\xbe\x07\x00\x08\x01\x8e\xcf\x02\x00\x08" +
	"\x01\xee\x04\x00\x08\x01\x85\xbe\x07\x00\x08\x01\x8e\x05\x00\x08\x01\x86\xbe\x07\x00\x08\x01\xf8\x01" +
	"\x00\x08\x01\xf6\x04\x00\x08\x01\xf7\x04\x00\x08\x01q\x00\x08\x01\xfa\x04\x00\x08\x01\x88\xbe\x07" +
	"\x00\x08\x01\xfd\x04\x00\x08\x01\xfe\x04\x00\x08\x01\x80\x05\x00\x08\x01\xa8\x05\x00\x08\x01\xa6\x05" +
	"\x00\x08\x01\xe7\xd6\x02\x00\x08\x01\xa7\x05\x00\x08\x01\x88\x05\x00\x08\x01\xf1X\x01\x08\x01\x8f" +
	"\x05\x00\x08\x01\xa1\x05\x00\x08\x01\xa2\x05\x00\x08\x01\x98\x05\x00\x08\x01\xc0\x03\x00\x08\x01\xc1" +
	"\x03\x00\x08\x01\xc2\x03\x00\x08\x01\x8a\xbe\x07\x00\x08\x01\x9e\xbe\x07\xdf\x11\x00\x02\x99\xa1\x04" +
	"\xba\xa1\x04\x01\x00\x02\x9b\xa1\x04\xba\xa1\x04\x0e\x00\x02\xa5\xa1\x04\xba\xa1\x04\x82\x01\x00\x02" +
	"\xb1\xa2\x04\xa7\xa2\x04\x00\x00\x02\xb2\xa2\x04\xa7\xa2\x04\x9b\x04\x00\x02\xc7\xa6\x04\xbe\xa6\x04" +
	"\x00\x00\x02\xc7\xa6\x04\xd7\xa6\x046\x00\x02\x82\xa7\x04\xc9\xa7\x04\x01\x00\x02\x84\xa7\x04\xbb" +
	"\xa7\x04\x08\x00\x02\x8b\xa7\x04\xc2\xa7\x04\x02\x00\x02\x90\xa7\x04\xc9\xa7\x043\x00\x02\xc2\xa7" +
	"\x04\xc2\xa7\x04\x01\x00\x02\xc2\xa7\x04\xb8\xa7\x04\x00\x00\x02\xc2\xa7\x04\xc9\xa7\x04\xf2\x01\x00" +
	"\x02\xb9\xa9\x04\xba\xa9\x04\x00\x00\x02\xb9\xa9\x04\xb0\xa9\x04\x01\x00\x02\xb9\xa9\x04\xbd\xa9\x04" +
	"\xfb\x01\x00\x02\xb8\xab\x04\xaf\xab\x04\x00\x00\x02\xb9\xab\x04\xaf\xab\x04\xfc\x06\x00\x02\xb5\xb2" +
	"\x04\xb0\xb2\x04\xe8\x8f\x01\x00\x02\x9e\xc2\x05\x9e\xc2\x05\x00\x00\x02\x9e\xc2\x05\xa9\xc2\x05\x00" +
	"\x00\x02\x9e\xc2\x05\x9f\xc2\x05\x00\x00\x02\xa9\xc2\x05\x9f\xc2\x05\x00\x00\x02\x9e\xc2\x05\xa0\xc2" +
	"\x05\x00\x00\x02\xa1\xc2\x05\x9f\xc2\x05\x00\x00\x02\xa2\xc2\x05\x9f\xc2\x05\x00\x00\x02\xa1\xc2\x05" +
	"\xa0\xc2\x05\xbf\x18\x00\x02\xe7\xda\x05\xe7\xda\x05\x00\x00\x02\xe3\xda\x05\xe7\xda\x05\x00\x00\x02" +
	"\xe9\xda\x05\xe7\xda\x05\xeb\xbe\x01\x01\x01A\x00\x01\x01B\x00\x01\x01C\x00\x01\x01D\x00\x01\x01E" +
	"\x00\x01\x01F\x00\x01\x01G\x00\x01\x01H\x00\x01\x01I\x00\x01\x01J\x00\x01\x01K\x00\x01\x01L\x00\x01" +
	"\x01M\x00\x01\x01N\x00\x01\x01O\x00\x01\x01P\x00\x01\x01Q\x00\x01\x01R\x00\x01\x01S\x00\x01\x01T\x00" +
	"\x01\x01U\x00\x01\x01V\x00\x01\x01W\x00\x01\x01X\x00\x01\x01Y\x00\x01\x01Z\x00\x01\x010\x00\x01\x011" +
	"\x00\x01\x012\x00\x01\x013\x00\x01\x014\x00\x01\x015\x00\x01\x016\x00\x01\x017\x00\x01\x018\x00\x01" +
	"\x019\xe4\x08\x00\x02\xd7\xa2\x07\xe5\xa2\x07\x00\x00\x02\xd8\xa2\x07\xe5\xa2\x07\x00\x00\x02\xdf" +
	"\xa2\x07\xee\xa2\x07\x00\x00\x02\xdf\xa2\x07\xef\xa2\x07\x00\x00\x02\xdf\xa2\x07\xf0\xa2\x07\x00\x00" +
	"\x02\xdf\xa2\x07\xf1\xa2\x07\x00\x00\x02\xdf\xa2\x07\xf2\xa2\x07V\x00\x02\xb9\xa3\x07\xe5\xa2\x07" +
	"\x00\x00\x02\xba\xa3\x07\xe5\xa2\x07\x00\x00\x02\xbb\xa3\x07\xee\xa2\x07\x00\x00\x02\xbc\xa3\x07\xee" +
	"\xa2\x07\x00\x00\x02\xbb\xa3\x07\xef\xa2\x07\x00\x00\x02\xbc\xa3\x07\xef\xa2\x07\xbf\x04\x01\x01A" +
	"\x00\x01\x01B\x00\x01\x01C\x00\x01\x01D\x00\x01\x01E\x00\x01\x01F\x00\x01\x01G\x00\x01\x01H\x00\x01" +
	"\x01I\x00\x01\x01J\x00\x01\x01K\x00\x01\x01L\x00\x01\x01M\x00\x01\x01N\x00\x01\x01O\x00\x01\x01P\x00" +
	"\x01\x01Q\x00\x01\x01R\x00\x01\x01S\x00\x01\x01T\x00\x01\x01U\x00\x01\x01V\x00\x01\x01W\x00\x01\x01X" +
	"\x00\x01\x01Y\x00\x01\x01Z\x00\x01\x01a\x00\x01\x01b\x00\x01\x01c\x00\x01\x01d\x00\x01\x01e\x00\x01" +
	"\x01f\x00\x01\x01g\x00\x01\x01h\x00\x01\x01i\x00\x01\x01j\x00\x01\x01k\x00\x01\x01l\x00\x01\x01m\x00" +
	"\x01\x01n\x00\x01\x01o\x00\x01\x01p\x00\x01\x01q\x00\x01\x01r\x00\x01\x01s\x00\x01\x01t\x00\x01\x01u" +
	"\x00\x01\x01v\x00\x01\x01w\x00\x01\x01x\x00\x01\x01y\x00\x01\x01z\x00\x01\x01A\x00\x01\x01B\x00\x01" +
	"\x01C\x00\x01\x01D\x00\x01\x01E\x00\x01\x01F\x00\x01\x01G\x00\x01\x01H\x00\x01\x01I\x00\x01\x01J\x00" +
	"\x01\x01K\x00\x01\x01L\x00\x01\x01M\x00\x01\x01N\x00\x01\x01O\x00\x01\x01P\x00\x01\x01Q\x00\x01\x01R" +
	"\x00\x01\x01S\x00\x01\x01T\x00\x01\x01U\x00\x01\x01V\x00\x01\x01W\x00\x01\x01X\x00\x01\x01Y\x00\x01" +
	"\x01Z\x00\x01\x01a\x00\x01\x01b\x00\x01\x01c\x00\x01\x01d\x00\x01\x01e\x00\x01\x01f\x00\x01\x01g\x01" +
	"\x01\x01i\x00\x01\x01j\x00\x01\x01k\x00\x01\x01l\x00\x01\x01m\x00\x01\x01n\x00\x01\x01o\x00\x01\x01p" +
	"\x00\x01\x01q\x00\x01\x01r\x00\x01\x01s\x00\x01\x01t\x00\x01\x01u\x00\x01\x01v\x00\x01\x01w\x00\x01" +
	"\x01x\x00\x01\x01y\x00\x01\x01z\x00\x01\x01A\x00\x01\x01B\x00\x01\x01C\x00\x01\x01D\x00\x01\x01E\x00" +
	"\x01\x01F\x00\x01\x01G\x00\x01\x01H\x00\x01\x01I\x00\x01\x01J\x00\x01\x01K\x00\x01\x01L\x00\x01\x01M" +
	"\x00\x01\x01N\x00\x01\x01O\x00\x01\x01P\x00\x01\x01Q\x00\x01\x01R\x00\x01\x01S\x00\x01\x01T\x00\x01" +
	"\x01U\x00\x01\x01V\x00\x01\x01W\x00\x01\x01X\x00\x01\x01Y\x00\x01\x01Z\x00\x01\x01a\x00\x01\x01b\x00" +
	"\x01\x01c\x00\x01\x01d\x00\x01\x01e\x00\x01\x01f\x00\x01\x01g\x00\x01\x01h\x00\x01\x01i\x00\x01\x01j" +
	"\x00\x01\x01k\x00\x01\x01l\x00\x01\x01m\x00\x01\x01n\x00\x01\x01o\x00\x01\x01p\x00\x01\x01q\x00\x01" +
	"\x01r\x00\x01\x01s\x00\x01\x01t\x00\x01\x01u\x00\x01\x01v\x00\x01\x01w\x00\x01\x01x\x00\x01\x01y\x00" +
	"\x01\x01z\x00\x01\x01A\x01\x01\x01C\x00\x01\x01D\x02\x01\x01G\x02\x01\x01J\x00\x01\x01K\x02\x01\x01N" +
	"\x00\x01\x01O\x00\x01\x01P\x00\x01\x01Q\x01\x01\x01S\x00\x01\x01T\x00\x01\x01U\x00\x01\x01V\x00\x01" +
	"\x01W\x00\x01\x01X\x00\x01\x01Y\x00\x01\x01Z\x00\x01\x01a\x00\x01\x01b\x00\x01\x01c\x00\x01\x01d\x01" +
	"\x01\x01f\x01\x01\x01h\x00\x01\x01i\x00\x01\x01j\x00\x01\x01k\x00\x01\x01l\x00\x01\x01m\x00\x01\x01n" +
	"\x01\x01\x01p\x00\x01\x01q\x00\x01\x01r\x00\x01\x01s\x00\x01\x01t\x00\x01\x01u\x00\x01\x01v\x00\x01" +
	"\x01w\x00\x01\x01x\x00\x01\x01y\x00\x01\x01z\x00\x01\x01A\x00\x01\x01B\x00\x01\x01C\x00\x01\x01D\x00" +
	"\x01\x01E\x00\x01\x01F\x00\x01\x01G\x00\x01\x01H\x00\x01\x01I\x00\x01\x01J\x00\x01\x01K\x00\x01\x01L" +
	"\x00\x01\x01M\x00\x01\x01N\x00\x01\x01O\x00\x01\x01P\x00\x01\x01Q\x00\x01\x01R\x00\x01\x01S\x00\x01" +
	"\x01T\x00\x01\x01U\x00\x01\x01V\x00\x01\x01W\x00\x01\x01X\x00\x01\x01Y\x00\x01\x01Z\x00\x01\x01a\x00" +
	"\x01\x01b\x00\x01\x01c\x00\x01\x01d\x00\x01\x01e\x00\x01\x01f\x00\x01\x01g\x00\x01\x01h\x00\x01\x01i" +
	"\x00\x01\x01j\x00\x01\x01k\x00\x01\x01l\x00\x01\x01m\x00\x01\x01n\x00\x01\x01o\x00\x01\x01p\x00\x01" +
	"\x01q\x00\x01\x01r\x00\x01\x01s\x00\x01\x01t\x00\x01\x01u\x00\x01\x01v\x00\x01\x01w\x00\x01\x01x\x00" +
	"\x01\x01y\x00\x01\x01z\x00\x01\x01A\x00\x01\x01B\x01\x01\x01D\x00\x01\x01E\x00\x01\x01F\x00\x01\x01G" +
	"\x02\x01\x01J\x00\x01\x01K\x00\x01\x01L\x00\x01\x01M\x00\x01\x01N\x00\x01\x01O\x00\x01\x01P\x00\x01" +
	"\x01Q\x01\x01\x01S\x00\x01\x01T\x00\x01\x01U\x00\x01\x01V\x00\x01\x01W\x00\x01\x01X\x00\x01\x01Y\x01" +
	"\x01\x01a\x00\x01\x01b\x00\x01\x01c\x00\x01\x01d\x00\x01\x01e\x00\x01\x01f\x00\x01\x01g\x00\x01\x01h" +
	"\x00\x01\x01i\x00\x01\x01j\x00\x01\x01k\x00\x01\x01l\x00\x01\x01m\x00\x01\x01n\x00\x01\x01o\x00\x01" +
	"\x01p\x00\x01\x01q\x00\x01\x01r\x00\x01\x01s\x00\x01\x01t\x00\x01\x01u\x00\x01\x01v\x00\x01\x01w\x00" +
	"\x01\x01x\x00\x01\x01y\x00\x01\x01z\x00\x01\x01A\x00\x01\x01B\x01\x01\x01D\x00\x01\x01E\x00\x01\x01F" +
	"\x00\x01\x01G\x01\x01\x01I\x00\x01\x01J\x00\x01\x01K\x00\x01\x01L\x00\x01\x01M\x01\x01\x01O\x03\x01" +
	"\x01S\x00\x01\x01T\x00\x01\x01U\x00\x01\x01V\x00\x01\x01W\x00\x01\x01X\x00\x01\x01Y\x01\x01\x01a\x00" +
	"\x01\x01b\x00\x01\x01c\x00\x01\x01d\x00\x01\x01e\x00\x01\x01f\x00\x01\x01g\x00\x01\x01h\x00\x01\x01i" +
	"\x00\x01\x01j\x00\x01\x01k\x00\x01\x01l\x00\x01\x01m\x00\x01\x01n\x00\x01\x01o\x00\x01\x01p\x00\x01" +
	"\x01q\x00\x01\x01r\x00\x01\x01s\x00\x01\x01t\x00\x01\x01u\x00\x01\x01v\x00\x01\x01w\x00\x01\x01x\x00" +
	"\x01\x01y\x00\x01\x01z\x00\x01\x01A\x00\x01\x01B\x00\x01\x01C\x00\x01\x01D\x00\x01\x01E\x00\x01\x01F" +
	"\x00\x01\x01G\x00\x01\x01H\x00\x01\x01I\x00\x01\x01J\x00\x01\x01K\x00\x01\x01L\x00\x01\x01M\x00\x01" +
	"\x01N\x00\x01\x01O\x00\x01\x01P\x00\x01\x01Q\x00\x01\x01R\x00\x01\x01S\x00\x01\x01T\x00\x01\x01U\x00" +
	"\x01\x01V\x00\x01\x01W\x00\x01\x01X\x00\x01\x01Y\x00\x01\x01Z\x00\x01\x01a\x00\x01\x01b\x00\x01\x01c" +
	"\x00\x01\x01d\x00\x01\x01e\x00\x01\x01f\x00\x01\x01g\x00\x01\x01h\x00\x01\x01i\x00\x01\x01j\x00\x01" +
	"\x01k\x00\x01\x01l\x00\x01\x01m\x00\x01\x01n\x00\x01\x01o\x00\x01\x01p\x00\x01\x01q\x00\x01\x01r\x00" +
	"\x01\x01s\x00\x01\x01t\x00\x01\x01u\x00\x01\x01v\x00\x01\x01w\x00\x01\x01x\x00\x01\x01y\x00\x01\x01z" +
	"\x00\x01\x01A\x00\x01\x01B\x00\x01\x01C\x00\x01\x01D\x00\x01\x01E\x00\x01\x01F\x00\x01\x01G\x00\x01" +
	"\x01H\x00\x01\x01I\x00\x01\x01J\x00\x01\x01K\x00\x01\x01L\x00\x01\x01M\x00\x01\x01N\x00\x01\x01O\x00" +
	"\x01\x01P\x00\x01\x01Q\x00\x01\x01R\x00\x01\x01S\x00\x01\x01T\x00\x01\x01U\x00\x01\x01V\x00\x01\x01W" +
	"\x00\x01\x01X\x00\x01\x01Y\x00\x01\x01Z\x00\x01\x01a\x00\x01\x01b\x00\x01\x01c\x00\x01\x01d\x00\x01" +
	"\x01e\x00\x01\x01f\x00\x01\x01g\x00\x01\x01h\x00\x01\x01i\x00\x01\x01j\x00\x01\x01k\x00\x01\x01l\x00" +
	"\x01\x01m\x00\x01\x01n\x00\x01\x01o\x00\x01\x01p\x00\x01\x01q\x00\x01\x01r\x00\x01\x01s\x00\x01\x01t" +
	"\x00\x01\x01u\x00\x01\x01v\x00\x01\x01w\x00\x01\x01x\x00\x01\x01y\x00\x01\x01z\x00\x01\x01A\x00\x01" +
	"\x01B\x00\x01\x01C\x00\x01\x01D\x00\x01\x01E\x00\x01\x01F\x00\x01\x01G\x00\x01\x01H\x00\x01\x01I\x00" +
	"\x01\x01J\x00\x01\x01K\x00\x01\x01L\x00\x01\x01M\x00\x01\x01N\x00\x01\x01O\x00\x01\x01P\x00\x01\x01Q" +
	"\x00\x01\x01R\x00\x01\x01S\x00\x01\x01T\x00\x01\x01U\x00\x01\x01V\x00\x01\x01W\x00\x01\x01X\x00\x01" +
	"\x01Y\x00\x01\x01Z\x00\x01\x01a\x00\x01\x01b\x00\x01\x01c\x00\x01\x01d\x00\x01\x01e\x00\x01\x01f\x00" +
	"\x01\x01g\x00\x01\x01h\x00\x01\x01i\x00\x01\x01j\x00\x01\x01k\x00\x01\x01l\x00\x01\x01m\x00\x01\x01n" +
	"\x00\x01\x01o\x00\x01\x01p\x00\x01\x01q\x00\x01\x01r\x00\x01\x01s\x00\x01\x01t\x00\x01\x01u\x00\x01" +
	"\x01v\x00\x01\x01w\x00\x01\x01x\x00\x01\x01y\x00\x01\x01z\x00\x01\x01A\x00\x01\x01B\x00\x01\x01C\x00" +
	"\x01\x01D\x00\x01\x01E\x00\x01\x01F\x00\x01\x01G\x00\x01\x01H\x00\x01\x01I\x00\x01\x01J\x00\x01\x01K" +
	"\x00\x01\x01L\x00\x01\x01M\x00\x01\x01N\x00\x01\x01O\x00\x01\x01P\x00\x01\x01Q\x00\x01\x01R\x00\x01" +
	"\x01S\x00\x01\x01T\x00\x01\x01U\x00\x01\x01V\x00\x01\x01W\x00\x01\x01X\x00\x01\x01Y\x00\x01\x01Z\x00" +
	"\x01\x01a\x00\x01\x01b\x00\x01\x01c\x00\x01\x01d\x00\x01\x01e\x00\x01\x01f\x00\x01\x01g\x00\x01\x01h" +
	"\x00\x01\x01i\x00\x01\x01j\x00\x01\x01k\x00\x01\x01l\x00\x01\x01m\x00\x01\x01n\x00\x01\x01o\x00\x01" +
	"\x01p\x00\x01\x01q\x00\x01\x01r\x00\x01\x01s\x00\x01\x01t\x00\x01\x01u\x00\x01\x01v\x00\x01\x01w\x00" +
	"\x01\x01x\x00\x01\x01y\x00\x01\x01z\x00\x01\x01A\x00\x01\x01B\x00\x01\x01C\x00\x01\x01D\x00\x01\x01E" +
	"\x00\x01\x01F\x00\x01\x01G\x00\x01\x01H\x00\x01\x01I\x00\x01\x01J\x00\x01\x01K\x00\x01\x01L\x00\x01" +
	"\x01M\x00\x01\x01N\x00\x01\x01O\x00\x01\x01P\x00\x01\x01Q\x00\x01\x01R\x00\x01\x01S\x00\x01\x01T\x00" +
	"\x01\x01U\x00\x01\x01V\x00\x01\x01W\x00\x01\x01X\x00\x01\x01Y\x00\x01\x01Z\x00\x01\x01a\x00\x01\x01b" +
	"\x00\x01\x01c\x00\x01\x01d\x00\x01\x01e\x00\x01\x01f\x00\x01\x01g\x00\x01\x01h\x00\x01\x01i\x00\x01" +
	"\x01j\x00\x01\x01k\x00\x01\x01l\x00\x01\x01m\x00\x01\x01n\x00\x01\x01o\x00\x01\x01p\x00\x01\x01q\x00" +
	"\x01\x01r\x00\x01\x01s\x00\x01\x01t\x00\x01\x01u\x00\x01\x01v\x00\x01\x01w\x00\x01\x01x\x00\x01\x01y" +
	"\x00\x01\x01z\x00\x01\x01A\x00\x01\x01B\x00\x01\x01C\x00\x01\x01D\x00\x01\x01E\x00\x01\x01F\x00\x01" +
	"\x01G\x00\x01\x01H\x00\x01\x01I\x00\x01\x01J\x00\x01\x01K\x00\x01\x01L\x00\x01\x01M\x00\x01\x01N\x00" +
	"\x01\x01O\x00\x01\x01P\x00\x01\x01Q\x00\x01\x01R\x00\x01\x01S\x00\x01\x01T\x00\x01\x01U\x00\x01\x01V" +
	"\x00\x01\x01W\x00\x01\x01X\x00\x01\x01Y\x00\x01\x01Z\x00\x01\x01a\x00\x01\x01b\x00\x01\x01c\x00\x01" +
	"\x01d\x00\x01\x01e\x00\x01\x01f\x00\x01\x01g\x00\x01\x01h\x00\x01\x01i\x00\x01\x01j\x00\x01\x01k\x00" +
	"\x01\x01l\x00\x01\x01m\x00\x01\x01n\x00\x01\x01o\x00\x01\x01p\x00\x01\x01q\x00\x01\x01r\x00\x01\x01s" +
	"\x00\x01\x01t\x00\x01\x01u\x00\x01\x01v\x00\x01\x01w\x00\x01\x01x\x00\x01\x01y\x00\x01\x01z\x00\x01" +
	"\x01\xb1\x02\x00\x01\x01\xb7\x04\x02\x01\x01\x91\x07\x00\x01\x01\x92\x07\x00\x01\x01\x93\x07\x00\x01" +
	"\x01\x94\x07\x00\x01\x01\x95\x07\x00\x01\x01\x96\x07\x00\x01\x01\x97\x07\x00\x01\x01\x98\x07\x00\x01" +
	"\x01\x99\x07\x00\x01\x01\x9a\x07\x00\x01\x01\x9b\x07\x00\x01\x01\x9c\x07\x00\x01\x01\x9d\x07\x00\x01" +
	"\x01\x9e\x07\x00\x01\x01\x9f\x07\x00\x01\x01\xa0\x07\x00\x01\x01\xa1\x07\x00\x01\x01\xf4\x07\x00\x01" +
	"\x01\xa3\x07\x00\x01\x01\xa4\x07\x00\x01\x01\xa5\x07\x00\x01\x01\xa6\x07\x00\x01\x01\xa7\x07\x00\x01" +
	"\x01\xa8\x07\x00\x01\x01\xa9\x07\x00\x01\x01\x87D\x00\x01\x01\xb1\x07\x00\x01\x01\xb2\x07\x00\x01" +
	"\x01\xb3\x07\x00\x01\x01\xb4\x07\x00\x01\x01\xb5\x07\x00\x01\x01\xb6\x07\x00\x01\x01\xb7\x07\x00\x01" +
	"\x01\xb8\x07\x00\x01\x01\xb9\x07\x00\x01\x01\xba\x07\x00\x01\x01\xbb\x07\x00\x01\x01\xbc\x07\x00\x01" +
	"\x01\xbd\x07\x00\x01\x01\xbe\x07\x00\x01\x01\xbf\x07\x00\x01\x01\xc0\x07\x00\x01\x01\xc1\x07\x00\x01" +
	"\x01\xc2\x07\x00\x01\x01\xc3\x07\x00\x01\x01\xc4\x07\x00\x01\x01\xc5\x07\x00\x01\x01\xc6\x07\x00\x01" +
	"\x01\xc7\x07\x00\x01\x01\xc8\x07\x00\x01\x01\xc9\x07\x00\x01\x01\x82D\x00\x01\x01\xf5\x07\x00\x01" +
	"\x01\xd1\x07\x00\x01\x01\xf0\x07\x00\x01\x01\xd5\x07\x00\x01\x01\xf1\x07\x00\x01\x01\xd6\x07\x00\x01" +
	"\x01\x91\x07\x00\x01\x01\x92\x07\x00\x01\x01\x93\x07\x00\x01\x01\x94\x07\x00\x01\x01\x95\x07\x00\x01" +
	"\x01\x96\x07\x00\x01\x01\x97\x07\x00\x01\x01\x98\x07\x00\x01\x01\x99\x07\x00\x01\x01\x9a\x07\x00\x01" +
	"\x01\x9b\x07\x00\x01\x01\x9c\x07\x00\x01\x01\x9d\x07\x00\x01\x01\x9e\x07\x00\x01\x01\x9f\x07\x00\x01" +
	"\x01\xa0\x07\x00\x01\x01\xa1\x07\x00\x01\x01\xf4\x07\x00\x01\x01\xa3\x07\x00\x01\x01\xa4\x07\x00\x01" +
	"\x01\xa5\x07\x00\x01\x01\xa6\x07\x00\x01\x01\xa7\x07\x00\x01\x01\xa8\x07\x00\x01\x01\xa9\x07\x00\x01" +
	"\x01\x87D\x00\x01\x01\xb1\x07\x00\x01\x01\xb2\x07\x00\x01\x01\xb3\x07\x00\x01\x01\xb4\x07\x00\x01" +
	"\x01\xb5\x07\x00\x01\x01\xb6\x07\x00\x01\x01\xb7\x07\x00\x01\x01\xb8\x07\x00\x01\x01\xb9\x07\x00\x01" +
	"\x01\xba\x07\x00\x01\x01\xbb\x07\x00\x01\x01\xbc\x07\x00\x01\x01\xbd\x07\x00\x01\x01\xbe\x07\x00\x01" +
	"\x01\xbf\x07\x00\x01\x01\xc0\x07\x00\x01\x01\xc1\x07\x00\x01\x01\xc2\x07\x00\x01\x01\xc3\x07\x00\x01" +
	"\x01\xc4\x07\x00\x01\x01\xc5\x07\x00\x01\x01\xc6\x07\x00\x01\x01\xc7\x07\x00\x01\x01\xc8\x07\x00\x01" +
	"\x01\xc9\x07\x00\x01\x01\x82D\x00\x01\x01\xf5\x07\x00\x01\x01\xd1\x07\x00\x01\x01\xf0\x07\x00\x01" +
	"\x01\xd5\x07\x00\x01\x01\xf1\x07\x00\x01\x01\xd6\x07\x00\x01\x01\x91\x07\x00\x01\x01\x92\x07\x00\x01" +
	"\x01\x93\x07\x00\x01\x01\x94\x07\x00\x01\x01\x95\x07\x00\x01\x01\x96\x07\x00\x01\x01\x97\x07\x00\x01" +
	"\x01\x98\x07\x00\x01\x01\x99\x07\x00\x01\x01\x9a\x07\x00\x01\x01\x9b\x07\x00\x01\x01\x9c\x07\x00\x01" +
	"\x01\x9d\x07\x00\x01\x01\x9e\x07\x00\x01\x01\x9f\x07\x00\x01\x01\xa0\x07\x00\x01\x01\xa1\x07\x00\x01" +
	"\x01\xf4\x07\x00\x01\x01\xa3\x07\x00\x01\x01\xa4\x07\x00\x01\x01\xa5\x07\x00\x01\x01\xa6\x07\x00\x01" +
	"\x01\xa7\x07\x00\x01\x01\xa8\x07\x00\x01\x01\xa9\x07\x00\x01\x01\x87D\x00\x01\x01\xb1\x07\x00\x01" +
	"\x01\xb2\x07\x00\x01\x01\xb3\x07\x00\x01\x01\xb4\x07\x00\x01\x01\xb5\x07\x00\x01\x01\xb6\x07\x00\x01" +
	"\x01\xb7\x07\x00\x01\x01\xb8\x07\x00\x01\x01\xb9\x07\x00\x01\x01\xba\x07\x00\x01\x01\xbb\x07\x00\x01" +
	"\x01\xbc\x07\x00\x01\x01\xbd\x07\x00\x01\x01\xbe\x07\x00\x01\x01\xbf\x07\x00\x01\x01\xc0\x07\x00\x01" +
	"\x01\xc1\x07\x00\x01\x01\xc2\x07\x00\x01\x01\xc3\x07\x00\x01\x01\xc4\x07\x00\x01\x01\xc5\x07\x00\x01" +
	"\x01\xc6\x07\x00\x01\x01\xc7\x07\x00\x01\x01\xc8\x07\x00\x01\x01\xc9\x07\x00\x01\x01\x82D\x00\x01" +
	"\x01\xf5\x07\x00\x01\x01\xd1\x07\x00\x01\x01\xf0\x07\x00\x01\x01\xd5\x07\x00\x01\x01\xf1\x07\x00\x01" +
	"\x01\xd6\x07\x00\x01\x01\x91\x07\x00\x01\x01\x92\x07\x00\x01\x01\x93\x07\x00\x01\x01\x94\x07\x00\x01" +
	"\x01\x95\x07\x00\x01\x01\x96\x07\x00\x01\x01\x97\x07\x00\x01\x01\x98\x07\x00\x01\x01\x99\x07\x00\x01" +
	"\x01\x9a\x07\x00\x01\x01\x9b\x07\x00\x01\x01\x9c\x07\x00\x01\x01\x9d\x07\x00\x01\x01\x9e\x07\x00\x01" +
	"\x01\x9f\x07\x00\x01\x01\xa0\x07\x00\x01\x01\xa1\x07\x00\x01\x01\xf4\x07\x00\x01\x01\xa3\x07\x00\x01" +
	"\x01\xa4\x07\x00\x01\x01\xa5\x07\x00\x01\x01\xa6\x07\x00\x01\x01\xa7\x07\x00\x01\x01\xa8\x07\x00\x01" +
	"\x01\xa9\x07\x00\x01\x01\x87D\x00\x01\x01\xb1\x07\x00\x01\x01\xb2\x07\x00\x01\x01\xb3\x07\x00\x01" +
	"\x01\xb4\x07\x00\x01\x01\xb5\x07\x00\x01\x01\xb6\x07\x00\x01\x01\xb7\x07\x00\x01\x01\xb8\x07\x00\x01" +
	"\x01\xb9\x07\x00\x01\x01\xba\x07\x00\x01\x01\xbb\x07\x00\x01\x01\xbc\x07\x00\x01\x01\xbd\x07\x00\x01" +
	"\x01\xbe\x07\x00\x01\x01\xbf\x07\x00\x01\x01\xc0\x07\x00\x01\x01\xc1\x07\x00\x01\x01\xc2\x07\x00\x01" +
	"\x01\xc3\x07\x00\x01\x01\xc4\x07\x00\x01\x01\xc5\x07\x00\x01\x01\xc6\x07\x00\x01\x01\xc7\x07\x00\x01" +
	"\x01\xc8\x07\x00\x01\x01\xc9\x07\x00\x01\x01\x82D\x00\x01\x01\xf5\x07\x00\x01\x01\xd1\x07\x00\x01" +
	"\x01\xf0\x07\x00\x01\x01\xd5\x07\x00\x01\x01\xf1\x07\x00\x01\x01\xd6\x07\x00\x01\x01\x91\x07\x00\x01" +
	"\x01\x92\x07\x00\x01\x01\x93\x07\x00\x01\x01\x94\x07\x00\x01\x01\x95\x07\x00\x01\x01\x96\x07\x00\x01" +
	"\x01\x97\x07\x00\x01\x01\x98\x07\x00\x01\x01\x99\x07\x00\x01\x01\x9a\x07\x00\x01\x01\x9b\x07\x00\x01" +
	"\x01\x9c\x07\x00\x01\x01\x9d\x07\x00\x01\x01\x9e\x07\x00\x01\x01\x9f\x07\x00\x01\x01\xa0\x07\x00\x01" +
	"\x01\xa1\x07\x00\x01\x01\xf4\x07\x00\x01\x01\xa3\x07\x00\x01\x01\xa4\x07\x00\x01\x01\xa5\x07\x00\x01" +
	"\x01\xa6\x07\x00\x01\x01\xa7\x07\x00\x01\x01\xa8\x07\x00\x01\x01\xa9\x07\x00\x01\x01\x87D\x00\x01" +
	"\x01\xb1\x07\x00\x01\x01\xb2\x07\x00\x01\x01\xb3\x07\x00\x01\x01\xb4\x07\x00\x01\x01\xb5\x07\x00\x01" +
	"\x01\xb6\x07\x00\x01\x01\xb7\x07\x00\x01\x01\xb8\x07\x00\x01\x01\xb9\x07\x00\x01\x01\xba\x07\x00\x01" +
	"\x01\xbb\x07\x00\x01\x01\xbc\x07\x00\x01\x01\xbd\x07\x00\x01\x01\xbe\x07\x00\x01\x01\xbf\x07\x00\x01" +
	"\x01\xc0\x07\x00\x01\x01\xc1\x07\x00\x01\x01\xc2\x07\x00\x01\x01\xc3\x07\x00\x01\x01\xc4\x07\x00\x01" +
	"\x01\xc5\x07\x00\x01\x01\xc6\x07\x00\x01\x01\xc7\x07\x00\x01\x01\xc8\x07\x00\x01\x01\xc9\x07\x00\x01" +
	"\x01\x82D\x00\x01\x01\xf5\x07\x00\x01\x01\xd1\x07\x00\x01\x01\xf0\x07\x00\x01\x01\xd5\x07\x00\x01" +
	"\x01\xf1\x07\x00\x01\x01\xd6\x07\x00\x01\x01\xdc\x07\x00\x01\x01\xdd\x07\x02\x01\x010\x00\x01\x011" +
	"\x00\x01\x012\x00\x01\x013\x00\x01\x014\x00\x01\x015\x00\x01\x016\x00\x01\x017\x00\x01\x018\x00\x01" +
	"\x019\x00\x01\x010\x00\x01\x011\x00\x01\x012\x00\x01\x013\x00\x01\x014\x00\x01\x015\x00\x01\x016\x00" +
	"\x01\x017\x00\x01\x018\x00\x01\x019\x00\x01\x010\x00\x01\x011\x00\x01\x012\x00\x01\x013\x00\x01\x014" +
	"\x00\x01\x015\x00\x01\x016\x00\x01\x017\x00\x01\x018\x00\x01\x019\x00\x01\x010\x00\x01\x011\x00\x01" +
	"\x012\x00\x01\x013\x00\x01\x014\x00\x01\x015\x00\x01\x016\x00\x01\x017\x00\x01\x018\x00\x01\x019\x00" +
	"\x01\x010\x00\x01\x011\x00\x01\x012\x00\x01\x013\x00\x01\x014\x00\x01\x015\x00\x01\x016\x00\x01\x017" +
	"\x00\x01\x018\x00\x01\x019\xb0\x10\x08\x01\xb0\x08\x00\x08\x01\xb1\x08\x00\x08\x01\xb2\x08\x00\x08" +
	"\x01\xb3\x08\x00\x08\x01\xb4\x08\x00\x08\x01\xb5\x08\x00\x08\x01\xb6\x08\x00\x08\x01\xb7\x08\x00\x08" +
	"\x01\xb8\x08\x00\x08\x01\xba\x08\x00\x08\x01\xbb\x08\x00\x08\x01\xbc\x08\x00\x08\x01\xbe\x08\x00\x08" +
	"\x01\xbf\x08\x00\x08\x01\xc0\x08\x00\x08\x01\xc1\x08\x00\x08\x01\xc2\x08\x00\x08\x01\xc3\x08\x00\x08" +
	"\x01\xc4\x08\x00\x08\x01\xc5\x08\x00\x08\x01\xc6\x08\x00\x08\x01\xc7\x08\x00\x08\x01\xc8\x08\x00\x08" +
	"\x01\xcb\x08\x00\x08\x01\xcd\x08\x00\x08\x01\xce\x08\x00\x08\x01\x89\xcd\x02\x00\x08\x01\xd9\x09\x00" +
	"\x08\x01\xd6\x08\x00\x08\x01\xd8\x08\x00\x08\x01\xe9\x09\x00\x08\x01\xaf\x09\x00\x08\x01\xcf\x09\x00" +
	"\x09\x01\xb0\x08\x00\x09\x01\xb1\x08\x00\x09\x01\xb2\x08\x00\x09\x01\xb3\x08\x00\x09\x01\xb4\x08\x00" +
	"\x09\x01\xb5\x08\x00\x09\x01\xb6\x08\x00\x09\x01\xb7\x08\x00\x09\x01\xb8\x08\x00\x09\x01\xba\x08\x00" +
	"\x09\x01\xbb\x08\x00\x09\x01\xbe\x08\x00\x09\x01\xbf\x08\x00\x09\x01\xc1\x08\x00\x09\x01\xc3\x08\x00" +
	"\x09\x01\xc4\x08\x00\x09\x01\xc5\x08\x00\x09\x01\xc6\x08\x00\x09\x01\xc7\x08\x00\x09\x01\xc8\x08\x00" +
	"\x09\x01\xca\x08\x00\x09\x01\xcb\x08\x00\x09\x01\x91\x09\x00\x09\x01\xd6\x08\x00\x09\x01\xd5\x08\x00" +
	"\x09\x01\xdf\x08\x00\x08\x01\xab\x09\x00\x08\x01\xd1\xcc\x02\x00\x08\x01\xb1\x09\x92\x1b\x01\x01\xa7" +
	"\x0c\x00\x01\x01\xa8\x0c\x00\x01\x01\xac\x0c\x00\x01\x01\xaf\x0c\x01\x01\x01\xc8\x0c\x00\x01\x01\xb2" +
	"\x0c\x00\x01\x01\xad\x0c\x00\x01\x01\xb7\x0c\x00\x01\x01\xca\x0c\x00\x01\x01\xc3\x0c\x00\x01\x01\xc4" +
	"\x0c\x00\x01\x01\xc5\x0c\x00\x01\x01\xc6\x0c\x00\x01\x01\xb3\x0c\x00\x01\x01\xb9\x0c\x00\x01\x01\xc1" +
	"\x0c\x00\x01\x01\xb5\x0c\x00\x01\x01\xc2\x0c\x00\x01\x01\xb1\x0c\x00\x01\x01\xb4\x0c\x00\x01\x01\xaa" +
	"\x0c\x00\x01\x01\xab\x0c\x00\x01\x01\xae\x0c\x00\x01\x01\xb0\x0c\x00\x01\x01\xb6\x0c\x00\x01\x01\xb8" +
	"\x0c\x00\x01\x01\xba\x0c\x00\x01\x01\xee\x0c\x00\x01\x01\xba\x0d\x00\x01\x01\xa1\x0d\x00\x01\x01\xef" +
	"\x0c\x01\x01\x01\xa8\x0c\x00\x01\x01\xac\x0c\x01\x01\x01\xc7\x0c\x02\x01\x01\xad\x0c\x01\x01\x01\xca" +
	"\x0c\x00\x01\x01\xc3\x0c\x00\x01\x01\xc4\x0c\x00\x01\x01\xc5\x0c\x00\x01\x01\xc6\x0c\x00\x01\x01\xb3" +
	"\x0c\x00\x01\x01\xb9\x0c\x00\x01\x01\xc1\x0c\x00\x01\x01\xb5\x0c\x00\x01\x01\xc2\x0c\x01\x01\x01\xb4" +
	"\x0c\x00\x01\x01\xaa\x0c\x00\x01\x01\xab\x0c\x00\x01\x01\xae\x0c\x01\x01\x01\xb6\x0c\x01\x01\x01\xba" +
	"\x0c\x06\x01\x01\xac\x0c\x04\x01\x01\xad\x0c\x01\x01\x01\xca\x0c\x01\x01\x01\xc4\x0c\x01\x01\x01\xc6" +
	"\x0c\x00\x01\x01\xb3\x0c\x00\x01\x01\xb9\x0c\x01\x01\x01\xb5\x0c\x00\x01\x01\xc2\x0c\x01\x01\x01\xb4" +
	"\x0c\x02\x01\x01\xae\x0c\x01\x01\x01\xb6\x0c\x01\x01\x01\xba\x0c\x01\x01\x01\xba\x0d\x01\x01\x01\xef" +
	"\x0c\x01\x01\x01\xa8\x0c\x00\x01\x01\xac\x0c\x01\x01\x01\xc7\x0c\x02\x01\x01\xad\x0c\x00\x01\x01\xb7" +
	"\x0c\x00\x01\x01\xca\x0c\x00\x01\x01\xc3\x0c\x01\x01\x01\xc5\x0c\x00\x01\x01\xc6\x0c\x00\x01\x01\xb3" +
	"\x0c\x00\x01\x01\xb9\x0c\x00\x01\x01\xc1\x0c\x00\x01\x01\xb5\x0c\x00\x01\x01\xc2\x0c\x01\x01\x01\xb4" +
	"\x0c\x00\x01\x01\xaa\x0c\x00\x01\x01\xab\x0c\x00\x01\x01\xae\x0c\x01\x01\x01\xb6\x0c\x00\x01\x01\xb8" +
	"\x0c\x00\x01\x01\xba\x0c\x00\x01\x01\xee\x0c\x01\x01\x01\xa1\x0d\x01\x01\x01\xa7\x0c\x00\x01\x01\xa8" +
	"\x0c\x00\x01\x01\xac\x0c\x00\x01\x01\xaf\x0c\x00\x01\x01\xc7\x0c\x00\x01\x01\xc8\x0c\x00\x01\x01\xb2" +
	"\x0c\x00\x01\x01\xad\x0c\x00\x01\x01\xb7\x0c\x00\x01\x01\xca\x0c\x01\x01\x01\xc4\x0c\x00\x01\x01\xc5" +
	"\x0c\x00\x01\x01\xc6\x0c\x00\x01\x01\xb3\x0c\x00\x01\x01\xb9\x0c\x00\x01\x01\xc1\x0c\x00\x01\x01\xb5" +
	"\x0c\x00\x01\x01\xc2\x0c\x00\x01\x01\xb1\x0c\x00\x01\x01\xb4\x0c\x00\x01\x01\xaa\x0c\x00\x01\x01\xab" +
	"\x0c\x00\x01\x01\xae\x0c\x00\x01\x01\xb0\x0c\x00\x01\x01\xb6\x0c\x00\x01\x01\xb8\x0c\x00\x01\x01\xba" +
	"\x0c\x05\x01\x01\xa8\x0c\x00\x01\x01\xac\x0c\x00\x01\x01\xaf\x0c\x01\x01\x01\xc8\x0c\x00\x01\x01\xb2" +
	"\x0c\x00\x01\x01\xad\x0c\x00\x01\x01\xb7\x0c\x00\x01\x01\xca\x0c\x01\x01\x01\xc4\x0c\x00\x01\x01\xc5" +
	"\x0c\x00\x01\x01\xc6\x0c\x00\x01\x01\xb3\x0c\x00\x01\x01\xb9\x0c\x00\x01\x01\xc1\x0c\x00\x01\x01\xb5" +
	"\x0c\x00\x01\x01\xc2\x0c\x00\x01\x01\xb1\x0c\x00\x01\x01\xb4\x0c\x00\x01\x01\xaa\x0c\x00\x01\x01\xab" +
	"\x0c\x00\x01\x01\xae\x0c\x00\x01\x01\xb0\x0c\x00\x01\x01\xb6\x0c\x00\x01\x01\xb8\x0c\x00\x01\x01\xba" +
	"\x0c\xc4\x04\x10\x020.\x00\x10\x020,\x00\x10\x021,\x00\x10\x022,\x00\x10\x023,\x00\x10\x024,\x00\x10" +
	"\x025,\x00\x10\x026,\x00\x10\x027,\x00\x10\x028,\x00\x10\x029,\x05\x10\x03(A)\x00\x10\x03(B)\x00\x10" +
	"\x03(C)\x00\x10\x03(D)\x00\x10\x03(E)\x00\x10\x03(F)\x00\x10\x03(G)\x00\x10\x03(H)\x00\x10\x03(I)" +
	"\x00\x10\x03(J)\x00\x10\x03(K)\x00\x10\x03(L)\x00\x10\x03(M)\x00\x10\x03(N)\x00\x10\x03(O)\x00\x10" +
	"\x03(P)\x00\x10\x03(Q)\x00\x10\x03(R)\x00\x10\x03(S)\x00\x10\x03(T)\x00\x10\x03(U)\x00\x10\x03(V)" +
	"\x00\x10\x03(W)\x00\x10\x03(X)\x00\x10\x03(Y)\x00\x10\x03(Z)\x00\x10\x03\x94`S\x95`\x00\x07\x01C\x00" +
	"\x07\x01R\x00\x07\x02CD\x00\x07\x02WZ\x01\x0e\x01A\x00\x0e\x01B\x00\x0e\x01C\x00\x0e\x01D\x00\x0e" +
	"\x01E\x00\x0e\x01F\x00\x0e\x01G\x00\x0e\x01H\x00\x0e\x01I\x00\x0e\x01J\x00\x0e\x01K\x00\x0e\x01L\x00" +
	"\x0e\x01M\x00\x0e\x01N\x00\x0e\x01O\x00\x0e\x01P\x00\x0e\x01Q\x00\x0e\x01R\x00\x0e\x01S\x00\x0e\x01T" +
	"\x00\x0e\x01U\x00\x0e\x01V\x00\x0e\x01W\x00\x0e\x01X\x00\x0e\x01Y\x00\x0e\x01Z\x00\x0e\x02HV\x00\x0e" +
	"\x02MV\x00\x0e\x02SD\x00\x0e\x02SS\x00\x0e\x03PPV\x00\x0e\x02WC\x1a\x08\x02MC\x00\x08\x02MD\x00\x08" +
	"\x02MR#\x0e\x02DJo\x0e\x02\xfb`\xcb`\x00\x0e\x02\xb3a\xb3a\x00\x0e\x01\xb5a\x0d\x0e\x01\xcb\xc4\x01" +
	"\x00\x0e\x01\xd7\xb6\x01\x00\x0e\x01\xcc\xa7\x01\x00\x0e\x01\xc7a\x00\x0e\x01\x8c\x9d\x01\x00\x0e" +
	"\x01\x9a\xb2\x01\x00\x0e\x01\xe3\x93\x02\x00\x0e\x01\xa9\xb2\x01\x00\x0e\x01\xa4\x9d\x01\x00\x0e\x01" +
	"\xa0\xcc\x01\x00\x0e\x01\xa1\xe2\x01\x00\x0e\x01\x99\xcb\x01\x00\x0e\x01\xcd\xa4\x01\x00\x0e\x01\x8c" +
	"\xbf\x01\x00\x0e\x01\x8d\xa3\x01\x00\x0e\x01\xb0\xcb\x01\x00\x0e\x01\x9d\xa4\x01\x00\x0e\x01\xc2\xfa" +
	"\x01\x00\x0e\x01\x9f\xea\x01\x00\x0e\x01\xa9\x99\x02\x00\x0e\x01\xf0\xb1\x01\x00\x0e\x01\xb9\xa8\x01" +
	"\x00\x0e\x01\x94\xde\x01\x00\x0e\x01\x95\xc5\x01\x00\x0e\x01\xd5\xc6\x01\x00\x0e\x01\x80\x9c\x01\x00" +
	"\x0e\x01\x89\x9c\x01\x00\x0e\x01\xca\xa0\x02\x00\x0e\x01\xe6\xbb\x01\x00\x0e\x01\xad\x9c\x01\x00\x0e" +
	"\x01\xf3\xa7\x01\x00\x0e\x01\x87\xc6\x01\x00\x0e\x01\xf0\x9a\x02\x00\x0e\x01\xd3\xc4\x01\x00\x0e\x01" +
	"\x81\xf3\x01\x00\x0e\x01\xfa\xf4\x01\x00\x0e\x01\x88\xa8\x01\x00\x0e\x01\x80\xdd\x01\x00\x0e\x01\x89" +
	"\xce\x01\x00\x0e\x01\x88\xce\x01\x00\x0e\x01\xb3\xea\x01\x00\x0e\x01\xf2\xa4\x01\x00\x0e\x01\xb6\xab" +
	"\x01\x00\x0e\x01\xcd\xa2\x02\x04\x10\x03\x94`\xac\xce\x01\x95`\x00\x10\x03\x94`\x89\x9c\x01\x95`\x00" +
	"\x10\x03\x94`\x8c\x9d\x01\x95`\x00\x10\x03\x94`\x89\xb7\x01\x95`\x00\x10\x03\x94`\xb9\xe1\x01\x95`" +
	"\x00\x10\x03\x94`\xd3\xc4\x01\x95`\x00\x10\x03\x94`\xd7\xed\x01\x95`\x00\x10\x03\x94`\xdd\xa5\x01" +
	"\x95`\x00\x10\x03\x94`\xd7\xca\x01\x95`\x07\x07\x01\x97\xbf\x01\x00\x07\x01\xef\xa7\x01\x9e\x13\x01" +
	"\x010\x00\x01\x011\x00\x01\x012\x00\x01\x013\x00\x01\x014\x00\x01\x015\x00\x01\x016\x00\x01\x017\x00" +
	"\x01\x018\x00\x01\x019\x86\xf8\x03\x00\x01\xbd\x9c\x01\x00\x00\x01\xb8\x9c\x01\x00\x00\x01\xc1\x9c" +
	"\x01\x00\x00\x01\xa2\x82\x08\x00\x00\x01\xe0\x9e\x01\x00\x00\x01\xae\x9f\x01\x00\x00\x01\xbb\x9f\x01" +
	"\x00\x00\x01\x82\xa0\x01\x00\x00\x01\xfa\xa0\x01\x00\x00\x01\x99\xa1\x01\x00\x00\x01\xe7\xa1\x01\x00" +
	"\x00\x01\xcf\xa1\x01\x00\x00\x01\x9ei\x00\x00\x01\xba\x8c\x08\x00\x00\x01\xcd\xa2\x01\x00\x00\x01" +
	"\xd4\xa2\x01\x00\x00\x01\xe4\xa2\x01\x00\x00\x01\xf7\xa2\x01\x00\x00\x01\x9c\x8a\x08\x00\x00\x01\xb9" +
	"i\x00\x00\x01\xe7\xa2\x01\x00\x00\x01\x8d\xa3\x01\x00\x00\x01\xcb\x8a\x08\x00\x00\x01\x97\xa3\x01" +
	"\x00\x00\x01\xa4\xa3\x01\x00\x00\x01\xcc\x9d\x01\x00\x00\x01\xac\xa3\x01\x00\x00\x01\xb5\xa3\x01\x00" +
	"\x00\x01\xdf\xa3\x0a\x00\x00\x01\xf5\xa3\x01\x00\x00\x01\x83\xa4\x01\x00\x00\x01\xdfi\x00\x00\x01" +
	"\xbb\xa4\x01\x00\x00\x01\xc6\xa4\x01\x00\x00\x01\xf2\xa4\x01\x00\x00\x01\xf7\xa4\x01\x00\x00\x01\x95" +
	"j\x00\x00\x01\xc7\xa5\x01\x00\x00\x01\xc9\xa5\x01\x00\x00\x01\xe4\xa5\x01\x00\x00\x01\xfa\xa5\x01" +
	"\x00\x00\x01\x85\xa6\x01\x00\x00\x01\x86\xa6\x01\x00\x00\x01\x97\xa6\x01\x00\x00\x01\xc9\xa6\x01\x00" +
	"\x00\x01\xd1\xa6\x01\x00\x00\x01\xda\xa6\x01\x00\x00\x01\xf3\xa6\x01\x00\x00\x01\xfd\xa6\x01\x00\x00" +
	"\x01\xff\xa6\x01\x00\x00\x01\xff\xa6\x01\x00\x00\x01\xff\xa6\x01\x00\x00\x01\xac\x94\x08\x00\x00\x01" +
	"\xf0\xe0\x01\x00\x00\x01\xca\xa7\x01\x00\x00\x01\xdf\xa7\x01\x00\x00\x01\xe3\x96\x08\x00\x00\x01\xeb" +
	"\xa7\x01\x00\x00\x01\xf1\xa7\x01\x00\x00\x01\x86\xa8\x01\x00\x00\x01\x9e\xa9\x01\x00\x00\x01\xb8\xa8" +
	"\x01\x00\x00\x01\xc8\xa8\x01\x00\x00\x01\xe8\xa8\x01\x00\x00\x01\xa2\xa9\x01\x00\x00\x01\xf6\xa9\x01" +
	"\x00\x00\x01\x90\xaa\x01\x00\x00\x01\xd3\xaa\x01\x00\x00\x01\xe3\xaa\x01\x00\x00\x01\x84\xab\x01\x00" +
	"\x00\x01\x84\xab\x01\x00\x00\x01\x99\xab\x01\x00\x00\x01\xab\xab\x01\x00\x00\x01\xb3\xab\x01\x00\x00" +
	"\x01\xc2\xab\x01\x00\x00\x01\x96\xae\x01\x00\x00\x01\x86\xac\x01\x00\x00\x01\x97\xae\x01\x00\x00\x01" +
	"\xd1\xac\x01\x00\x00\x01\xf4\xac\x01\x00\x00\x01\x87\xa4\x01\x00\x00\x01\xee\xb1\x01\x00\x00\x01\xce" +
	"\xaf\x01\x00\x00\x01\xf4\xaf\x01\x00\x00\x01\x8d\xb0\x01\x00\x00\x01\x8b\xaf\x01\x00\x00\x01\xb2\xb0" +
	"\x01\x00\x00\x01\xb1\xb0\x01\x00\x00\x01\xac\xb1\x01\x00\x00\x01\xe4\xa9\x08\x00\x00\x01\xf2\xb1\x01" +
	"\x00\x00\x01\xf7\xb1\x01\x00\x00\x01\x86\xb2\x01\x00\x00\x01\x9a\xb2\x01\x00\x00\x01\xa2\xb2\x01\x00" +
	"\x00\x01\xe2\xb2\x01\x00\x00\x01\xa8\xad\x08\x00\x00\x01\xea\xad\x08\x00\x00\x01\xec\xb3\x01\x00\x00" +
	"\x01\x9b\xb4\x01\x00\x00\x01\xa7\xb4\x01\x00\x00\x01\xd8\xb3\x01\x00\x00\x01\xe6\xb4\x01\x00\x00\x01" +
	"\xeem\x00\x00\x01\xfcm\x00\x00\x01\x88\xb6\x01\x00\x00\x01\xbe\xb6\x01\x00\x00\x01\xbe\xb6\x01\x00" +
	"\x00\x01\xc8\xb3\x08\x00\x00\x01\xc3\xb7\x01\x00\x00\x01\xd8\xb7\x01\x00\x00\x01\xe7\xb7\x01\x00\x00" +
	"\x01\xf3\xb7\x01\x00\x00\x01\x98\xb6\x08\x00\x00\x01\xff\xb7\x01\x00\x00\x01\x86\xb8\x01\x00\x00\x01" +
	"\xd3\xbe\x01\x00\x00\x01\xa2\xb8\x01\x00\x00\x01\x81o\x00\x00\x01\xe0\xb8\x01\x00\x00\x01\xee\xb8" +
	"\x01\x00\x00\x01\xc0\xb9\x01\x00\x00\x01\x8d\xb9\x01\x00\x00\x01\xe4\xbb\x08\x00\x00\x01\xc3\xba\x01" +
	"\x00\x00\x01\xe6\xbb\x08\x00\x00\x01\xee\xba\x01\x00\x00\x01\xeb\xba\x01\x00\x00\x01\xfc\xba\x01\x00" +
	"\x00\x01\xe1\xbb\x01\x00\x00\x01\xe2\xbb\x01\x00\x00\x01\xafp\x00\x00\x01\xfd\xbb\x01\x00\x00\x01" +
	"\xa8\xbc\x01\x00\x00\x01\xbd\xbc\x01\x00\x00\x01\xe9\xbc\x01\x00\x00\x01\xe2p\x00\x00\x01\x83\xc3" +
	"\x08\x00\x00\x01\xfcp\x00\x00\x01\xb0\xbd\x01\x00\x00\x01\xb3\xbd\x01\x00\x00\x01\xb6\xbd\x01\x00" +
	"\x00\x01\xca\xbd\x01\x00\x00\x01\x92\xc7\x0a\x00\x00\x01\xfe\xbd\x01\x00\x00\x01\xb1\xc6\x08\x00\x00" +
	"\x01\xb1\xc6\x08\x00\x00\x01\x81\x84\x02\x00\x00\x01\xa2\xbe\x01\x00\x00\x01\xa2\xbe\x01\x00\x00\x01" +
	"\xc7q\x00\x00\x01\xb8\xe5\x08\x00\x00\x01\xda\xc3\x09\x00\x00\x01\xe2\xbe\x01\x00\x00\x01\xeb\xbe" +
	"\x01\x00\x00\x01\xe3q\x00\x00\x01\x9a\xbf\x01\x00\x00\x01\xcd\xbf\x01\x00\x00\x01\xd7\xbf\x01\x00" +
	"\x00\x01\xf9\xbf\x01\x00\x00\x01\x81\xc1\x01\x00\x00\x01\xbar\x00\x00\x01\x9cr\x00\x00\x01\x94\xc1" +
	"\x01\x00\x00\x01\xd4\xcd\x08\x00\x00\x01\xc7\xc1\x01\x00\x00\x01\xc8\xc2\x01\x00\x00\x01\xcc\xc2\x01" +
	"\x00\x00\x01\xce\xc2\x01\x00\x00\x01\xcc\xc2\x01\x00\x00\x01\xfa\xc2\x01\x00\x00\x01\x8e\xc3\x01\x00" +
	"\x00\x01\xb2\xc3\x01\x00\x00\x01\xa4\xc3\x01\x00\x00\x01\xaf\xc3\x01\x00\x00\x01\xde\xc3\x01\x00\x00" +
	"\x01\xf2\xc3\x01\x00\x00\x01\xf6\xc3\x01\x00\x00\x01\x90\xc4\x01\x00\x00\x01\x9b\xc4\x01\x00\x00\x01" +
	"\xdd\xc4\x01\x00\x00\x01\xb1\xc5\x01\x00\x00\x01\xd4\xc5\x01\x00\x00\x01\xd0\xc6\x01\x00\x00\x01\x8c" +
	"\xd6\x08\x00\x00\x01\xbd\xc6\x01\x00\x00\x01\xfc\xc5\x01\x00\x00\x01\xe8\xc6\x01\x00\x00\x01\x83\xc7" +
	"\x01\x00\x00\x01\xe4\xc7\x01\x00\x00\x01\xf1\xd7\x08\x00\x00\x01\xa2\xc8\x01\x00\x00\x01\xc5\xc7\x01" +
	"\x00\x00\x01\xa9\xc7\x01\x00\x00\x01\xaet\x00\x00\x01\xe9\xc8\x01\x00\x00\x01\xfe\xc8\x01\x00\x00" +
	"\x01\x9d\xc9\x01\x00\x00\x01\xf7\xc8\x01\x00\x00\x01\xect\x00\x00\x01\xcf\xca\x01\x00\x00\x01\xec" +
	"\xca\x01\x00\x00\x01\x8a\xe0\x08\x00\x00\x01\xe3\xcb\x01\x00\x00\x01\xf8\xcd\x01\x00\x00\x01\xc9\xcc" +
	"\x01\x00\x00\x01\x99v\x00\x00\x01\x91\xcd\x01\x00\x00\x01\x88v\x00\x00\x01\xe4u\x00\x00\x01\x92\xa3" +
	"\x01\x00\x00\x01\x95\xa3\x01\x00\x00\x01\x80\xce\x01\x00\x00\x01\x9c\xcd\x01\x00\x00\x01\xad\x81\x02" +
	"\x00\x00\x01\xd9\x87\x01\x00\x00\x01\x97\xce\x01\x00\x00\x01\x9b\xce\x01\x00\x00\x01\xa1\xce\x01\x00" +
	"\x00\x01\xde\xce\x01\x00\x00\x01\xd3\xce\x01\x00\x00\x01\xc3\xe7\x08\x00\x00\x01\xc9v\x00\x00\x01" +
	"\xfa\xcf\x01\x00\x00\x01\x85\xcf\x01\x00\x00\x01\xd2\xd0\x01\x00\x00\x01\x85\xd1\x01\x00\x00\x01\xed" +
	"\xe8\x08\x00\x00\x01\x8e\xd1\x01\x00\x00\x01\x9f\xd0\x01\x00\x00\x01\x94\xd2\x01\x00\x00\x01\x9dw" +
	"\x00\x00\x01\xc2\xd2\x01\x00\x00\x01\xa3\xd3\x01\x00\x00\x01\xea\xd3\x01\x00\x00\x01\xa8\xd5\x01\x00" +
	"\x00\x01\xa3\xed\x08\x00\x00\x01\xdb\xd5\x01\x00\x00\x01\x98x\x00\x00\x01\xa1\xd6\x01\x00\x00\x01" +
	"\xa7\xf1\x08\x00\x00\x01\xd4\xd6\x01\x00\x00\x01\xcex\x00\x00\x01\xf2\xd6\x01\x00\x00\x01\x9f\xd7" +
	"\x01\x00\x00\x01\xba\xd7\x01\x00\x00\x01\xbb\xd7\x01\x00\x00\x01\x8d\xf5\x08\x00\x00\x01\x8b\xba\x08" +
	"\x00\x00\x01\xfa\xf5\x08\x00\x00\x01\xce\xd8\x01\x00\x00\x01\xbc\xf9\x08\x00\x00\x01\xbf\xd9\x01\x00" +
	"\x00\x01\xcd\xd9\x01\x00\x00\x01\xe7\xd8\x01\x00\x00\x01\x96\xda\x01\x00\x00\x01\xbe\xda\x01\x00\x00" +
	"\x01\xf7\xda\x01\x00\x00\x01\xc1\xda\x01\x00\x00\x01\xe9\xda\x01\x00\x00\x01\xf8\xda\x01\x00\x00\x01" +
	"\x85\xdb\x01\x00\x00\x01\x9e\xfa\x08\x00\x00\x01\xb4\xda\x01\x00\x00\x01\xaf\xdc\x01\x00\x00\x01\xee" +
	"\xdc\x01\x00\x00\x01\xb3z\x00\x00\x01\xcb\xdd\x01\x00\x00\x01\xc7\xdd\x01\x00\x00\x01\xd1\xfd\x08" +
	"\x00\x00\x01\xf9\xdb\x01\x00\x00\x01\xee\xde\x01\x00\x00\x01\xde\xfe\x08\x00\x00\x01\x8e\xff\x08\x00" +
	"\x00\x01\xc6\xdf\x01\x00\x00\x01\xb9\xe0\x01\x00\x00\x01\x9e\xe0\x01\x00\x00\x01\x9b\xe0\x01\x00\x00" +
	"\x01\x96{\x00\x00\x01\xca\xe0\x01\x00\x00\x01\xfd\xe0\x01\x00\x00\x01\xf7\xe0\x01\x00\x00\x01\xad" +
	"\xe1\x01\x00\x00\x01\xa5\x8a\x08\x00\x00\x01\xc5\xe2\x01\x00\x00\x01\xe3\x84\x09\x00\x00\x01\x9c\xe3" +
	"\x01\x00\x00\x01\xab\x87\x09\x00\x00\x01\xa8\xe4\x01\x00\x00\x01\xb5\xe4\x01\x00\x00\x01\xd0\xe4\x01" +
	"\x00\x00\x01\x88\x8c\x09\x00\x00\x01\x80\xe5\x01\x00\x00\x01\x95\xe5\x01\x00\x00\x01\xb5\x8e\x09\x00" +
	"\x00\x01\x94\x90\x09\x00\x00\x01\xfa\xe6\x01\x00\x00\x01\x8b\xe7\x01\x00\x00\x01\xac}\x00\x00\x01" +
	"\xa5\xe7\x01\x00\x00\x01\xb8}\x00\x00\x01\xb8}\x00\x00\x01\xc7\xe8\x01\x00\x00\x01\xdc\xe8\x01\x00" +
	"\x00\x01\xf1\xe8\x01\x00\x00\x01\x85\xe9\x01\x00\x00\x01\xca\xe9\x01\x00\x00\x01\x9b~\x00\x00\x01" +
	"\xa4\xea\x01\x00\x00\x01\xb6\x98\x09\x00\x00\x01\xbe\xea\x01\x00\x00\x01\x92\x99\x09\x00\x00\x01\xf0" +
	"\xea\x01\x00\x00\x01\x9f\xc3\x08\x00\x00\x01\x90\xec\x01\x00\x00\x01\xa1\x9f\x09\x00\x00\x01\xb8\x9f" +
	"\x09\x00\x00\x01\xc4\xa0\x09\x00\x00\x01\xfc\x7f\x00\x00\x01\x88\x80\x01\x00\x00\x01\xf4\xed\x01\x00" +
	"\x00\x01\xf3\xa1\x09\x00\x00\x01\xf2\xa1\x09\x00\x00\x01\x99\xa2\x09\x00\x00\x01\xb3\xa2\x09\x00\x00" +
	"\x01\x9e\xee\x01\x00\x00\x01\x9f\xee\x01\x00\x00\x01\x9f\xee\x01\x00\x00\x01\xca\xee\x01\x00\x00\x01" +
	"\xb9\x80\x01\x00\x00\x01\x8b\xef\x01\x00\x00\x01\xc6\x80\x01\x00\x00\x01\x96\x81\x01\x00\x00\x01\x9d" +
	"\xa8\x09\x00\x00\x01\xce\xf0\x01\x00\x00\x01\x8c\xf1\x01\x00\x00\x01\xcc\xf1\x01\x00\x00\x01\xe3\x81" +
	"\x01\x00\x00\x01\xa6\xac\x09\x00\x00\x01\xd6\xf2\x01\x00\x00\x01\x9a\xad\x09\x00\x00\x01\xc5\xad\x09" +
	"\x00\x00\x01\x8f\xf3\x01\x00\x00\x01\xeb\xf3\x01\x00\x00\x01\xaf\x82\x01\x00\x00\x01\xc0\xf4\x01\x00" +
	"\x00\x01\xca\xf4\x01\x00\x00\x01\xcf\xf4\x01\x00\x00\x01\xfc\xb2\x09\x00\x00\x01\xa7\xb5\x09\x00\x00" +
	"\x01\xa7\xb5\x09\x00\x00\x01\xee\xf5\x01\x00\x00\x01\x82\x84\x01\x00\x00\x01\xab\xb7\x09\x00\x00\x01" +
	"\xc6\xf7\x01\x00\x00\x01\xc9\xf7\x01\x00\x00\x01\xa7\x84\x01\x00\x00\x01\x80\xb9\x09\x00\x00\x01\xd2" +
	"\xf9\x01\x00\x00\x01\xa0\x85\x01\x00\x00\x01\xe8\xf9\x01\x00\x00\x01\xe3\xf9\x01\x00\x00\x01\x80\xfa" +
	"\x01\x00\x00\x01\x86\xbf\x09\x00\x00\x01\xe3\xfa\x01\x00\x00\x01\x81\x86\x01\x00\x00\x01\xc7\xfb\x01" +
	"\x00\x00\x01\x82\xfc\x01\x00\x00\x01\xc5\xfc\x01\x00\x00\x01\xb4\x86\x01\x00\x00\x01\xa8\xc4\x09\x00" +
	"\x00\x01\xc7\xc4\x09\x00\x00\x01\xd9\x86\x01\x00\x00\x01\xd9\xc5\x09\x00\x00\x01\xfa\xfe\x01\x00\x00" +
	"\x01\xbe\xc6\x09\x00\x00\x01\x95\xff\x01\x00\x00\x01\xfa\xff\x01\x00\x00\x01\x85\x80\x02\x00\x00\x01" +
	"\xda\xc9\x09\x00\x00\x01\xa3\xca\x09\x00\x00\x01\xe0\x80\x02\x00\x00\x01\xa8\xcb\x09\x00\x00\x01\xf0" +
	"\x80\x02\x00\x00\x01\xdf\xe6\x08\x00\x00\x01\xd5\x87\x01\x00\x00\x01\xb2\x81\x02\x00\x00\x01\x83\x82" +
	"\x02\x00\x00\x01\x8b\x88\x01\x00\x00\x01\xbe\x82\x02\x00\x00\x01\xb5\xb5\x01\x00\x00\x01\xa7\xcf\x09" +
	"\x00\x00\x01\xb5\xcf\x09\x00\x00\x01\x93\xe7\x08\x00\x00\x01\x9c\xe7\x08\x00\x00\x01\x81\x84\x02\x00" +
	"\x00\x01\x84\x84\x02\x00\x00\x01\x9e\x9f\x02\x00\x00\x01\xeb\x88\x01\x00\x00\x01\x91\x85\x02\x00\x00" +
	"\x01\x8b\x85\x02\x00\x00\x01\x9d\x85\x02\x00\x00\x01\xb3\xa5\x01\x00\x00\x01\xb1\x85\x02\x00\x00\x01" +
	"\xb3\x85\x02\x00\x00\x01\xbd\x85\x02\x00\x00\x01\xe6\x85\x02\x00\x00\x01\xbc\xd6\x09\x00\x00\x01\xe5" +
	"\x85\x02\x00\x00\x01\x9d\x86\x02\x00\x00\x01\xe3\x86\x02\x00\x00\x01\xad\x87\x02\x00\x00\x01\xa3\x86" +
	"\x02\x00\x00\x01\xbd\x87\x02\x00\x00\x01\xe7\x87\x02\x00\x00\x01\xd7\x88\x02\x00\x00\x01\xd3\x86\x02" +
	"\x00\x00\x01\xca\x87\x02\x00\x00\x01\xcc\x87\x02\x00\x00\x01\xdc\x87\x02\x00\x00\x01\xb6\xd8\x09\x00" +
	"\x00\x01\xeb\xda\x09\x00\x00\x01\xd5\xd9\x09\x00\x00\x01\xab\x8a\x01\x00\x00\x01\xf1\x89\x02\x00\x00" +
	"\x01\xf3\x89\x02\x00\x00\x01\x96\x8a\x02\x00\x00\x01\xca\xe7\x09\x00\x00\x01\xe4\x8a\x02\x00\x00\x01" +
	"\xac\xde\x09\x00\x00\x01\xdd\x8a\x01\x00\x00\x01\xe1\x8a\x01\x00\x00\x01\xb1\xdf\x09\x00\x00\x01\xd2" +
	"\xe1\x09\x00\x00\x01\xeb\x8a\x01\x00\x00\x01\xd0\x8c\x02\x00\x00\x01\xdc\x8c\x02\x00\x00\x01\xe7\x8c" +
	"\x02\x00\x00\x01\xe9\x8c\x02\x00\x00\x01\xa9\x8d\x02\x00\x00\x01\x88\x8d\x02\x00\x00\x01\x8e\x8e\x02" +
	"\x00\x00\x01\xe2\x8d\x02\x00\x00\x01\xf9\x8e\x02\x00\x00\x01\xa8\x8e\x02\x00\x00\x01\xeb\x8e\x02\x00" +
	"\x00\x01\x86\x8f\x02\x00\x00\x01\xd7\x8b\x01\x00\x00\x01\xe1\x8f\x02\x00\x00\x01\x81\x90\x02\x00\x00" +
	"\x01\xf9\x8b\x01\x00\x00\x01\xe0\x90\x02\x00\x00\x01\xe3\x90\x02\x00\x00\x01\xe7\xec\x09\x00\x00\x01" +
	"\xd7\x91\x02\x00\x00\x01\xde\x91\x02\x00\x00\x01\xb5\x8c\x01\x00\x00\x01\xfa\x91\x02\x00\x00\x01\xbb" +
	"i\x00\x00\x01\xae\xf1\x09\x00\x00\x01\xe6\xf2\x09\x00\x00\x01\xbe\x8d\x01\x00\x00\x01\xc7\x8d\x01" +
	"\x00\x00\x01\xa0\x95\x02\x00\x00\x01\xed\x95\x02\x00\x00\x01\x8a\x97\x02\x00\x00\x01\xd5\x98\x02\x00" +
	"\x00\x01\xa8\xf9\x09\x00\x00\x01\xab\x99\x02\x00\x00\x01\xc1\x99\x02\x00\x00\x01\x9b\x9a\x02\x00\x00" +
	"\x01\xf7\x9a\x02\x00\x00\x01\xaf\xfe\x09\x00\x00\x01\x84\x90\x08\x00\x00\x01\xcb\x9b\x02\x00\x00\x01" +
	"\xbc\x9b\x02\x00\x00\x01\xf0\x9b\x02\x00\x00\x01\xde\x91\x08\x00\x00\x01\xd4\x9d\x02\x00\x00\x01\xb8" +
	"\x9e\x02\x00\x00\x01\xd2\x8b\x0a\x00\x00\x01\xed\x8b\x0a\x00\x00\x01\x94\xa1\x02\x00\x00\x01\xf1\xa1" +
	"\x02\x00\x00\x01\x91\xa2\x02\x00\x00\x01\xae\x8e\x0a\x00\x00\x01\x9b\xa2\x02\x00\x00\x01\xb8\xa4\x02" +
	"\x00\x00\x01\xd7\xa5\x02\x00\x00\x01\xd8\xa5\x02\x00\x00\x01\xfc\xa4\x02\x00\x00\x01\xf9\xa7\x02\x00" +
	"\x00\x01\x95\xa8\x02\x00\x00\x01\xfa\x97\x0a\x00\x00\x01\x8b\xab\x02\x00\x00\x01\x95\x93\x01\x00\x00" +
	"\x01\xb7\xab\x02\x00\x00\x01\xf7\x9a\x0a\x00\x00\x01\xe6\x93\x01\x00\x00\x01\xc3\xad\x02\x00\x00\x01" +
	"\xb2\xbb\x01\x00\x00\x01\xa3\xae\x02\x00\x00\x01\xc5\xa2\x0a\x00\x00\x01\x9a\xa4\x0a\x00\x00\x01\xee" +
	"\x94\x01\x00\x00\x01\xf6\x94\x01\x00\x00\x01\xe0\xaf\x02\x00\x00\x01\x8a\xa8\x0a\x00\x00\x01\xb2\x95" +
	"\x01\x00\x00\x01\x96\xa9\x0a\x00\x00\x01\x8b\xb0\x02\x00\x00\x01\x8b\xb0\x02\x00\x00\x01\xa9\xb0\x02" +
	"\x00\x00\x01\xb6\xab\x0a\x00\x00\x01\xe2\xb1\x02\x00\x00\x01\xb3\x96\x01\x00\x00\x01\xa9\xb2\x02\x00" +
	"\x00\x01\xa7\xb3\x02\x00\x00\x01\xc2\xb3\x02\x00\x00\x01\xfe\xb3\x02\x00\x00\x01\xce\x97\x01\x00\x00" +
	"\x01\xb0\xb6\x0a\x00\x00\x01\x92\xb6\x02\x00\x00\x01\xc0\xb8\x02\x00\x00\x01\xfd\xb9\x02\x00\x00\x01" +
	"\xce\x99\x01\x00\x00\x01\xed\x99\x01\x00\x00\x01\xe7\xba\x02\x00\x00\x01\xce\xc1\x0a\x00\x00\x01\xf8" +
	"\x99\x01\x00\x00\x01\x85\xc2\x0a\x00\x00\x01\x8e\xc4\x0a\x00\x00\x01\x91\xc5\x0a\x00\x00\x01\xbb\xbd" +
	"\x02\x00\x00\x01\xd6\x9a\x01\x00\x00\x01\xf9\xbd\x02\x00\x00\x01\xfe\xbd\x02\x00\x00\x01\x85\xbe\x02" +
	"\x00\x00\x01\x8f\xbe\x02\x00\x00\x01\x96\xbe\x02\x00\x00\x01\xbb\xbe\x02\x00\x00\x01\x80\xcc\x0a"

// ucdCombiningClasses holds the non-zero Canonical_Combining_Class values
// as runs: the uvarint gap from the previous run's end plus one, the
// uvarint run length minus one and the class byte.
const ucdCombiningClasses = "\x80\x06\x14\xe6\x00\x00\xe8\x00\x03\xdc\x00\x00\xe8\x00\x00\xd8\x00\x04\xdc\x00\x01\xca\x00\x03\xdc" +
	"\x00\x01\xca\x00\x0a\xdc\x00\x04\x01\x00\x03\xdc\x00\x07\xe6\x00\x00\xf0\x00\x00\xe6\x00\x02\xdc\x00" +
	"\x02\xe6\x00\x01\xdc\x01\x02\xe6\x00\x03\xdc\x00\x00\xe6\x00\x00\xe8\x00\x01\xdc\x00\x00\xe6\x00\x00" +
	"\xe9\x00\x01\xea\x00\x00\xe9\x00\x01\xea\x00\x00\xe9\x00\x0c\xe6\x93\x02\x04\xe6\x89\x02\x00\xdc\x00" +
	"\x03\xe6\x00\x00\xdc\x00\x02\xe6\x00\x00\xde\x00\x00\xdc\x00\x05\xe6\x00\x05\xdc\x00\x01\xe6\x00\x00" +
	"\xdc\x00\x01\xe6\x00\x00\xde\x00\x00\xe4\x00\x00\xe6\x00\x00\x0a\x00\x00\x0b\x00\x00\x0c\x00\x00\x0d" +
	"\x00\x00\x0e\x00\x00\x0f\x00\x00\x10\x00\x00\x11\x00\x00\x12\x00\x01\x13\x00\x00\x14\x00\x00\x15\x00" +
	"\x00\x16\x01\x00\x17\x01\x00\x18\x00\x00\x19\x01\x00\xe6\x00\x00\xdc\x01\x00\x12H\x07\xe6\x00\x00" +
	"\x1e\x00\x00\x1f\x00\x00 0\x00\x1b\x00\x00\x1c\x00\x00\x1d\x00\x00\x1e\x00\x00\x1f\x00\x00 \x00\x00!" +
	"\x00\x00\"\x00\x01\xe6\x00\x01\xdc\x00\x04\xe6\x00\x00\xdc\x00\x01\xe6\x00\x00\xdc\x10\x00#e\x06\xe6" +
	"\x02\x03\xe6\x00\x00\xdc\x00\x00\xe6\x02\x01\xe6\x01\x00\xdc\x00\x01\xe6\x00\x00\xdc#\x00$\x1e\x00" +
	"\xe6\x00\x00\xdc\x00\x01\xe6\x00\x00\xdc\x00\x01\xe6\x00\x02\xdc\x00\x00\xe6\x00\x01\xdc\x00\x00\xe6" +
	"\x00\x00\xdc\x00\x02\xe6\x00\x00\xdc\x00\x00\xe6\x00\x00\xdc\x00\x00\xe6\x00\x00\xdc\x00\x00\xe6\x00" +
	"\x00\xdc\x00\x01\xe6\xa0\x01\x06\xe6\x00\x00\xdc\x00\x00\xe6\x09\x00\xdc\x18\x03\xe6\x01\x08\xe6\x01" +
	"\x02\xe6\x01\x04\xe6+\x02\xdc;\x01\xe6\x00\x02\xdc\x00\x03\xe6*\x04\xe6\x00\x04\xdc\x00\x0d\xe6\x01" +
	"\x00\xdc\x00\x01\xe6\x00\x00\xdc\x00\x01\xe6\x00\x00\xdc\x00\x02\xe6\x00\x02\xdc\x00\x00\x1b\x00\x00" +
	"\x1c\x00\x00\x1d\x00\x02\xe6\x00\x00\xdc\x00\x01\xe6\x00\x01\xdc\x00\x04\xe6<\x00\x07\x10\x00\x09" +
	"\x03\x00\xe6\x00\x00\xdc\x00\x01\xe6g\x00\x07\x10\x00\x090\x00\xe6=\x00\x07\x10\x00\x09n\x00\x07\x10" +
	"\x00\x09n\x00\x07\x10\x00\x09\x7f\x00\x09n\x00\x07\x10\x00\x09\x07\x00T\x00\x00[e\x00\x07\x10\x00" +
	"\x09m\x01\x09\x10\x00\x09|\x00\x09m\x01g\x00\x00\x09\x0d\x03kl\x01v\x00\x00\x09\x0d\x03zL\x01\xdc" +
	"\x1b\x00\xdc\x01\x00\xdc\x01\x00\xd87\x00\x81\x00\x00\x82\x01\x00\x84\x05\x03\x82\x02\x00\x82\x01" +
	"\x01\xe6\x00\x00\x09\x01\x01\xe6>\x00\xdcp\x00\x07\x01\x01\x09R\x00\xdc\xcf\x05\x02\xe6\xb4\x07\x01" +
	"\x09\x1e\x00\x09\x9d\x01\x00\x09\x0a\x00\xe6\xcb\x01\x00\xe4\x8f\x01\x00\xde\x00\x00\xe6\x00\x00\xdc" +
	"\xdb\x01\x00\xe6\x00\x00\xdcG\x00\x09\x14\x07\xe6\x02\x00\xdc0\x04\xe6\x00\x05\xdc\x00\x01\xe6\x00" +
	"\x00\xdc\x01\x01\xdc\x00\x01\xe6\x00\x01\xdc\x00\x04\xe6\x00\x00\xdc\x00\x11\xe6\x00\x00\xdc\x02\x05" +
	"\xe6\x00\x00\xdc\x00\x03\xe6\x00\x00\xeaH\x00\x07\x0f\x00\x09&\x00\xe6\x00\x00\xdc\x00\x06\xe66\x01" +
	"\x09:\x00\x07\x0b\x01\x09C\x00\x07\x98\x01\x02\xe6\x01\x00\x01\x00\x04\xdc\x00\x01\xe6\x00\x03\xdc" +
	"\x00\x00\xe6\x01\x06\x01\x04\x00\xdc\x06\x00\xe6\x03\x01\xe6\xc6\x01\x01\xe6\x00\x00\xdc\x00\x06\xe6" +
	"\x00\x00\xdc\x00\x01\xe6\x00\x00\xea\x00\x00\xd6\x00\x00\xdc\x00\x00\xca\x00$\xe6\x00\x00\xe8\x00" +
	"\x01\xe4\x00\x00\xdc\x00\x00\xda\x00\x00\xe6\x00\x00\xe9\x00\x00\xdc\x00\x00\xe6\x00\x00\xdc\xd0\x05" +
	"\x01\xe6\x00\x01\x01\x00\x03\xe6\x00\x02\x01\x00\x01\xe6\x04\x00\xe6\x03\x01\x01\x00\x00\xe6\x00\x00" +
	"\xdc\x00\x00\xe6\x00\x01\x01\x00\x03\xdc\x00\x00\xe6\xfe\x17\x02\xe6\x8d\x01\x00\x09`\x1f\xe6\xaa" +
	"\x04\x00\xda\x00\x00\xe4\x00\x00\xe8\x00\x00\xde\x00\x01\xe0i\x01\x08\xd4\xeb\x01\x00\xe6\x04\x09" +
	"\xe6 \x01\xe6P\x01\xe6\x94\x02\x00\x09%\x00\x09\x97\x01\x00\x09\x1b\x11\xe69\x02\xdc%\x00\x09_\x00" +
	"\x07\x0c\x00\x09\xef\x01\x00\xe6\x01\x01\xe6\x00\x00\xdc\x02\x01\xe6\x05\x01\xe6\x01\x00\xe64\x00" +
	"\x09\xf6\x01\x00\x09\xb0\x9e\x01\x00\x1a\x81\x06\x06\xe6\x00\x06\xdc\x00\x01\xe6\xcd\x07\x00\xdc\xe2" +
	"\x01\x00\xdc\x95\x01\x04\xe6\x92\x0d\x00\xdc\x01\x00\xe6(\x00\xe6\x00\x00\x01\x00\x00\xdc\x04\x00" +
	"\x09\xa5\x01\x00\xe6\x00\x00\xdc\xbd\x04\x03\xe6A\x04\xe6\xbd\x02\x01\xe6M\x01\xdc\x01\x02\xdcF\x01" +
	"\xdc\x00\x02\xe6\x00\x00\xdc\x00\x00\xe6\x00\x03\xdc1\x00\xe6\x00\x00\xdc\x00\x00\xe6\x00\x00\xdc" +
	"\xc0\x01\x00\x09)\x00\x09\x0e\x00\x099\x00\x09\x00\x00\x07E\x02\xe60\x01\x09>\x00\x07L\x00\x09\x09" +
	"\x00\x07j\x00\x09\x00\x00\x07\xb2\x01\x00\x07\x00\x00\x09P\x01\x07\x10\x00\x09\x18\x06\xe6\x03\x04" +
	"\xe6Y\x02\x09q\x00\x09\x03\x00\x07\x17\x00\xe6c\x00\x09\x00\x00\x07\xfb\x01\x00\x09\x00\x00\x07~\x00" +
	"\x09v\x00\x09\x00\x00\x07s\x00\x09\x8d\x02\x00\x09\x00\x00\x07\x82\x02\x01\x09\x04\x00\x07\x9c\x01" +
	"\x00\x09S\x00\x09\x12\x00\x09Q\x00\x09\xa5\x03\x00\x09\x82\x02\x00\x07\x01\x01\x09Q\x00\x09\xa9\x03" +
	"\x01\x09\xec\x83\x01\x00\x09\xc0\x13\x04\x01;\x06\xe6\xb9\x09\x01\x06\xac\x99\x01\x00\x01\xc6)\x01" +
	"\xd8\x00\x02\x01\x03\x00\xe2\x00\x04\xd8\x08\x07\xdc\x02\x04\xe6\x00\x01\xdc\x1e\x03\xe6\x94\x01\x02" +
	"\xe6\xbb\x1b\x06\xe6\x01\x10\xe6\x02\x06\xe6\x01\x01\xe6\x01\x04\xe6d\x00\xe6\xa0\x01\x06\xe6\xf7" +
	"\x02\x00\xe6=\x03\xe6\xfc\x03\x01\xe8\x00\x00\xdc\x00\x00\xe6\xfe\x01\x00\xe6\x00\x00\xdc\xf3\x01" +
	"\x00\xe6\x02\x00\xe6\x07\x01\xe6\x05\x00\xe6\xda\x03\x06\xdcm\x05\xe6\x00\x00\x07"
