// Code generated by internal/gen/ucd from the Unicode 17.0.0 UCD; DO NOT EDIT.

package regexpsyntax

// unicodeVersion is the UCD version of every table below; it matches the
// version tc39/test262 generates its property-escape tests from.
const unicodeVersion = "17.0.0"

// ucdGeneralCategories holds the General_Category values by short name
// (groups such as L and LC included) in decodeRanges format.
var ucdGeneralCategories = [...]ucdTable{
	{"C", "\x00\x1f_ \x0d\x00\xca\x05\x01\x06\x03\x07\x00\x01\x00\x14\x00\x8d\x03\x00&\x012\x01\x03\x007\x07" +
		"\x1b\x03\x06\x10\x16\x00\xc0\x01\x000\x01;\x01e\x0d;\x011\x01\x0f\x00\x1c\x01\x01\x00\x0b\x04 \x06K" +
		"\x00\xa1\x01\x00\x08\x01\x02\x01\x16\x00\x07\x00\x01\x02\x04\x01\x09\x01\x02\x01\x04\x07\x01\x03\x02" +
		"\x00\x05\x01\x19\x01\x03\x00\x06\x03\x02\x01\x16\x00\x07\x00\x02\x00\x02\x00\x02\x01\x01\x00\x05\x03" +
		"\x02\x01\x03\x02\x01\x06\x04\x00\x01\x06\x11\x09\x03\x00\x09\x00\x03\x00\x16\x00\x07\x00\x02\x00\x05" +
		"\x01\x0a\x00\x03\x00\x03\x01\x01\x0e\x04\x01\x0c\x06\x07\x00\x03\x00\x08\x01\x02\x01\x16\x00\x07\x00" +
		"\x02\x00\x05\x01\x09\x01\x02\x01\x03\x06\x03\x03\x02\x00\x05\x01\x12\x09\x02\x00\x06\x02\x03\x00\x04" +
		"\x02\x02\x00\x01\x00\x02\x02\x02\x02\x03\x02\x0c\x03\x05\x02\x03\x00\x04\x01\x01\x05\x01\x0d\x15\x04" +
		"\x0d\x00\x03\x00\x17\x00\x10\x01\x09\x00\x03\x00\x04\x06\x02\x00\x03\x00\x02\x01\x04\x01\x0a\x06\x16" +
		"\x00\x03\x00\x17\x00\x0a\x00\x05\x01\x09\x00\x03\x00\x04\x06\x02\x04\x03\x00\x04\x01\x0a\x00\x03\x0b" +
		"\x0d\x00\x03\x003\x00\x03\x00\x06\x03\x10\x01\x1a\x00\x03\x00\x12\x02\x18\x00\x09\x00\x01\x01\x07" +
		"\x02\x01\x03\x06\x00\x01\x00\x08\x05\x0a\x01\x03\x0b:\x03\x1d$\x02\x00\x01\x00\x05\x00\x18\x00\x01" +
		"\x00\x17\x01\x05\x00\x01\x00\x07\x00\x0a\x01\x04\x1fH\x00$\x03'\x00$\x00\x0f\x00\x0d$\xc6\x01\x00" +
		"\x01\x04\x01\x01\xf9\x02\x00\x04\x01\x07\x00\x01\x00\x04\x01)\x00\x04\x01!\x00\x04\x01\x07\x00\x01" +
		"\x00\x04\x01\x0f\x009\x00\x04\x01C\x01 \x02\x1a\x05V\x01\x06\x01\x9d\x05\x02Y\x06\x16\x08\x18\x08" +
		"\x14\x0b\x0d\x00\x03\x00\x02\x0b^\x01\x0a\x05\x0a\x05\x0e\x00\x0b\x05Y\x06+\x04F\x09\x1f\x00\x0c\x03" +
		"\x0c\x03\x01\x02*\x01\x05\x0a,\x03\x1a\x05\x0b\x02>\x01A\x00\x1d\x01\x0b\x05\x0a\x05\x0e\x01.\x01" +
		"\x0c\x13M\x00\xa6\x01\x07<\x02\x0f\x02>\x04+\x01\x0b\x07+\x04\x96\x04\x01\x06\x01&\x01\x06\x01\x08" +
		"\x00\x01\x00\x01\x00\x01\x00\x1f\x015\x00\x0f\x00\x0e\x01\x06\x00\x13\x01\x03\x00\x09\x00\x0b\x04" +
		"\x1a\x041\x0f\x02\x01\x1b\x00\x0d\x02\"\x0d!\x0e\x8c\x01\x03\x9a\x05\x15\x0b\x14\x94\x0e\x01\xfe\x02" +
		"\x04-\x00\x01\x04\x01\x018\x06\x02\x0d\x18\x08\x07\x00\x07\x00\x07\x00\x07\x00\x07\x00\x07\x00\x07" +
		"\x00\x07\x00~!\x1a\x00Y\x0b\xd6\x01\x19P\x00V\x01g\x04+\x00^\x00V\x080\x00\xed\xe4\x01\x027\x08\xdc" +
		"\x02\x13\xb8\x01\x07\xdd\x01\x13<\x02\x0a\x058\x07F\x07\x0c\x05t\x0a\x1e\x02N\x00\x0b\x03!\x007\x08" +
		"\x0e\x01\x0a\x01g\x17\x1c\x09\x06\x01\x06\x01\x06\x08\x07\x00\x07\x00<\x03~\x01\x0a\x05\xa4W\x0b\x17" +
		"\x031\x83B\xee\x02\x01j%\x07\x0b\x05\x04\x1a\x00\x05\x00\x01\x00\x02\x00\x02\x00\x8a\x05\x1f*\x053" +
		"\x00\x13\x00\x04\x03\x05\x00\x87\x01\x03\xbe\x01\x02\x06\x01\x06\x01\x06\x01\x03\x02\x07\x00\x07\x0c" +
		"\x02\x01\x0c\x00\x1a\x00\x13\x00\x02\x00\x0f\x01\x0e!{\x04\x03\x03-\x02X\x00\x0d\x02\x01..\x81\x01" +
		"\x1d\x021\x0e\x1c\x03$\x08\x1e\x04+\x04\x1e\x00%\x03\x0e)\x9e\x01\x01\x0a\x05$\x03$\x03(\x074\x0a" +
		"\x0c\x00\x0f\x00\x07\x00\x02\x00\x0b\x00\x0f\x00\x07\x00\x02\x024\x0b\xb7\x02\x08\x16\x09\x08\x17" +
		"\x06\x00*\x00\x09D\x06\x01\x01\x00,\x00\x02\x02\x01\x01\x17\x00H\x07\x09/\x13\x00\x02\x04!\x02\x1b" +
		"\x04\x1b%8\x03\x14\x012\x00\x02\x04\x08\x00\x03\x00\x1d\x01\x03\x03\x0a\x06\x09\x06@\x1f'\x03\x0c" +
		"\x086\x02\x1d\x01\x1b\x04\x1a\x06\x04\x0b\x07OI63\x0c3\x06.\x07\x0a\x05&\x02\x1d\x07\x02\xcf\x01\x1f" +
		"\x00*\x00\x03\x01\x02\x0f\x06\x07\x09 .\x07*\x15\x1a%\x1c\x13\x17\x08N\x03$\x08>\x00\x05\x0c\x19\x06" +
		"\x0a\x055\x00\x12\x07'\x08`\x00\x14\x0a\x12\x00/=\x07\x00\x01\x00\x04\x00\x0f\x00\x0b\x05;\x04\x0a" +
		"\x05\x04\x00\x08\x01\x02\x01\x16\x00\x07\x00\x02\x00\x05\x00\x0a\x01\x02\x01\x03\x01\x01\x05\x01\x04" +
		"\x07\x01\x07\x02\x05\x0a\x0a\x00\x01\x01\x01\x00&\x00\x0a\x00\x01\x01\x01\x00\x04\x00\x0a\x00\x02" +
		"\x07\x02\x1c\\\x00\x05\x1dH\x07\x0a\xa5\x016\x01&!E\x0a\x0a\x05\x0d\x12:\x05\x0a\x05\x14\x1b\x1b\x01" +
		"\x0f\x03\x17\xb8\x01<cS\x0b\x08\x01\x01\x01\x08\x00\x02\x00\x1e\x00\x02\x01\x0c\x08\x0aE\x08\x01." +
		"\x01\x0b\x1aH\x07S\x0cI\x06\x0aU\x08W\"\x0d\x0a\x05\x09\x00-\x00\x0e\x09\x1d\x02 \x01\x16\x00\x0eH" +
		"\x07\x00\x02\x00,\x02\x01\x00\x02\x00\x09\x07\x0a\x05\x06\x00\x02\x00%\x00\x02\x00\x06\x06\x0a\x05," +
		"\x03\x0a\xf5\x01\x19\x06\x11\x00)\x02\x1dT\x01\x0e2\x0c\x9b\x07eo\x00\x05\x0a\xc4\x01\xcb\x14c\x0c" +
		"\xb0\x08\x0f\x16\x09\x9b\x1f\x04\xc7\x04\xb85:\xc5\x0d\xb9\x04\x06\x1f\x00\x0a\x03Q\x00\x0a\x05\x1e" +
		"\x01\x06\x09F\x09\x0a\x00\x07\x00\x15\x04\x13\xaf\x03:\xc5\x01[\x04\x19\x01\x19+K\x039\x06\x11?\x05" +
		"\x0a\x07\x08\xd69( `s\xfcC\x04\x00\x07\x00\x02\x00\xa3\x02\x0e\x01\x1c\x03\x01\x01\x0d\x04\x07\x8c" +
		"\x03\x83\x12k\x04\x0d\x02\x09\x06\x0a\x01\x04\xdf\x1e\xfd\x01\x02\xb4\x03\x05\x17\x0e\x11\x0e.\x01" +
		"\x17\x08t;\xf6\x01\x09'\x01J\x07p\x14Fy\x14\x0b\x14\x0bW\x08\x19\x86\x01U\x00G\x00\x02\x01\x01\x01" +
		"\x02\x01\x04\x00\x0c\x00\x01\x00\x07\x00A\x00\x04\x01\x08\x00\x07\x00\x1c\x00\x04\x00\x05\x00\x01" +
		"\x02\x07\x00\xd4\x02\x01\xa4\x02\x01\xbe\x05\x0e\x05\x00\x0f\xcf\x08\x1f\x05\x06\xd4\x01\x07\x00\x11" +
		"\x01\x07\x00\x02\x00\x05\x04> \x01o-\x02\x0e\x01\x0a\x03\x02\xbf\x02\x1f\x10:\x04\x01\xcf\x03*\xd5" +
		"\x01+\x03\x01\xbf\x01\x1f\x00\x16\x07\x02\xdf\x01\x07\x00\x04\x00\x02\x00\x0f\x00\xc5\x01\x01\x10(L" +
		"\x03\x0a\x03\x02\x90\x06DK=\xc1\x01\x04\x00\x1b\x00\x02\x00\x01\x01\x01\x00\x0a\x00\x04\x00\x01\x00" +
		"\x01\x05\x01\x03\x01\x00\x01\x00\x01\x00\x03\x00\x02\x00\x01\x01\x01\x00\x01\x00\x01\x00\x01\x00\x01" +
		"\x00\x02\x00\x01\x01\x04\x00\x07\x00\x04\x00\x04\x00\x01\x00\x0a\x00\x11\x04\x03\x00\x05\x00\x113" +
		"\x02\x8d\x02,\x03d\x0b\x0f\x01\x0f\x00\x0f\x00%\x09\xae\x017\x1d\x0c,\x03\x09\x06\x02\x0d\x06\x99" +
		"\x01\xd9\x07\x02\x11\x02\x0d\x02\xda\x01\x05\x0c\x03\x01\x0e\x0c\x038\x07\x0a\x05(\x07\x1e\x01\x0c" +
		"\x03\x02\x0d\x09&\xd8\x02\x07\x0e\x01\x0d\x02\x0b\x029\x00\x01\x03\x10\x01\x0c\x03\x0a\x06\x93\x01" +
		"\x00g\x84\x08\xe0\xcd\x02\x1f\x9e\"\x01\x8e-\x01\xb1:\x0e\xee\x04\xa1\x13\x9e\x04\xe1\x0b\xcb&\x04" +
		"\xaaB\x85\x99+\xf0\x01\x8f\xfc\x0b"},
	{"Cc", "\x00\x1f_ "},
	{"Cf", "\xad\x01\x00\xd2\x0a\x05\x16\x00\xc0\x01\x001\x00\x80\x03\x01P\x00\xab\x1e\x00\xfc\x0f\x04\x1a\x041" +
		"\x04\x01\x09\x8f\xbd\x03\x00\xf9\x01\x02\xc1!\x00\x0f\x00\xe2F\x0f\xe0\x90\x02\x03\xcf)\x07\x86\xdd0" +
		"\x00\x1e_"},
	{"Cn", "\xf8\x06\x01\x06\x03\x07\x00\x01\x00\x14\x00\x8d\x03\x00&\x012\x01\x03\x007\x07\x1b\x03\x06\x0a\x8e" +
		"\x02\x00<\x01e\x0d;\x011\x01\x0f\x00\x1c\x01\x01\x00\x0b\x04\"\x04\xed\x01\x00\x08\x01\x02\x01\x16" +
		"\x00\x07\x00\x01\x02\x04\x01\x09\x01\x02\x01\x04\x07\x01\x03\x02\x00\x05\x01\x19\x01\x03\x00\x06\x03" +
		"\x02\x01\x16\x00\x07\x00\x02\x00\x02\x00\x02\x01\x01\x00\x05\x03\x02\x01\x03\x02\x01\x06\x04\x00\x01" +
		"\x06\x11\x09\x03\x00\x09\x00\x03\x00\x16\x00\x07\x00\x02\x00\x05\x01\x0a\x00\x03\x00\x03\x01\x01\x0e" +
		"\x04\x01\x0c\x06\x07\x00\x03\x00\x08\x01\x02\x01\x16\x00\x07\x00\x02\x00\x05\x01\x09\x01\x02\x01\x03" +
		"\x06\x03\x03\x02\x00\x05\x01\x12\x09\x02\x00\x06\x02\x03\x00\x04\x02\x02\x00\x01\x00\x02\x02\x02\x02" +
		"\x03\x02\x0c\x03\x05\x02\x03\x00\x04\x01\x01\x05\x01\x0d\x15\x04\x0d\x00\x03\x00\x17\x00\x10\x01\x09" +
		"\x00\x03\x00\x04\x06\x02\x00\x03\x00\x02\x01\x04\x01\x0a\x06\x16\x00\x03\x00\x17\x00\x0a\x00\x05\x01" +
		"\x09\x00\x03\x00\x04\x06\x02\x04\x03\x00\x04\x01\x0a\x00\x03\x0b\x0d\x00\x03\x003\x00\x03\x00\x06" +
		"\x03\x10\x01\x1a\x00\x03\x00\x12\x02\x18\x00\x09\x00\x01\x01\x07\x02\x01\x03\x06\x00\x01\x00\x08\x05" +
		"\x0a\x01\x03\x0b:\x03\x1d$\x02\x00\x01\x00\x05\x00\x18\x00\x01\x00\x17\x01\x05\x00\x01\x00\x07\x00" +
		"\x0a\x01\x04\x1fH\x00$\x03'\x00$\x00\x0f\x00\x0d$\xc6\x01\x00\x01\x04\x01\x01\xf9\x02\x00\x04\x01" +
		"\x07\x00\x01\x00\x04\x01)\x00\x04\x01!\x00\x04\x01\x07\x00\x01\x00\x04\x01\x0f\x009\x00\x04\x01C\x01" +
		" \x02\x1a\x05V\x01\x06\x01\x9d\x05\x02Y\x06\x16\x08\x18\x08\x14\x0b\x0d\x00\x03\x00\x02\x0b^\x01\x0a" +
		"\x05\x0a\x05\x1a\x05Y\x06+\x04F\x09\x1f\x00\x0c\x03\x0c\x03\x01\x02*\x01\x05\x0a,\x03\x1a\x05\x0b" +
		"\x02>\x01A\x00\x1d\x01\x0b\x05\x0a\x05\x0e\x01.\x01\x0c\x13M\x00\xa6\x01\x07<\x02\x0f\x02>\x04+\x01" +
		"\x0b\x07+\x04\x96\x04\x01\x06\x01&\x01\x06\x01\x08\x00\x01\x00\x01\x00\x01\x00\x1f\x015\x00\x0f\x00" +
		"\x0e\x01\x06\x00\x13\x01\x03\x00\x09\x00e\x00\x0c\x01\x1b\x00\x0d\x02\"\x0d!\x0e\x8c\x01\x03\x9a\x05" +
		"\x15\x0b\x14\x94\x0e\x01\xfe\x02\x04-\x00\x01\x04\x01\x018\x06\x02\x0d\x18\x08\x07\x00\x07\x00\x07" +
		"\x00\x07\x00\x07\x00\x07\x00\x07\x00\x07\x00~!\x1a\x00Y\x0b\xd6\x01\x19P\x00V\x01g\x04+\x00^\x00V" +
		"\x080\x00\xed\xe4\x01\x027\x08\xdc\x02\x13\xb8\x01\x07\xdd\x01\x13<\x02\x0a\x058\x07F\x07\x0c\x05t" +
		"\x0a\x1e\x02N\x00\x0b\x03!\x007\x08\x0e\x01\x0a\x01g\x17\x1c\x09\x06\x01\x06\x01\x06\x08\x07\x00\x07" +
		"\x00<\x03~\x01\x0a\x05\xa4W\x0b\x17\x031\x03\xeeD\x01j%\x07\x0b\x05\x04\x1a\x00\x05\x00\x01\x00\x02" +
		"\x00\x02\x00\x8a\x05\x1f*\x053\x00\x13\x00\x04\x03\x05\x00\x87\x01\x01\x01\x00\xbe\x01\x02\x06\x01" +
		"\x06\x01\x06\x01\x03\x02\x07\x00\x07\x09\x05\x01\x0c\x00\x1a\x00\x13\x00\x02\x00\x0f\x01\x0e!{\x04" +
		"\x03\x03-\x02X\x00\x0d\x02\x01..\x81\x01\x1d\x021\x0e\x1c\x03$\x08\x1e\x04+\x04\x1e\x00%\x03\x0e)" +
		"\x9e\x01\x01\x0a\x05$\x03$\x03(\x074\x0a\x0c\x00\x0f\x00\x07\x00\x02\x00\x0b\x00\x0f\x00\x07\x00\x02" +
		"\x024\x0b\xb7\x02\x08\x16\x09\x08\x17\x06\x00*\x00\x09D\x06\x01\x01\x00,\x00\x02\x02\x01\x01\x17\x00" +
		"H\x07\x09/\x13\x00\x02\x04!\x02\x1b\x04\x1b%8\x03\x14\x012\x00\x02\x04\x08\x00\x03\x00\x1d\x01\x03" +
		"\x03\x0a\x06\x09\x06@\x1f'\x03\x0c\x086\x02\x1d\x01\x1b\x04\x1a\x06\x04\x0b\x07OI63\x0c3\x06.\x07" +
		"\x0a\x05&\x02\x1d\x07\x02\xcf\x01\x1f\x00*\x00\x03\x01\x02\x0f\x06\x07\x09 .\x07*\x15\x1a%\x1c\x13" +
		"\x17\x08N\x03$\x08D\x09\x01\x01\x19\x06\x0a\x055\x00\x12\x07'\x08`\x00\x14\x0a\x12\x00/=\x07\x00\x01" +
		"\x00\x04\x00\x0f\x00\x0b\x05;\x04\x0a\x05\x04\x00\x08\x01\x02\x01\x16\x00\x07\x00\x02\x00\x05\x00" +
		"\x0a\x01\x02\x01\x03\x01\x01\x05\x01\x04\x07\x01\x07\x02\x05\x0a\x0a\x00\x01\x01\x01\x00&\x00\x0a" +
		"\x00\x01\x01\x01\x00\x04\x00\x0a\x00\x02\x07\x02\x1c\\\x00\x05\x1dH\x07\x0a\xa5\x016\x01&!E\x0a\x0a" +
		"\x05\x0d\x12:\x05\x0a\x05\x14\x1b\x1b\x01\x0f\x03\x17\xb8\x01<cS\x0b\x08\x01\x01\x01\x08\x00\x02\x00" +
		"\x1e\x00\x02\x01\x0c\x08\x0aE\x08\x01.\x01\x0b\x1aH\x07S\x0cI\x06\x0aU\x08W\"\x0d\x0a\x05\x09\x00-" +
		"\x00\x0e\x09\x1d\x02 \x01\x16\x00\x0eH\x07\x00\x02\x00,\x02\x01\x00\x02\x00\x09\x07\x0a\x05\x06\x00" +
		"\x02\x00%\x00\x02\x00\x06\x06\x0a\x05,\x03\x0a\xf5\x01\x19\x06\x11\x00)\x02\x1dT\x01\x0e2\x0c\x9b" +
		"\x07eo\x00\x05\x0a\xc4\x01\xcb\x14c\x0c\xd6\x08\x09\x9b\x1f\x04\xc7\x04\xb85:\xc5\x0d\xb9\x04\x06" +
		"\x1f\x00\x0a\x03Q\x00\x0a\x05\x1e\x01\x06\x09F\x09\x0a\x00\x07\x00\x15\x04\x13\xaf\x03:\xc5\x01[\x04" +
		"\x19\x01\x19+K\x039\x06\x11?\x05\x0a\x07\x08\xd69( `s\xfcC\x04\x00\x07\x00\x02\x00\xa3\x02\x0e\x01" +
		"\x1c\x03\x01\x01\x0d\x04\x07\x8c\x03\x83\x12k\x04\x0d\x02\x09\x06\x0a\x01\x08\xdb\x1e\xfd\x01\x02" +
		"\xb4\x03\x05\x17\x0e\x11\x0e.\x01\x17\x08t;\xf6\x01\x09'\x01\xc2\x01\x14Fy\x14\x0b\x14\x0bW\x08\x19" +
		"\x86\x01U\x00G\x00\x02\x01\x01\x01\x02\x01\x04\x00\x0c\x00\x01\x00\x07\x00A\x00\x04\x01\x08\x00\x07" +
		"\x00\x1c\x00\x04\x00\x05\x00\x01\x02\x07\x00\xd4\x02\x01\xa4\x02\x01\xbe\x05\x0e\x05\x00\x0f\xcf\x08" +
		"\x1f\x05\x06\xd4\x01\x07\x00\x11\x01\x07\x00\x02\x00\x05\x04> \x01o-\x02\x0e\x01\x0a\x03\x02\xbf\x02" +
		"\x1f\x10:\x04\x01\xcf\x03*\xd5\x01+\x03\x01\xbf\x01\x1f\x00\x16\x07\x02\xdf\x01\x07\x00\x04\x00\x02" +
		"\x00\x0f\x00\xc5\x01\x01\x10(L\x03\x0a\x03\x02\x90\x06DK=\xc1\x01\x04\x00\x1b\x00\x02\x00\x01\x01" +
		"\x01\x00\x0a\x00\x04\x00\x01\x00\x01\x05\x01\x03\x01\x00\x01\x00\x01\x00\x03\x00\x02\x00\x01\x01\x01" +
		"\x00\x01\x00\x01\x00\x01\x00\x01\x00\x02\x00\x01\x01\x04\x00\x07\x00\x04\x00\x04\x00\x01\x00\x0a\x00" +
		"\x11\x04\x03\x00\x05\x00\x113\x02\x8d\x02,\x03d\x0b\x0f\x01\x0f\x00\x0f\x00%\x09\xae\x017\x1d\x0c," +
		"\x03\x09\x06\x02\x0d\x06\x99\x01\xd9\x07\x02\x11\x02\x0d\x02\xda\x01\x05\x0c\x03\x01\x0e\x0c\x038" +
		"\x07\x0a\x05(\x07\x1e\x01\x0c\x03\x02\x0d\x09&\xd8\x02\x07\x0e\x01\x0d\x02\x0b\x029\x00\x01\x03\x10" +
		"\x01\x0c\x03\x0a\x06\x93\x01\x00g\x84\x08\xe0\xcd\x02\x1f\x9e\"\x01\x8e-\x01\xb1:\x0e\xee\x04\xa1" +
		"\x13\x9e\x04\xe1\x0b\xcb&\x04\xaaB\x86\x97+\x01\x1d`\x7f\xf0\x01\x8f\xfc\x03\xfe\xff\x03\x01\xfe\xff" +
		"\x03\x01"},
	{"Co", "\x80\xc0\x03\xff1\x80\x8e8\xfd\xff\x03\x02\xfd\xff\x03"},
	{"Cs", "\x80\xb0\x03\xff\x0f"},
	{"L", "A\x19\x06\x19/\x00\x0a\x00\x04\x00\x05\x16\x01\x1e\x01\xc9\x03\x04\x0b\x0e\x04\x07\x00\x01\x00\x81" +
		"\x01\x04\x01\x01\x02\x03\x01\x00\x06\x00\x01\x02\x01\x00\x01\x13\x01R\x01\x8a\x01\x08\xa5\x01\x01%" +
		"\x02\x00\x06(G\x1a\x04\x03-*#\x01\x01b\x01\x00\x0f\x01\x07\x01\x0a\x02\x02\x00\x10\x00\x01\x1d\x1dX" +
		"\x0b\x00\x18 \x09\x01\x04\x00\x05\x15\x04\x00\x09\x00\x03\x00\x17\x18\x07\x0a\x05\x17\x01\x06\x10):5" +
		"\x03\x00\x12\x00\x07\x09\x0f\x0f\x04\x07\x02\x01\x02\x15\x01\x06\x01\x00\x03\x03\x03\x00\x10\x00\x0d" +
		"\x01\x01\x02\x0e\x01\x0a\x00\x08\x05\x04\x01\x02\x15\x01\x06\x01\x01\x01\x01\x01\x01\x1f\x03\x01\x00" +
		"\x13\x02\x10\x08\x01\x02\x01\x15\x01\x06\x01\x01\x01\x04\x03\x00\x12\x00\x0f\x01\x17\x00\x0b\x07\x02" +
		"\x01\x02\x15\x01\x06\x01\x01\x01\x04\x03\x00\x1e\x01\x01\x02\x0f\x00\x11\x00\x01\x05\x03\x02\x01\x03" +
		"\x03\x01\x01\x00\x01\x01\x03\x01\x03\x02\x03\x0b\x16\x004\x07\x01\x02\x01\x16\x01\x0f\x03\x00\x1a" +
		"\x02\x01\x01\x02\x01\x1e\x00\x04\x07\x01\x02\x01\x16\x01\x09\x01\x04\x03\x00\x1e\x02\x01\x01\x0f\x01" +
		"\x11\x08\x01\x02\x01(\x02\x00\x10\x00\x05\x02\x08\x02\x18\x05\x05\x11\x03\x17\x01\x08\x01\x00\x02" +
		"\x06:/\x01\x01\x0c\x06:\x01\x01\x00\x01\x04\x01\x17\x01\x00\x01\x09\x01\x01\x09\x00\x02\x04\x01\x00" +
		"\x15\x03 \x00?\x07\x01#\x1b\x04s*\x14\x00\x10\x05\x04\x03\x03\x00\x03\x01\x07\x02\x04\x0c\x0c\x00" +
		"\x11%\x01\x00\x05\x00\x02*\x01\xcc\x02\x01\x03\x02\x06\x01\x00\x01\x03\x02(\x01\x03\x02 \x01\x03\x02" +
		"\x06\x01\x00\x01\x03\x02\x0e\x018\x01\x03\x02B%\x0f\x10U\x02\x05\x03\xeb\x04\x02\x10\x01\x19\x05J" +
		"\x06\x07\x07\x11\x0d\x12\x0e\x11\x0e\x0c\x01\x02\x0f3#\x00\x04\x00CX\x07\x04\x02!\x01\x00\x05E\x0a" +
		"\x1e1\x1d\x02\x04\x0b+\x04\x196\x16\x094R\x00].\x11\x076\x1d\x0d\x01\x0a+\x1a#)\x02\x0a#\x02\x0a\x05" +
		"*\x02\x02)\x03\x01\x05\x01\x01\x03\x00\x05\xbf\x01@\x95\x02\x02\x05\x02%\x02\x05\x02\x07\x01\x00\x01" +
		"\x00\x01\x00\x01\x1e\x024\x01\x06\x01\x00\x03\x02\x01\x06\x03\x03\x02\x05\x04\x0c\x05\x02\x01\x06t" +
		"\x00\x0d\x00\x10\x0ce\x00\x04\x00\x02\x09\x01\x00\x03\x04\x06\x00\x01\x00\x01\x00\x01\x03\x01\x0a" +
		"\x02\x03\x05\x04\x04\x004\x01\xfb\x14\xe4\x01\x06\x03\x03\x01\x0c%\x01\x00\x05\x00\x027\x07\x00\x10" +
		"\x16\x09\x06\x01\x06\x01\x06\x01\x06\x01\x06\x01\x06\x01\x06\x01\x06P\x00\xd5\x03\x01*\x04\x05\x01" +
		"\x04U\x06\x02\x01Y\x01\x03\x05*\x01]\x11\x1f0\x0f\x80\x04\xbf3@\x8c\xad\x01C-\x02\x8c\x02\x03\x0f" +
		"\x0a\x01\x14.\x10\x1e\x02E1\x08\x02f\x02Q\x14\x10\x01\x02\x01\x03\x01\x16\x1d3\x0e1>\x05\x03\x00\x01" +
		"\x01\x0b\x1b\x0a\x16\x19\x1c\x07.\x1c\x00\x10\x04\x01\x09\x0a\x04\x01(\x17\x02\x01\x07\x14\x16\x03" +
		"\x00\x031\x01\x00\x03\x01\x02\x04\x02\x00\x01\x00\x18\x02\x02\x0a\x07\x02\x0c\x05\x02\x05\x02\x05" +
		"\x09\x06\x01\x06\x01*\x01\x0d\x06r\x1d\xa3W\x0c\x16\x040\x84B\xed\x02\x02i&\x06\x0c\x04\x05\x00\x01" +
		"\x09\x01\x0c\x01\x04\x01\x00\x01\x01\x01\x01\x01k!\xea\x02\x12?\x025(\x0bt\x04\x01\x86\x01$\x19\x06" +
		"\x19\x0bX\x03\x05\x02\x05\x02\x05\x02\x02#\x0b\x01\x19\x01\x12\x01\x01\x01\x0e\x02\x0d\"z\x85\x03" +
		"\x1c\x030/\x1f\x0d\x13\x01\x07\x06%\x0a\x1d\x02#\x04\x070\x9d\x01\x12#\x04#\x04'\x083\x0c\x0a\x01" +
		"\x0e\x01\x06\x01\x01\x01\x0a\x01\x0e\x01\x06\x01\x01\x033\x0c\xb6\x02\x09\x15\x0a\x07\x18\x05\x01)" +
		"\x01\x08E\x05\x02\x00\x01+\x01\x01\x03\x00\x02\x16\x0a\x16\x09\x1eA\x12\x01\x01\x0a\x15\x0a\x19\x06" +
		"\x19&7\x06\x01@\x00\x0f\x03\x01\x02\x01\x1c*\x1c\x03\x1c#\x07\x01\x1b\x1b5\x0a\x15\x0a\x12\x0d\x11nH" +
		"72\x0d2\x0d#&\x1b\x09\x16\xfa\x01)\x06\x01\x10\x058\x1c\x0a\x00\x08\x15*\x11.\x14\x1b\x16\x0c49\x01" +
		"\x02\x00\x0d, \x18\x1a#\x1d\x00\x02\x00\x08\"\x03\x00\x0c/\x0e\x03\x15\x00\x01\x00#\x11\x01\x18\x13" +
		"\x01?\x06\x01\x00\x01\x03\x01\x0e\x01\x09\x07.&\x07\x02\x01\x02\x15\x01\x06\x01\x01\x01\x04\x03\x00" +
		"\x12\x00\x0c\x04\x1e\x09\x01\x00\x02\x00\x01%\x01\x00\x19\x00\x01\x00,4\x12\x03\x14\x02\x1e/\x14\x01" +
		"\x01\x00\xb8\x01.)\x03$/\x14\x00;*\x0d\x00G\x1a%\x06\xb9\x01+t?\x1f\x07\x02\x00\x02\x07\x01\x01\x01" +
		"\x17\x0f\x00\x01\x00^\x07\x02&\x10\x00\x01\x00\x1c\x00\x0a'\x07\x00\x15\x00\x0b-\x13\x00\x12H\xc7" +
		"\x01 \x1f\x08\x01$\x11\x001\x1dp\x06\x01\x01\x01%\x15\x00\x19\x05\x01\x01\x01\x1f\x0e\x00\x17+\x84" +
		"\x02\x12\x0f\x00\x01\x0c\x01!|\x00O\x99\x07\xe6\x01\xc3\x01\xcc\x14`\x0f\xaf\x08\x11\x05\x19\x9a\x1f" +
		"\x05\xc6\x04\xb95\x1d\xe2\x0d\xb8\x04\x07\x1e\x11N\x11\x1d\x12/\x10\x03\x1f\x14\x05\x12\xb0\x03,\xd3" +
		"\x01? \x18\x02\x18,J\x05\x00B\x0c@\x01\x01\x00\x0e\x01\x0c\xd59)\x1far\xfdC\x03\x01\x06\x01\x01\x01" +
		"\xa2\x02\x0f\x00\x1d\x02\x02\x00\x0e\x03\x08\x8b\x03\x84\x12j\x05\x0c\x03\x08\x07\x09\xe6.T\x01F\x01" +
		"\x01\x02\x00\x02\x01\x02\x03\x01\x0b\x01\x00\x01\x06\x01@\x01\x03\x02\x07\x01\x06\x01\x1b\x01\x03" +
		"\x01\x04\x01\x00\x03\x06\x01\xd3\x02\x02\x18\x01\x18\x01\x1e\x01\x18\x01\x1e\x01\x18\x01\x1e\x01\x18" +
		"\x01\x1e\x01\x18\x01\x07\xb4\x0e\x1e\x06\x05\x85\x02=\x92\x01,\x0a\x06\x10\x00\xc1\x02\x1d\x12+\xe4" +
		"\x03\x1b\xe4\x01\x1d\x02\x00\xcf\x01\x1e\x01\x02\x01\x01\x01\x06\x02\x04\x09\x01\xe0\x01\x06\x01\x03" +
		"\x01\x01\x01\x0e\x01\xc4\x01;C\x07\x00\xb4\x09\x03\x01\x1a\x01\x01\x01\x00\x02\x00\x01\x09\x01\x03" +
		"\x01\x00\x01\x00\x06\x00\x04\x00\x01\x00\x01\x00\x01\x02\x01\x01\x01\x00\x02\x00\x01\x00\x01\x00\x01" +
		"\x00\x01\x00\x01\x01\x01\x00\x02\x03\x01\x06\x01\x03\x01\x03\x01\x00\x01\x09\x01\x10\x05\x02\x01\x04" +
		"\x01\x10\xc4\"\xdf\xcd\x02 \x9d\"\x02\x8d-\x02\xb0:\x0f\xed\x04\xa2\x13\x9d\x04\xe2\x0b\xca&\x05\xa9" +
		"B"},
	{"LC", "A\x19\x06\x19:\x00\x0a\x16\x01\x1e\x01\xc2\x01\x01\x03\x04\xcf\x01\x02\x19\xc0\x01\x03\x02\x01\x03" +
		"\x02\x01\x00\x06\x00\x01\x02\x01\x00\x01\x13\x01R\x01\x8a\x01\x08\xa5\x01\x01%\x09(\x97\x16%\x01\x00" +
		"\x05\x00\x02*\x02\x02\xa0\x05U\x02\x05\x82\x11\x0a\x05*\x02\x02@+?\x0c\x01!e\x95\x02\x02\x05\x02%" +
		"\x02\x05\x02\x07\x01\x00\x01\x00\x01\x00\x01\x1e\x024\x01\x06\x01\x00\x03\x02\x01\x06\x03\x03\x02" +
		"\x05\x04\x0c\x05\x02\x01\x06\x85\x02\x00\x04\x00\x02\x09\x01\x00\x03\x04\x06\x00\x01\x00\x01\x00\x01" +
		"\x03\x01\x05\x04\x00\x02\x03\x05\x04\x04\x004\x01\xfb\x14{\x02f\x06\x03\x03\x01\x0c%\x01\x00\x05\x00" +
		"\x92\xf2\x01-\x12\x1b\x86\x01M\x01\x16\x03\x03\x01L\x18\x01\x03\x00\xb5\x06*\x05\x08\x07O\xc0\x9e" +
		"\x01\x06\x0c\x04\x89\x08\x19\x06\x19\xa5\x09O`#\x04#t\x0a\x01\x0e\x01\x06\x01\x01\x01\x0a\x01\x0e" +
		"\x01\x06\x01\x01\xc3\x0d2\x0d2]\x15\x0a\x15\x9a\x16?\xe0\xaa\x01? \x18\x02\x18\xac\xca\x01T\x01F\x01" +
		"\x01\x02\x00\x02\x01\x02\x03\x01\x0b\x01\x00\x01\x06\x01@\x01\x03\x02\x07\x01\x06\x01\x1b\x01\x03" +
		"\x01\x04\x01\x00\x03\x06\x01\xd3\x02\x02\x18\x01\x18\x01\x1e\x01\x18\x01\x1e\x01\x18\x01\x1e\x01\x18" +
		"\x01\x1e\x01\x18\x01\x07\xb4\x0e\x09\x01\x13\x06\x05\xd5\x13C"},
	{"Ll", "a\x19:\x00)\x17\x01\x07\x01\x00\x01\x00\x01\x00\x01\x00\x01\x00\x01\x00\x01\x00\x01\x00\x01\x00\x01" +
		"\x00\x01\x00\x01\x00\x01\x00\x01\x00\x01\x00\x01\x00\x01\x00\x01\x00\x01\x00\x01\x00\x01\x00\x01\x00" +
		"\x01\x00\x01\x00\x01\x00\x01\x00\x01\x00\x01\x01\x01\x00\x01\x00\x01\x00\x01\x00\x01\x00\x01\x00\x01" +
		"\x00\x01\x01\x01\x00\x01\x00\x01\x00\x01\x00\x01\x00\x01\x00\x01\x00\x01\x00\x01\x00\x01\x00\x01\x00" +
		"\x01\x00\x01\x00\x01\x00\x01\x00\x01\x00\x01\x00\x01\x00\x01\x00\x01\x00\x01\x00\x01\x00\x01\x00\x02" +
		"\x00\x01\x00\x01\x02\x02\x00\x01\x00\x02\x00\x03\x01\x04\x00\x02\x00\x03\x02\x02\x00\x02\x00\x01\x00" +
		"\x01\x00\x02\x00\x01\x01\x01\x00\x02\x00\x03\x00\x01\x00\x02\x01\x02\x02\x06\x00\x02\x00\x02\x00\x01" +
		"\x00\x01\x00\x01\x00\x01\x00\x01\x00\x01\x00\x01\x00\x01\x01\x01\x00\x01\x00\x01\x00\x01\x00\x01\x00" +
		"\x01\x00\x01\x00\x01\x00\x01\x01\x02\x00\x01\x00\x03\x00\x01\x00\x01\x00\x01\x00\x01\x00\x01\x00\x01" +
		"\x00\x01\x00\x01\x00\x01\x00\x01\x00\x01\x00\x01\x00\x01\x00\x01\x00\x01\x00\x01\x00\x01\x00\x01\x00" +
		"\x01\x00\x01\x00\x01\x00\x01\x00\x01\x00\x01\x00\x01\x00\x01\x00\x01\x00\x01\x00\x01\x06\x02\x00\x02" +
		"\x01\x01\x00\x04\x00\x01\x00\x01\x00\x01\x00\x01D\x02\x19\xc1\x01\x00\x01\x00\x03\x00\x03\x02\x12" +
		"\x00\x1b\"\x01\x01\x03\x02\x01\x00\x01\x00\x01\x00\x01\x00\x01\x00\x01\x00\x01\x00\x01\x00\x01\x00" +
		"\x01\x00\x01\x00\x01\x04\x01\x00\x02\x00\x02\x013/\x01\x00\x01\x00\x01\x00\x01\x00\x01\x00\x01\x00" +
		"\x01\x00\x01\x00\x01\x00\x01\x00\x01\x00\x01\x00\x01\x00\x01\x00\x01\x00\x01\x00\x01\x00\x09\x00\x01" +
		"\x00\x01\x00\x01\x00\x01\x00\x01\x00\x01\x00\x01\x00\x01\x00\x01\x00\x01\x00\x01\x00\x01\x00\x01\x00" +
		"\x01\x00\x01\x00\x01\x00\x01\x00\x01\x00\x01\x00\x01\x00\x01\x00\x01\x00\x01\x00\x01\x00\x01\x00\x01" +
		"\x00\x02\x00\x01\x00\x01\x00\x01\x00\x01\x00\x01\x00\x01\x01\x01\x00\x01\x00\x01\x00\x01\x00\x01\x00" +
		"\x01\x00\x01\x00\x01\x00\x01\x00\x01\x00\x01\x00\x01\x00\x01\x00\x01\x00\x01\x00\x01\x00\x01\x00\x01" +
		"\x00\x01\x00\x01\x00\x01\x00\x01\x00\x01\x00\x01\x00\x01\x00\x01\x00\x01\x00\x01\x00\x01\x00\x01\x00" +
		"\x01\x00\x01\x00\x01\x00\x01\x00\x01\x00\x01\x00\x01\x00\x01\x00\x01\x00\x01\x00\x01\x00\x01\x00\x01" +
		"\x00\x01\x00\x01\x00\x01\x00\x01\x00\x01\x000(\xc7\x16*\x02\x02\xf8\x05\x05\x82\x11\x08\x01\x00u+?" +
		"\x0c\x01!f\x00\x01\x00\x01\x00\x01\x00\x01\x00\x01\x00\x01\x00\x01\x00\x01\x00\x01\x00\x01\x00\x01" +
		"\x00\x01\x00\x01\x00\x01\x00\x01\x00\x01\x00\x01\x00\x01\x00\x01\x00\x01\x00\x01\x00\x01\x00\x01\x00" +
		"\x01\x00\x01\x00\x01\x00\x01\x00\x01\x00\x01\x00\x01\x00\x01\x00\x01\x00\x01\x00\x01\x00\x01\x00\x01" +
		"\x00\x01\x00\x01\x00\x01\x00\x01\x00\x01\x00\x01\x00\x01\x00\x01\x00\x01\x00\x01\x00\x01\x00\x01\x00" +
		"\x01\x00\x01\x00\x01\x00\x01\x00\x01\x00\x01\x00\x01\x00\x01\x00\x01\x00\x01\x00\x01\x00\x01\x00\x01" +
		"\x00\x01\x00\x01\x00\x01\x00\x01\x00\x01\x00\x01\x00\x01\x00\x01\x00\x01\x00\x01\x00\x01\x00\x01\x00" +
		"\x01\x08\x01\x00\x01\x00\x01\x00\x01\x00\x01\x00\x01\x00\x01\x00\x01\x00\x01\x00\x01\x00\x01\x00\x01" +
		"\x00\x01\x00\x01\x00\x01\x00\x01\x00\x01\x00\x01\x00\x01\x00\x01\x00\x01\x00\x01\x00\x01\x00\x01\x00" +
		"\x01\x00\x01\x00\x01\x00\x01\x00\x01\x00\x01\x00\x01\x00\x01\x00\x01\x00\x01\x00\x01\x00\x01\x00\x01" +
		"\x00\x01\x00\x01\x00\x01\x00\x01\x00\x01\x00\x01\x00\x01\x00\x01\x00\x01\x00\x01\x00\x01\x00\x01\x08" +
		"\x08\x05\x0a\x07\x08\x07\x08\x05\x0a\x07\x08\x07\x08\x0d\x02\x07\x08\x07\x08\x07\x08\x04\x01\x01\x06" +
		"\x00\x03\x02\x01\x01\x08\x03\x02\x01\x08\x07\x0a\x02\x01\x01\x92\x02\x00\x03\x01\x03\x00\x1b\x00\x04" +
		"\x00\x04\x00\x02\x01\x08\x03\x04\x005\x00\xab\x15/\x01\x00\x03\x01\x01\x00\x01\x00\x01\x00\x04\x00" +
		"\x01\x01\x01\x05\x05\x00\x01\x00\x01\x00\x01\x00\x01\x00\x01\x00\x01\x00\x01\x00\x01\x00\x01\x00\x01" +
		"\x00\x01\x00\x01\x00\x01\x00\x01\x00\x01\x00\x01\x00\x01\x00\x01\x00\x01\x00\x01\x00\x01\x00\x01\x00" +
		"\x01\x00\x01\x00\x01\x00\x01\x00\x01\x00\x01\x00\x01\x00\x01\x00\x01\x00\x01\x00\x01\x00\x01\x00\x01" +
		"\x00\x01\x00\x01\x00\x01\x00\x01\x00\x01\x00\x01\x00\x01\x00\x01\x00\x01\x00\x01\x00\x01\x00\x01\x00" +
		"\x01\x00\x01\x01\x07\x00\x01\x00\x04\x00\x0c%\x01\x00\x05\x00\x93\xf2\x01\x00\x01\x00\x01\x00\x01" +
		"\x00\x01\x00\x01\x00\x01\x00\x01\x00\x01\x00\x01\x00\x01\x00\x01\x00\x01\x00\x01\x00\x01\x00\x01\x00" +
		"\x01\x00\x01\x00\x01\x00\x01\x00\x01\x00\x01\x00\x01\x00\x13\x00\x01\x00\x01\x00\x01\x00\x01\x00\x01" +
		"\x00\x01\x00\x01\x00\x01\x00\x01\x00\x01\x00\x01\x00\x01\x00\x01\x00\x87\x01\x00\x01\x00\x01\x00\x01" +
		"\x00\x01\x00\x01\x00\x01\x02\x01\x00\x01\x00\x01\x00\x01\x00\x01\x00\x01\x00\x01\x00\x01\x00\x01\x00" +
		"\x01\x00\x01\x00\x01\x00\x01\x00\x01\x00\x01\x00\x01\x00\x01\x00\x01\x00\x01\x00\x01\x00\x01\x00\x01" +
		"\x00\x01\x00\x01\x00\x01\x00\x01\x00\x01\x00\x01\x00\x01\x00\x01\x00\x01\x00\x01\x07\x01\x00\x01\x00" +
		"\x02\x00\x01\x00\x01\x00\x01\x00\x01\x00\x04\x00\x01\x00\x02\x00\x01\x02\x01\x00\x01\x00\x01\x00\x01" +
		"\x00\x01\x00\x01\x00\x01\x00\x01\x00\x01\x00\x01\x00\x05\x00\x05\x00\x01\x00\x01\x00\x01\x00\x01\x00" +
		"\x01\x00\x01\x00\x01\x00\x04\x00\x01\x00\x02\x00\x01\x00\x01\x00\x01\x00\x01\x00\x01\x00\x01\x00\x01" +
		"\x00\x1a\x00\x03\x00\xb5\x06*\x05\x08\x07O\xc0\x9e\x01\x06\x0c\x04\xa9\x08\x19\xcd\x09'\x88\x01#\x9b" +
		"\x01\x0a\x01\x0e\x01\x06\x01\x01\x83\x0e2}\x15\xba\x16\x1f\x80\xab\x01\x1f;\x18\xc6\xca\x01\x19\x1a" +
		"\x06\x01\x11\x1a\x19\x1a\x03\x01\x00\x01\x06\x01\x0a\x1a\x19\x1a\x19\x1a\x19\x1a\x19\x1a\x19\x1a\x19" +
		"\x1a\x19\x1a\x19\x1a\x1b\x1c\x18\x01\x05\x1a\x18\x01\x05\x1a\x18\x01\x05\x1a\x18\x01\x05\x1a\x18\x01" +
		"\x05\x01\x00\xb4\x0e\x09\x01\x13\x06\x05\xf7\x13!"},
	{"Lm", "\xb0\x05\x11\x04\x0b\x0e\x04\x07\x00\x01\x00\x85\x01\x00\x05\x00\xde\x03\x00\xe6\x01\x00\xa4\x01\x01" +
		"\x8d\x02\x01\x04\x00\x1f\x00\x09\x00\x03\x00\xa0\x01\x00\xa7\x01\x00\xd4\x09\x00\x7f\x00\xb5\x04\x00" +
		"\xda\x0d\x00k\x00\xe3\x04\x00\xd0\x03\x05\xae\x01>\x0d\x00\"$\xb1\x05\x00\x0d\x00\x10\x0c\xdf\x17" +
		"\x01\xf1\x01\x00\xbf\x01\x00\xd5\x03\x00+\x04\x05\x00a\x01]\x02\x96\xde\x01\x00\xe2\x09\x05\x8e\x02" +
		"\x00r\x00\x1c\x01y\x08P\x00\x17\x00h\x03\x03\x01\xd5\x03\x00\x16\x00\x89\x01\x00l\x00\x15\x01g\x03" +
		"\x09\x00\x86\xa8\x01\x00-\x01\xe0\x0f\x05\x01)\x01\x08\x93\x0b\x00 \x00\xd5\x02\x00\x93\x1e\x00\xe6" +
		"\x9a\x01\x03\xfc\x03\x02(\x01\xa6\x04\x0c@\x01\x01\x00\x0e\x01\xfc\x7f\x03\x01\x06\x01\x01\xb1`=\xc9" +
		"\x01\x06\xad\x07\x00\x93\x04\x00\xcb\x04\x00"},
	{"Lo", "\xaa\x01\x00\x0f\x00\x80\x02\x00\x04\x03\xd0\x01\x01\xba\x06\x1a\x04\x03-\x1f\x01\x09#\x01\x01b\x01" +
		"\x00\x18\x01\x0a\x02\x02\x00\x10\x00\x01\x1d\x1dX\x0b\x00\x18 \x15\x15*\x18\x07\x0a\x05\x17\x01\x06" +
		"\x10(;5\x03\x00\x12\x00\x07\x09\x10\x0e\x04\x07\x02\x01\x02\x15\x01\x06\x01\x00\x03\x03\x03\x00\x10" +
		"\x00\x0d\x01\x01\x02\x0e\x01\x0a\x00\x08\x05\x04\x01\x02\x15\x01\x06\x01\x01\x01\x01\x01\x01\x1f\x03" +
		"\x01\x00\x13\x02\x10\x08\x01\x02\x01\x15\x01\x06\x01\x01\x01\x04\x03\x00\x12\x00\x0f\x01\x17\x00\x0b" +
		"\x07\x02\x01\x02\x15\x01\x06\x01\x01\x01\x04\x03\x00\x1e\x01\x01\x02\x0f\x00\x11\x00\x01\x05\x03\x02" +
		"\x01\x03\x03\x01\x01\x00\x01\x01\x03\x01\x03\x02\x03\x0b\x16\x004\x07\x01\x02\x01\x16\x01\x0f\x03" +
		"\x00\x1a\x02\x01\x01\x02\x01\x1e\x00\x04\x07\x01\x02\x01\x16\x01\x09\x01\x04\x03\x00\x1e\x02\x01\x01" +
		"\x0f\x01\x11\x08\x01\x02\x01(\x02\x00\x10\x00\x05\x02\x08\x02\x18\x05\x05\x11\x03\x17\x01\x08\x01" +
		"\x00\x02\x06:/\x01\x01\x0c\x05;\x01\x01\x00\x01\x04\x01\x17\x01\x00\x01\x09\x01\x01\x09\x00\x02\x04" +
		"\x17\x03 \x00?\x07\x01#\x1b\x04s*\x14\x00\x10\x05\x04\x03\x03\x00\x03\x01\x07\x02\x04\x0c\x0c\x00q" +
		"\xc8\x02\x01\x03\x02\x06\x01\x00\x01\x03\x02(\x01\x03\x02 \x01\x03\x02\x06\x01\x00\x01\x03\x02\x0e" +
		"\x018\x01\x03\x02B%\x0fq\xeb\x04\x02\x10\x01\x19\x05J\x06\x07\x07\x11\x0d\x12\x0e\x11\x0e\x0c\x01" +
		"\x02\x0f3(\x00C\"\x014\x07\x04\x02!\x01\x00\x05E\x0a\x1e1\x1d\x02\x04\x0b+\x04\x196\x16\x094\xb0\x01" +
		".\x11\x076\x1d\x0d\x01\x0a+\x1a#)\x02\x0a\x1dq\x03\x01\x05\x01\x01\x03\x00\xba\x08\x03\xf7\x177\x18" +
		"\x16\x09\x06\x01\x06\x01\x06\x01\x06\x01\x06\x01\x06\x01\x06\x01\x06\xa7\x04\x005\x00\x04U\x08\x00" +
		"\x01Y\x04\x00\x05*\x01]\x11\x1f0\x0f\x80\x04\xbf3@\x94\xa4\x01\x01\xf6\x08C'\x08\x8b\x02\x04\x0f\x0a" +
		"\x01B\x001E\xa9\x01\x00g\x00\x03\x06\x01\x02\x01\x03\x01\x16\x1d3\x0e1>\x05\x03\x00\x01\x01\x0b\x1b" +
		"\x0a\x16\x19\x1c\x07.-\x04\x02\x08\x0a\x04\x01(\x17\x02\x01\x07\x14\x0f\x01\x05\x03\x00\x031\x01\x00" +
		"\x03\x01\x02\x04\x02\x00\x01\x00\x18\x01\x03\x0a\x07\x00\x0e\x05\x02\x05\x02\x05\x09\x06\x01\x06\x91" +
		"\x01\"\x1d\xa3W\x0c\x16\x040\x84B\xed\x02\x02iC\x00\x01\x09\x01\x0c\x01\x04\x01\x00\x01\x01\x01\x01" +
		"\x01k!\xea\x02\x12?\x025(\x0bt\x04\x01\x86\x01i\x09\x01,\x02\x1e\x03\x05\x02\x05\x02\x05\x02\x02#" +
		"\x0b\x01\x19\x01\x12\x01\x01\x01\x0e\x02\x0d\"z\x85\x03\x1c\x030/\x1f\x0d\x13\x01\x07\x06%\x0a\x1d" +
		"\x02#\x04\x07\x80\x01Mb'\x083\\3\x0c\xb6\x02\x09\x15\x0a\x07\x98\x01\x05\x02\x00\x01+\x01\x01\x03" +
		"\x00\x02\x16\x0a\x16\x09\x1eA\x12\x01\x01\x0a\x15\x0a\x19\x06\x19&7\x06\x01@\x00\x0f\x03\x01\x02\x01" +
		"\x1c*\x1c\x03\x1c#\x07\x01\x1b\x1b5\x0a\x15\x0a\x12\x0d\x11nH\xb7\x01#&\x03\x01\x00\xb0\x02)\x06\x01" +
		"\x10\x02\x01\x018\x1c\x0a\x00\x08\x15*\x11.\x14\x1b\x16\x0c49\x01\x02\x00\x0d, \x18\x1a#\x1d\x00\x02" +
		"\x00\x08\"\x03\x00\x0c/\x0e\x03\x15\x00\x01\x00#\x11\x01\x18\x13\x01?\x06\x01\x00\x01\x03\x01\x0e" +
		"\x01\x09\x07.&\x07\x02\x01\x02\x15\x01\x06\x01\x01\x01\x04\x03\x00\x12\x00\x0c\x04\x1e\x09\x01\x00" +
		"\x02\x00\x01%\x01\x00\x19\x00\x01\x00,4\x12\x03\x14\x02\x1e/\x14\x01\x01\x00\xb8\x01.)\x03$/\x14\x00" +
		";*\x0d\x00G\x1a%\x06\xb9\x01+\xd3\x01\x07\x02\x00\x02\x07\x01\x01\x01\x17\x0f\x00\x01\x00^\x07\x02&" +
		"\x10\x00\x01\x00\x1c\x00\x0a'\x07\x00\x15\x00\x0b-\x13\x00\x12H\xc7\x01 \x1f\x08\x01$\x11\x001\x1dp" +
		"\x06\x01\x01\x01%\x15\x00\x19\x05\x01\x01\x01\x1f\x0e\x00\x17(\x01\x01\x84\x02\x12\x0f\x00\x01\x0c" +
		"\x01!|\x00O\x99\x07\xe6\x01\xc3\x01\xcc\x14`\x0f\xaf\x08\x11\x05\x19\x9a\x1f\x05\xc6\x04\xb95\x1d" +
		"\xe2\x0d\xb8\x04\x07\x1e\x11N\x11\x1d\x12/3\x14\x05\x12\xb3\x03'\x95\x03J\x05\x00\xaf\x01\xd59)\x1fa" +
		"r\x8dD\xa2\x02\x0f\x00\x1d\x02\x02\x00\x0e\x03\x08\x8b\x03\x84\x12j\x05\x0c\x03\x08\x07\x09\xf0D\x00" +
		"\xf5\x03,!\x00\xc1\x02\x1d\x12+\xe4\x03\x1a\xe5\x01\x1d\x02\x00\xcf\x01\x1e\x01\x02\x01\x01\x01\x06" +
		"\x02\x04\x09\x00\xe1\x01\x06\x01\x03\x01\x01\x01\x0e\x01\xc4\x01\xbb\x0a\x03\x01\x1a\x01\x01\x01\x00" +
		"\x02\x00\x01\x09\x01\x03\x01\x00\x01\x00\x06\x00\x04\x00\x01\x00\x01\x00\x01\x02\x01\x01\x01\x00\x02" +
		"\x00\x01\x00\x01\x00\x01\x00\x01\x00\x01\x01\x01\x00\x02\x03\x01\x06\x01\x03\x01\x03\x01\x00\x01\x09" +
		"\x01\x10\x05\x02\x01\x04\x01\x10\xc4\"\xdf\xcd\x02 \x9d\"\x02\x8d-\x02\xb0:\x0f\xed\x04\xa2\x13\x9d" +
		"\x04\xe2\x0b\xca&\x05\xa9B"},
	{"Lt", "\xc5\x03\x00\x02\x00\x02\x00&\x00\x95;\x07\x08\x07\x08\x07\x0c\x00\x0f\x00/\x00"},
	{"Lu", "A\x19e\x16\x01\x06!\x00\x01\x00\x01\x00\x01\x00\x01\x00\x01\x00\x01\x00\x01\x00\x01\x00\x01\x00\x01" +
		"\x00\x01\x00\x01\x00\x01\x00\x01\x00\x01\x00\x01\x00\x01\x00\x01\x00\x01\x00\x01\x00\x01\x00\x01\x00" +
		"\x01\x00\x01\x00\x01\x00\x01\x00\x01\x00\x02\x00\x01\x00\x01\x00\x01\x00\x01\x00\x01\x00\x01\x00\x01" +
		"\x00\x02\x00\x01\x00\x01\x00\x01\x00\x01\x00\x01\x00\x01\x00\x01\x00\x01\x00\x01\x00\x01\x00\x01\x00" +
		"\x01\x00\x01\x00\x01\x00\x01\x00\x01\x00\x01\x00\x01\x00\x01\x00\x01\x00\x01\x00\x01\x00\x01\x01\x01" +
		"\x00\x01\x00\x03\x01\x01\x00\x01\x01\x01\x02\x02\x03\x01\x01\x01\x02\x03\x01\x01\x01\x01\x00\x01\x00" +
		"\x01\x01\x01\x00\x02\x00\x01\x01\x01\x02\x01\x00\x01\x01\x03\x00\x07\x00\x02\x00\x02\x00\x02\x00\x01" +
		"\x00\x01\x00\x01\x00\x01\x00\x01\x00\x01\x00\x01\x00\x02\x00\x01\x00\x01\x00\x01\x00\x01\x00\x01\x00" +
		"\x01\x00\x01\x00\x01\x00\x02\x00\x02\x00\x01\x02\x01\x00\x01\x00\x01\x00\x01\x00\x01\x00\x01\x00\x01" +
		"\x00\x01\x00\x01\x00\x01\x00\x01\x00\x01\x00\x01\x00\x01\x00\x01\x00\x01\x00\x01\x00\x01\x00\x01\x00" +
		"\x01\x00\x01\x00\x01\x00\x01\x00\x01\x00\x01\x00\x01\x00\x01\x00\x01\x00\x01\x00\x07\x01\x01\x01\x02" +
		"\x00\x01\x03\x01\x00\x01\x00\x01\x00\x01\x00\xa1\x02\x00\x01\x00\x03\x00\x08\x00\x06\x00\x01\x02\x01" +
		"\x00\x01\x01\x01\x10\x01\x08#\x00\x02\x02\x03\x00\x01\x00\x01\x00\x01\x00\x01\x00\x01\x00\x01\x00" +
		"\x01\x00\x01\x00\x01\x00\x01\x00\x01\x00\x05\x00\x02\x00\x01\x01\x0220\x00\x01\x00\x01\x00\x01\x00" +
		"\x01\x00\x01\x00\x01\x00\x01\x00\x01\x00\x01\x00\x01\x00\x01\x00\x01\x00\x01\x00\x01\x00\x01\x00\x01" +
		"\x00\x09\x00\x01\x00\x01\x00\x01\x00\x01\x00\x01\x00\x01\x00\x01\x00\x01\x00\x01\x00\x01\x00\x01\x00" +
		"\x01\x00\x01\x00\x01\x00\x01\x00\x01\x00\x01\x00\x01\x00\x01\x00\x01\x00\x01\x00\x01\x00\x01\x00\x01" +
		"\x00\x01\x00\x01\x00\x01\x01\x01\x00\x01\x00\x01\x00\x01\x00\x01\x00\x01\x00\x02\x00\x01\x00\x01\x00" +
		"\x01\x00\x01\x00\x01\x00\x01\x00\x01\x00\x01\x00\x01\x00\x01\x00\x01\x00\x01\x00\x01\x00\x01\x00\x01" +
		"\x00\x01\x00\x01\x00\x01\x00\x01\x00\x01\x00\x01\x00\x01\x00\x01\x00\x01\x00\x01\x00\x01\x00\x01\x00" +
		"\x01\x00\x01\x00\x01\x00\x01\x00\x01\x00\x01\x00\x01\x00\x01\x00\x01\x00\x01\x00\x01\x00\x01\x00\x01" +
		"\x00\x01\x00\x01\x00\x01\x00\x01\x00\x01\x00\x01\x00\x01\x00\x02%\xc9\x16%\x01\x00\x05\x00\xd2\x05U" +
		"\x93\x11\x00\x06*\x02\x02\xc0\x02\x00\x01\x00\x01\x00\x01\x00\x01\x00\x01\x00\x01\x00\x01\x00\x01" +
		"\x00\x01\x00\x01\x00\x01\x00\x01\x00\x01\x00\x01\x00\x01\x00\x01\x00\x01\x00\x01\x00\x01\x00\x01\x00" +
		"\x01\x00\x01\x00\x01\x00\x01\x00\x01\x00\x01\x00\x01\x00\x01\x00\x01\x00\x01\x00\x01\x00\x01\x00\x01" +
		"\x00\x01\x00\x01\x00\x01\x00\x01\x00\x01\x00\x01\x00\x01\x00\x01\x00\x01\x00\x01\x00\x01\x00\x01\x00" +
		"\x01\x00\x01\x00\x01\x00\x01\x00\x01\x00\x01\x00\x01\x00\x01\x00\x01\x00\x01\x00\x01\x00\x01\x00\x01" +
		"\x00\x01\x00\x01\x00\x01\x00\x01\x00\x01\x00\x01\x00\x01\x00\x01\x00\x01\x00\x01\x00\x01\x00\x01\x00" +
		"\x01\x00\x01\x00\x01\x00\x01\x00\x09\x00\x01\x00\x01\x00\x01\x00\x01\x00\x01\x00\x01\x00\x01\x00\x01" +
		"\x00\x01\x00\x01\x00\x01\x00\x01\x00\x01\x00\x01\x00\x01\x00\x01\x00\x01\x00\x01\x00\x01\x00\x01\x00" +
		"\x01\x00\x01\x00\x01\x00\x01\x00\x01\x00\x01\x00\x01\x00\x01\x00\x01\x00\x01\x00\x01\x00\x01\x00\x01" +
		"\x00\x01\x00\x01\x00\x01\x00\x01\x00\x01\x00\x01\x00\x01\x00\x01\x00\x01\x00\x01\x00\x01\x00\x01\x00" +
		"\x01\x00\x01\x00\x01\x00\x09\x07\x08\x05\x0a\x07\x08\x07\x08\x05\x0b\x00\x01\x00\x01\x00\x01\x00\x08" +
		"\x07H\x03\x0c\x03\x0c\x03\x0c\x04\x0b\x03\x86\x02\x00\x04\x00\x03\x02\x02\x02\x02\x00\x03\x04\x06" +
		"\x00\x01\x00\x01\x00\x01\x03\x02\x03\x0a\x01\x05\x00=\x00\xfc\x14/0\x00\x01\x02\x02\x00\x01\x00\x01" +
		"\x00\x01\x03\x01\x00\x02\x00\x08\x02\x01\x00\x01\x00\x01\x00\x01\x00\x01\x00\x01\x00\x01\x00\x01\x00" +
		"\x01\x00\x01\x00\x01\x00\x01\x00\x01\x00\x01\x00\x01\x00\x01\x00\x01\x00\x01\x00\x01\x00\x01\x00\x01" +
		"\x00\x01\x00\x01\x00\x01\x00\x01\x00\x01\x00\x01\x00\x01\x00\x01\x00\x01\x00\x01\x00\x01\x00\x01\x00" +
		"\x01\x00\x01\x00\x01\x00\x01\x00\x01\x00\x01\x00\x01\x00\x01\x00\x01\x00\x01\x00\x01\x00\x01\x00\x01" +
		"\x00\x01\x00\x01\x00\x01\x00\x08\x00\x01\x00\x04\x00\xcd\xf2\x01\x00\x01\x00\x01\x00\x01\x00\x01\x00" +
		"\x01\x00\x01\x00\x01\x00\x01\x00\x01\x00\x01\x00\x01\x00\x01\x00\x01\x00\x01\x00\x01\x00\x01\x00\x01" +
		"\x00\x01\x00\x01\x00\x01\x00\x01\x00\x01\x00\x13\x00\x01\x00\x01\x00\x01\x00\x01\x00\x01\x00\x01\x00" +
		"\x01\x00\x01\x00\x01\x00\x01\x00\x01\x00\x01\x00\x01\x00\x87\x01\x00\x01\x00\x01\x00\x01\x00\x01\x00" +
		"\x01\x00\x01\x00\x03\x00\x01\x00\x01\x00\x01\x00\x01\x00\x01\x00\x01\x00\x01\x00\x01\x00\x01\x00\x01" +
		"\x00\x01\x00\x01\x00\x01\x00\x01\x00\x01\x00\x01\x00\x01\x00\x01\x00\x01\x00\x01\x00\x01\x00\x01\x00" +
		"\x01\x00\x01\x00\x01\x00\x01\x00\x01\x00\x01\x00\x01\x00\x01\x00\x0a\x00\x01\x00\x01\x01\x01\x00\x01" +
		"\x00\x01\x00\x01\x00\x04\x00\x01\x00\x02\x00\x01\x00\x03\x00\x01\x00\x01\x00\x01\x00\x01\x00\x01\x00" +
		"\x01\x00\x01\x00\x01\x00\x01\x00\x01\x04\x01\x04\x01\x00\x01\x00\x01\x00\x01\x00\x01\x00\x01\x00\x01" +
		"\x00\x01\x03\x01\x00\x01\x01\x01\x00\x01\x00\x01\x00\x01\x00\x01\x00\x01\x00\x01\x00\x01\x00\x18\x00" +
		"\xab\xae\x01\x19\xc5\x09'\x88\x01#\x9c\x01\x0a\x01\x0e\x01\x06\x01\x01\xea\x0d2\x9d\x01\x15\xba\x16" +
		"\x1f\x80\xab\x01\x1f@\x18\xc7\xca\x01\x19\x1a\x19\x1a\x19\x1a\x00\x01\x01\x02\x00\x02\x01\x02\x03" +
		"\x01\x07\x1a\x19\x1a\x01\x01\x03\x02\x07\x01\x06\x1b\x01\x01\x03\x01\x04\x01\x00\x03\x06\x1b\x19\x1a" +
		"\x19\x1a\x19\x1a\x19\x1a\x19\x1a\x19\x1e\x18!\x18!\x18!\x18!\x18!\x00\xb5\"!"},
	{"M", "\x80\x06o\x93\x02\x06\x87\x02,\x01\x00\x01\x01\x01\x01\x01\x00H\x0a0\x14\x10\x00e\x06\x02\x05\x02" +
		"\x01\x01\x03#\x00\x1e\x1a[\x0a:\x08\x09\x00\x18\x03\x01\x08\x01\x02\x01\x04+\x02;\x08*\x17\x01 6\x02" +
		"\x01\x11\x01\x06\x0a\x01\x1d\x028\x00\x01\x06\x02\x01\x02\x02\x09\x00\x0a\x01\x1a\x00\x02\x028\x00" +
		"\x01\x04\x04\x01\x02\x02\x03\x00\x1e\x01\x03\x00\x0b\x028\x00\x01\x07\x01\x02\x01\x02\x14\x01\x16" +
		"\x05\x01\x028\x00\x01\x06\x02\x01\x02\x02\x07\x02\x0a\x01\x1e\x00;\x04\x03\x02\x01\x03\x09\x00(\x047" +
		"\x00\x01\x06\x01\x02\x01\x03\x07\x01\x0b\x01\x1d\x028\x00\x01\x06\x01\x02\x01\x03\x07\x01\x0b\x01" +
		"\x0f\x00\x0c\x037\x01\x01\x06\x01\x02\x01\x03\x09\x00\x0a\x01\x1d\x02F\x00\x04\x05\x01\x00\x01\x07" +
		"\x12\x01=\x00\x02\x06\x0c\x07b\x00\x02\x08\x0b\x06I\x01\x1b\x00\x01\x00\x01\x00\x04\x011\x13\x01\x01" +
		"\x05\x0a\x01#\x09\x00d\x13\x17\x03\x04\x02\x01\x02\x02\x06\x03\x03\x0d\x0b\x01\x00\x0a\x03\xbf\x05" +
		"\x02\xb2\x07\x03\x1c\x02\x1d\x01\x1e\x01@\x1f\x09\x00-\x02\x01\x00u\x01\"\x00v\x0b\x04\x0b\xdb\x01" +
		"\x049\x09\x01\x1c\x02\x000-\x02\x0b\x14\x04/\x10&\x08\x0c\x02\x1e\x0c8\x0d0\x13\x98\x01\x02\x01\x14" +
		"\x04\x00\x06\x00\x02\x02\xc6\x01?\xd0\x05 \xfe\x17\x02\x8d\x01\x00`\x1f\xaa\x04\x05i\x01\xd4\xeb\x01" +
		"\x03\x01\x09 \x01P\x01\x90\x02\x00\x03\x00\x04\x00\x17\x04\x04\x00S\x012\x11\x1a\x11\x0d\x00&\x07" +
		"\x19\x0c,\x03/\x0d$\x00C\x0d\x0c\x00\x08\x01-\x022\x00\x01\x02\x02\x01\x05\x01\x01\x00)\x04\x05\x01" +
		"\xec\x01\x07\x01\x01\xb0\x9e\x01\x00\xe1\x05\x0f\x10\x0f\xcd\x07\x00\xe2\x01\x00\x95\x01\x04\x86\x0d" +
		"\x02\x01\x01\x05\x03(\x02\x04\x00\xa5\x01\x01\xbd\x04\x03A\x04\xbd\x02\x01M\x05F\x0a1\x03z\x025\x0e)" +
		"\x00\x02\x01\x0a\x03-\x0a\x07\x00=\x02$\x0d\x10\x01,\x00\x0c\x020\x0d\x08\x03\x01\x01\\\x0b\x06\x00" +
		"\x02\x00\x9d\x01\x0b\x15\x037\x01\x01\x06\x02\x01\x02\x02\x09\x00\x0a\x01\x02\x06\x03\x04C\x08\x01" +
		"\x00\x02\x00\x01\x03\x01\x04\x01\x00\x0e\x01R\x11\x17\x00Q\x13\xeb\x01\x06\x02\x08\x1b\x01R\x10j\x0c" +
		"e\x0e\x80\x02\x0e\xf5\x01\x05\x01\x01\x02\x03\x01\x00\x01\x01\x8d\x01\x06\x02\x06\x03\x00\x1c\x09(" +
		"\x06\x01\x03\x08\x00\x09\x0a.\x0f\xc6\x01\x07\xc7\x01\x07\x01\x07R\x15\x01\x0dz\x05\x03\x00\x01\x01" +
		"\x01\x06\x01\x00B\x04\x01\x01\x01\x04\xdb\x02\x03\x09\x01\x01\x000\x06\x03\x04\x17\x00\xe5)\x00\x06" +
		"\x0e\xc8Y\x11\xc0\x13\x04;\x06\x98\x08\x00\x016\x07\x03Q\x00\x0b\x01\xab\x99\x01\x01\xe1$-\x02\x16" +
		"\x9e\x04\x04\x03\x05\x08\x07\x02\x06\x1e\x03\x94\x01\x02\xbb\x0f6\x041\x08\x00\x0e\x00\x16\x04\x01" +
		"\x0e\xd0\x0a\x06\x01\x10\x02\x06\x01\x01\x01\x04d\x00\xa0\x01\x06\xf7\x02\x00=\x03\xfc\x03\x03\xfe" +
		"\x01\x01\xf3\x01\x00\x02\x00\x07\x01\x05\x00\xda\x03\x06m\x06\xb5\xaf0\xef\x01"},
	{"Mc", "\x83\x12\x007\x00\x02\x02\x08\x03\x01\x012\x01:\x02\x06\x01\x02\x01\x0a\x00+\x00:\x02B\x00:\x02\x08" +
		"\x00\x01\x015\x01:\x00\x01\x00\x06\x01\x02\x01\x0a\x00f\x01\x01\x01\x03\x02\x01\x02\x0a\x00)\x02=" +
		"\x03=\x01:\x00\x01\x04\x02\x01\x01\x01\x09\x01\x1c\x00\x0e\x01:\x02\x05\x02\x01\x02\x0a\x00*\x01K" +
		"\x02\x06\x07\x12\x01\xca\x02\x01?\x00\xab\x01\x01\x04\x00\x06\x00\x02\x01\x19\x01\x0a\x02\x02\x06" +
		"\x15\x01\x02\x05\x02\x00\x0a\x02\xf8\x0c\x00\x1e\x00\x81\x01\x00\x07\x07\x01\x01\xda\x02\x03\x02\x02" +
		"\x04\x01\x01\x05\xe0\x01\x01:\x00\x01\x00\x09\x00\x01\x01\x08\x05\x91\x01\x000\x00\x05\x00\x01\x04" +
		"\x01\x01=\x00\x1e\x00\x04\x01\x02\x00<\x00\x02\x02\x01\x00\x03\x010\x07\x08\x01\xab\x01\x00\x15\x00" +
		"\xb6&\x01\xf3\xef\x01\x01\x02\x00X\x012\x0f\x8e\x01\x01/\x000\x01\x04\x01\x02\x02n\x01\x02\x01\x18" +
		"\x00-\x00\x01\x00m\x00\x02\x01\x05\x00\xed\x01\x01\x01\x01\x01\x01\x01\x00\x93\xc8\x01\x00\x01\x00" +
		"\x7f\x00-\x02\x04\x01s\x00\x18\x01;\x000\x02\x09\x01\x0d\x00]\x02\x03\x01\x01\x00\xaa\x01\x02\x1f" +
		"\x01:\x01\x01\x03\x02\x01\x02\x02\x09\x00\x0a\x01T\x02\x07\x00\x02\x00\x01\x03\x01\x01\x01\x00e\x02" +
		"\x08\x01\x03\x00j\x02\x06\x00\x01\x03\x02\x00\xed\x01\x02\x06\x03\x02\x00q\x02\x08\x01\x01\x00m\x00" +
		"\x01\x01\x06\x00g\x00\x01\x01\x04\x00\x85\x02\x02\x09\x00\xf7\x01\x05\x01\x01\x04\x00\x02\x00\x01" +
		"\x00\x8e\x01\x02\x08\x03\x04\x00T\x00\x1d\x01>\x00\xc9\x01\x00\x03\x00\x01\x00\xc7\x01\x00\x0e\x00j" +
		"\x00\x07\x00\x02\x00\xd5\x01\x04\x04\x01\x01\x00\xde\x02\x01\x0c\x000\x01\x08\x01\x01\x00\xe8\x83" +
		"\x01\x02\xa4\x1c6h\x01\xf3\xc2\x01\x01\x06\x05"},
	{"Me", "\x88\x09\x01\xb4,\x00\x9e\x0c\x03\x01\x02\x8b\x8b\x02\x02"},
	{"Mn", "\x80\x06o\x93\x02\x04\x89\x02,\x01\x00\x01\x01\x01\x01\x01\x00H\x0a0\x14\x10\x00e\x06\x02\x05\x02" +
		"\x01\x01\x03#\x00\x1e\x1a[\x0a:\x08\x09\x00\x18\x03\x01\x08\x01\x02\x01\x04+\x02;\x08*\x17\x01\x1f7" +
		"\x00\x01\x00\x04\x07\x04\x00\x03\x06\x0a\x01\x1d\x00:\x00\x04\x03\x08\x00\x14\x01\x1a\x00\x02\x019" +
		"\x00\x04\x01\x04\x01\x02\x02\x03\x00\x1e\x01\x03\x00\x0b\x019\x00\x04\x04\x01\x01\x04\x00\x14\x01" +
		"\x16\x05\x01\x00:\x00\x02\x00\x01\x03\x08\x00\x07\x01\x0b\x01\x1e\x00=\x00\x0c\x002\x00\x03\x007\x00" +
		"\x01\x02\x05\x02\x01\x03\x07\x01\x0b\x01\x1d\x00:\x00\x02\x00\x06\x00\x05\x01\x14\x01\x1c\x019\x01" +
		"\x04\x03\x08\x00\x14\x01\x1d\x00H\x00\x07\x02\x01\x00Z\x00\x02\x06\x0c\x07b\x00\x02\x08\x0b\x06I\x01" +
		"\x1b\x00\x01\x00\x01\x007\x0d\x01\x04\x01\x01\x05\x0a\x01#\x09\x00f\x03\x01\x05\x01\x01\x02\x01\x19" +
		"\x01\x04\x02\x10\x03\x0d\x00\x02\x01\x06\x00\x0f\x00\xbf\x05\x02\xb2\x07\x02\x1d\x01\x1e\x01\x1e\x01" +
		"@\x01\x01\x06\x08\x00\x02\x0a\x09\x00-\x02\x01\x00u\x01\"\x00v\x02\x04\x01\x09\x00\x06\x02\xdb\x01" +
		"\x01\x02\x00:\x00\x01\x06\x01\x00\x01\x00\x02\x07\x06\x09\x02\x000\x0d\x01\x1e\x02\x0b\x14\x030\x00" +
		"\x01\x04\x01\x00\x05\x00(\x08\x0c\x01 \x03\x02\x01\x01\x028\x00\x01\x01\x03\x00\x01\x02:\x07\x02\x01" +
		"\x98\x01\x02\x01\x0c\x01\x06\x04\x00\x06\x00\x03\x01\xc6\x01?\xd0\x05\x0c\x04\x00\x03\x0b\xfe\x17" +
		"\x02\x8d\x01\x00`\x1f\xaa\x04\x03k\x01\xd4\xeb\x01\x00\x04\x09 \x01P\x01\x90\x02\x00\x03\x00\x04\x00" +
		"\x19\x01\x05\x00\x97\x01\x01\x1a\x11\x0d\x00&\x07\x19\x0a.\x020\x00\x02\x03\x02\x01'\x00C\x05\x02" +
		"\x01\x02\x01\x0c\x00\x08\x00/\x003\x00\x01\x02\x02\x01\x05\x01\x01\x00*\x01\x08\x00\xee\x01\x00\x02" +
		"\x00\x04\x00\xb0\x9e\x01\x00\xe1\x05\x0f\x10\x0f\xcd\x07\x00\xe2\x01\x00\x95\x01\x04\x86\x0d\x02\x01" +
		"\x01\x05\x03(\x02\x04\x00\xa5\x01\x01\xbd\x04\x03A\x04\xbd\x02\x01M\x05F\x0a1\x03{\x006\x0e)\x00\x02" +
		"\x01\x0a\x021\x03\x02\x01\x07\x00=\x02$\x04\x01\x07>\x00\x0c\x014\x08\x0a\x03\x02\x00_\x02\x02\x00" +
		"\x01\x01\x06\x00\x02\x00\x9d\x01\x00\x03\x07\x15\x019\x01\x03\x00%\x06\x03\x04F\x05\x0d\x00\x01\x00" +
		"\x01\x00\x0e\x01U\x07\x02\x02\x01\x00\x17\x00T\x05\x01\x00\x04\x01\x01\x01\xee\x01\x03\x06\x01\x01" +
		"\x01\x1b\x01U\x07\x02\x00\x01\x01j\x00\x01\x00\x02\x05\x01\x00e\x00\x01\x00\x02\x03\x01\x04\x83\x02" +
		"\x08\x01\x01\x80\x02\x01\x01\x00\x04\x00\x90\x01\x03\x02\x01\x04\x00 \x09(\x05\x02\x03\x08\x00\x09" +
		"\x05\x02\x02.\x0c\x01\x01\xc6\x01\x00\x01\x02\x01\x00\xc9\x01\x06\x01\x05\x01\x00R\x15\x02\x06\x01" +
		"\x01\x01\x01z\x05\x03\x00\x01\x01\x01\x06\x01\x00H\x01\x03\x00\x01\x00\xdb\x02\x01\x0b\x014\x04\x05" +
		"\x00\x01\x00\x17\x00\xe5)\x00\x06\x0e\xc8Y\x0b\x03\x02\xc0\x13\x04;\x06\x98\x08\x00?\x03Q\x00\xb8" +
		"\x99\x01\x01\xe1$-\x02\x16\xa0\x04\x02\x11\x07\x02\x06\x1e\x03\x94\x01\x02\xbb\x0f6\x041\x08\x00\x0e" +
		"\x00\x16\x04\x01\x0e\xd0\x0a\x06\x01\x10\x02\x06\x01\x01\x01\x04d\x00\xa0\x01\x06\xf7\x02\x00=\x03" +
		"\xfc\x03\x03\xfe\x01\x01\xf3\x01\x00\x02\x00\x07\x01\x05\x00\xda\x03\x06m\x06\xb5\xaf0\xef\x01"},
	{"N", "0\x09x\x01\x05\x00\x02\x02\xa1\x0b\x09\x86\x01\x09\xc6\x01\x09\x9c\x03\x09v\x09\x04\x05l\x09v\x09v" +
		"\x09\x02\x05n\x0cs\x09\x08\x06g\x09h\x06\x07\x12m\x09`\x09v\x09F\x13\x8c\x02\x09F\x09\xcf\x05\x13" +
		"\xf1\x06\x02\xef\x01\x09\x06\x09\x16\x09\xac\x02\x09\x80\x01\x0a\xa5\x01\x09\x06\x09\xb6\x01\x09V" +
		"\x09\x86\x01\x09\x06\x09\x96\x08\x00\x03\x05\x06\x09\xc6\x012\x02\x04\xd6\x05;N\x15\xf6\x04\x1d\xe9" +
		"\x0a\x00\x89\x06\x00\x19\x08\x0e\x02\xd7\x02\x03\x8a\x01\x09\x1e\x07\x01\x0e \x09'\x0e\xe0\xe6\x01" +
		"\x09\xbc\x01\x09\xc0\x02\x05\x9a\x01\x09&\x09\xc6\x01\x09\x16\x09V\x09\x96\x03\x09\x96\xa6\x01\x09" +
		"\xed\x03,\x0c8\x11\x01\xd5\x02\x1a$\x03\x1d\x00\x08\x00\x86\x01\x04\xca\x01\x09\xae\x07\x07\x19\x06'" +
		"\x08K\x04\x16\x05\xa0\x01\x01\x02\x0f\x02-@\x084\x01\x1e\x02K\x04h\x07\x18\x07)\x06\xca\x02\x050\x09" +
		"\x06\x09\x96\x02\x1e\x9e\x01\x09*\x03p\x06\x86\x01\x1d\x80\x01\x09<\x09\x90\x01\x09\x07\x13\xfb\x01" +
		"\x09\xd6\x02\x09v\x09\xf6\x02\x09f\x09\x06\x13L\x0b\xa4\x03\x12]\x09\x96\x05\x09V\x1c\xe3\x01\x09F" +
		"\x096\x09\xe6\x02\x09f\x14\xab\x08n\xc1y\x09\xa6\x12\x09V\x09\x86\x01\x09\x01\x06\x8e\x04\x09\x86" +
		"\x02\x16\xdd\x02\x02\xf9\xb9\x01\x09\xc6\x0b\x13\x0c\x13l\x18\xd5\x081\xc0\x12\x09\xa6\x03\x09\xf6" +
		"\x03\x09\xf7\x01\x09\xcc\x05\x08\x80\x01\x09\x97\x06:\x01\x02\x01\x03L,\x01\x0e\xc2\x07\x0c\xe3\x15" +
		"\x09"},
	{"Nd", "0\x09\xa6\x0c\x09\x86\x01\x09\xc6\x01\x09\x9c\x03\x09v\x09v\x09v\x09v\x09v\x09v\x09v\x09v\x09v\x09`" +
		"\x09v\x09F\x09\x96\x02\x09F\x09\xc6\x0e\x09&\x09\xac\x02\x09\x80\x01\x09\xa6\x01\x09\x06\x09\xb6\x01" +
		"\x09V\x09\x86\x01\x09\x06\x09\xc6\x93\x02\x09\xa6\x05\x09&\x09\xc6\x01\x09\x16\x09V\x09\x96\x03\x09" +
		"\x96\xa6\x01\x09\x86\x0b\x09\x86\x11\x09\x06\x09\x9c\x06\x09\x80\x01\x09<\x09\x90\x01\x09\x96\x02" +
		"\x09\xd6\x02\x09v\x09\xf6\x02\x09f\x09\x06\x13L\x09\xa6\x03\x09f\x09\x96\x05\x09V\x09\xf6\x01\x09F" +
		"\x096\x09\xe6\x02\x09\xd6\x83\x01\x09\xa6\x12\x09V\x09\x86\x01\x09\x96\x04\x09\xf6\xbe\x01\x09\xd4" +
		"\x151\xc0\x12\x09\xa6\x03\x09\xf6\x03\x09\xf7\x01\x09\xd5\x06\x09\x96%\x09"},
	{"Nl", "\xee-\x02\xef\x14\"\x02\x03\xfe\x1c\x00\x19\x08\x0e\x02\xab\xed\x01\x09\xd0\xb4\x014\xcc\x03\x00\x08" +
		"\x00\x86\x01\x04\xaa@n\x85\x97\x01\x02"},
	{"No", "\xb2\x01\x01\x05\x00\x02\x02\xb5\x12\x05\xf8\x02\x05x\x02\x85\x01\x06\xd9\x01\x06\x11\x08\xb1\x03" +
		"\x09\xb5\x08\x13\xf3\x08\x09\xe0\x03\x00\x95\x0d\x00\x03\x05\x06\x09\xc6\x01\x0f)\x00\xd6\x05;N\x15" +
		"\xf6\x04\x1d\xe9\x0a\x00\x94\x09\x03\x8a\x01\x09\x1e\x07\x01\x0e \x09'\x0e\xf0\xea\x01\x05\xd1\xb1" +
		"\x01,A\x03\x11\x01\xd5\x02\x1a$\x03\xb4\x0a\x07\x19\x06'\x08K\x04\x16\x05\xa0\x01\x01\x02\x0f\x02-@" +
		"\x084\x01\x1e\x02K\x04h\x07\x18\x07)\x06\xca\x02\x05\xe0\x02\x1e\x9e\x01\x09*\x03p\x06\x86\x01\x13" +
		"\xfb\x02\x13\xc5\x0a\x01\xae\x03\x08\xe7\x06\x12\xd3\x06\x14\x86\x97\x01\x06\x9e\x06\x16\xa9\xc8\x01" +
		"\x13\x0c\x13l\x18\xce*\x08\xa1\x07:\x01\x02\x01\x03L,\x01\x0e\xc2\x07\x0c"},
	{"P", "!\x02\x01\x05\x01\x03\x0a\x01\x03\x01\x1a\x02\x01\x00\x1b\x00\x01\x00#\x00\x05\x00\x03\x00\x0a\x01" +
		"\x03\x00\x03\x00\xbe\x05\x00\x08\x00\xd2\x03\x05)\x013\x00\x01\x00\x02\x00\x02\x00,\x01\x14\x01\x01" +
		"\x01\x0d\x00\x01\x02J\x03f\x00+\x0d\xe9\x01\x026\x0e\x1f\x00\x85\x02\x01\x0a\x00\x8c\x01\x00x\x00y" +
		"\x00\x86\x03\x00\x0c\x00\xef\x02\x00Z\x00\x0a\x01\xa8\x01\x0e\x01\x00%\x03G\x00J\x04\x04\x01o\x05" +
		"\xab\x01\x00\xe4\x04\x08\x97\x01\x00\xed\x04\x00,\x01N\x02G\x01\x9d\x01\x02\x01\x02%\x0a\xb9\x02\x01" +
		"\xd8\x01\x01\x80\x01\x06\x01\x05\xa0\x01\x01\x0a\x06\x1c\x02|\x03;\x04>\x01@\x07\x0b\x00\xbc\x06\x17" +
		"\x08\x13\x01\x0c\x01\x0b\x1e\x01\x0e\x01\xf9\x04\x03\x1d\x01\xbd\x08\x0dO\x01\x1f\x09\x93\x03\x15?" +
		"\x03 \x01\xfb\x05\x03\x01\x01p\x00\x8f\x01.\x01\x1f\x02\x0b\xa3\x03\x02\x04\x09\x02\x0b\x10\x00\x0c" +
		"\x00b\x00Z\x00\x82\xe8\x01\x01\x8d\x02\x02c\x00\x0a\x00s\x05\xfc\x02\x03V\x01(\x02\x01\x001\x01/\x00" +
		"a\x0c\x10\x01|\x03~\x01\x10\x01\xf9\x01\x00\xd2\xa2\x01\x01\xd0\x01\x09\x16\"\x01\x0d\x01\x00\x04" +
		"\x00\x01\x01\x95\x01\x02\x01\x05\x01\x03\x0a\x01\x03\x01\x1a\x02\x01\x00\x1b\x00\x01\x00\x01\x06\x9a" +
		"\x03\x02\x9c\x05\x000\x00\x9e\x03\x00\xe7\x05\x00\xc7\x01\x00\x1f\x00\x90\x02\x08&\x00p\x06B\x06Y" +
		"\x03\xd1\x03\x00\xbe\x02\x00\"\x00\x84\x01\x04,\x03\xbd\x01\x06m\x01\x01\x03~\x030\x01O\x03\x04\x00" +
		"\x0d\x00\x01\x02X\x05k\x00\xaa\x02\x01\x01\x01r\x04\x0a\x01\x01\x00h\x00\xfa\x01\x16i\x02\x1c\x0cL" +
		"\x00\x82\x01\x02\xfc\x01\x00\x88\x02\x02\x9b\x01\x00\\\x07S\x02\x01\x04]\x09\xd7\x01\x00_\x04*\x01" +
		"\x85\x05\x01J\x0c\xaf\x01\x00\xf0\x08\x04\xfc\x16\x01\xfbt\x01\x85\x01\x00A\x04\x08\x00\xa8\x04\x02" +
		"\xa7\x02\x03\xc7\x02\x00\xbc\x99\x01\x00\xe7;\x04\xf3\x16\x00\xde\x06\x01"},
	{"Pc", "_\x00\xdf?\x01\x13\x00\xde\xbb\x03\x01\x18\x02\xef\x01\x00"},
	{"Pd", "-\x00\xdc\x0a\x003\x00\xc1\x1c\x00\x85\x08\x00\x89\x10\x05\x81\x1c\x00\x02\x00\x1f\x01\x04\x00\x1c" +
		"\x00\xbe\x03\x00\x13\x00o\x00\x90\x9b\x03\x01%\x00\x0a\x00\xa9\x01\x00\xe0\x1c\x00\xbe\x02\x00"},
	{"Pe", ")\x003\x00\x1f\x00\xbd\x1d\x00\x01\x00\xde\x0e\x00\xa9\x13\x007\x00\x0f\x00\xfa\x04\x00\x01\x00\x1e" +
		"\x00\xbe\x08\x00\x01\x00\x01\x00\x01\x00\x01\x00\x01\x00\x01\x00P\x00 \x00\x01\x00\x01\x00\x01\x00" +
		"\x01\x00\x94\x03\x00\x01\x00\x01\x00\x01\x00\x01\x00\x01\x00\x01\x00\x01\x00\x01\x00\x01\x00\x01\x00" +
		"@\x00\x01\x00!\x00\xa5\x08\x00\x01\x00\x01\x00\x01\x00,\x00\x01\x00\x01\x00\x01\x00\xac\x03\x00\x01" +
		"\x00\x01\x00\x01\x00\x01\x00\x03\x00\x01\x00\x01\x00\x01\x00\x02\x01\x9e\x9a\x03\x00\xd9\x01\x00\x1d" +
		"\x00\x01\x00\x01\x00\x01\x00\x01\x00\x01\x00\x01\x00\x01\x00\x03\x00\x11\x00\x01\x00\x01\x00\xaa\x01" +
		"\x003\x00\x1f\x00\x02\x00\x02\x00"},
	{"Pf", "\xbb\x01\x00\xdd>\x00\x03\x00\x1c\x00\xc8\x1b\x00\x01\x00\x04\x00\x02\x00\x0f\x00\x03\x00"},
	{"Pi", "\xab\x01\x00\xec>\x00\x02\x01\x02\x00\x19\x00\xc8\x1b\x00\x01\x00\x04\x00\x02\x00\x0f\x00\x03\x00"},
	{"Po", "!\x02\x01\x02\x02\x00\x01\x00\x01\x01\x0a\x01\x03\x01\x1b\x00D\x00\x05\x00\x0e\x01\x07\x00\xbe\x05" +
		"\x00\x08\x00\xd2\x03\x05)\x006\x00\x02\x00\x02\x00,\x01\x14\x01\x01\x01\x0d\x00\x01\x02J\x03f\x00+" +
		"\x0d\xe9\x01\x026\x0e\x1f\x00\x85\x02\x01\x0a\x00\x8c\x01\x00x\x00y\x00\x86\x03\x00\x0c\x00\xef\x02" +
		"\x00Z\x00\x0a\x01\xa8\x01\x0e\x01\x00p\x00J\x04\x04\x01o\x05\xab\x01\x00\xe4\x04\x08\x85\x06\x00|" +
		"\x02G\x01\x9d\x01\x02\x01\x02%\x05\x01\x03\xb9\x02\x01\xd8\x01\x01\x80\x01\x06\x01\x05\xa0\x01\x01" +
		"\x0a\x06\x1c\x02|\x03;\x04>\x01@\x07\x0b\x00\xc2\x06\x01\x08\x07\x08\x08\x02\x03\x02\x02\x03\x0a\x01" +
		"\x00\x01\x09\x9a\x19\x03\x01\x01p\x00\x8f\x01\x01\x04\x02\x02\x00\x02\x08\x01\x01\x01\x00\x02\x01" +
		"\x0a\x04\x01\x09\x02\x03\x01\x00\x01\x0c\x02\x02\xac\x03\x029\x00\xbd\x01\x00\x82\xe8\x01\x01\x8d" +
		"\x02\x02c\x00\x0a\x00s\x05\xfc\x02\x03V\x01(\x02\x01\x001\x01/\x00a\x0c\x10\x01|\x03~\x01\x10\x01" +
		"\xf9\x01\x00\xa4\xa4\x01\x06\x02\x00\x16\x00\x14\x01\x02\x03\x03\x02\x01\x03\x07\x02\x06\x00\x01\x01" +
		"\x95\x01\x02\x01\x02\x02\x00\x01\x00\x01\x01\x0a\x01\x03\x01\x1b\x00$\x00\x02\x01\x9a\x03\x02\x9c" +
		"\x05\x000\x00\x9e\x03\x00\xe7\x05\x00\xc7\x01\x00\x1f\x00\x90\x02\x08&\x00p\x06B\x06Y\x03\xb3\x06" +
		"\x00\x84\x01\x04,\x03\xbd\x01\x06m\x01\x01\x03~\x030\x01O\x03\x04\x00\x0d\x00\x01\x02X\x05k\x00\xaa" +
		"\x02\x01\x01\x01r\x04\x0a\x01\x01\x00h\x00\xfa\x01\x16i\x02\x1c\x0cL\x00\x82\x01\x02\xfc\x01\x00\x88" +
		"\x02\x02\x9b\x01\x00\\\x07S\x02\x01\x04]\x09\xd7\x01\x00_\x04*\x01\x85\x05\x01J\x0c\xaf\x01\x00\xf0" +
		"\x08\x04\xfc\x16\x01\xfbt\x01\x85\x01\x00A\x04\x08\x00\xa8\x04\x02\xa7\x02\x03\xc7\x02\x00\xbc\x99" +
		"\x01\x00\xe7;\x04\xf3\x16\x00\xde\x06\x01"},
	{"Ps", "(\x002\x00\x1f\x00\xbe\x1d\x00\x01\x00\xde\x0e\x00\xfe\x12\x00\x03\x00&\x007\x00\x0f\x00\xfa\x04\x00" +
		"\x01\x00\x1e\x00\xbe\x08\x00\x01\x00\x01\x00\x01\x00\x01\x00\x01\x00\x01\x00P\x00 \x00\x01\x00\x01" +
		"\x00\x01\x00\x01\x00\x94\x03\x00\x01\x00\x01\x00\x01\x00\x01\x00\x01\x00\x01\x00\x01\x00\x01\x00\x01" +
		"\x00\x01\x00@\x00\x01\x00!\x00\xa5\x08\x00\x01\x00\x01\x00\x01\x00\x19\x00\x12\x00\x01\x00\x01\x00" +
		"\x01\x00\xac\x03\x00\x01\x00\x01\x00\x01\x00\x01\x00\x03\x00\x01\x00\x01\x00\x01\x00\x02\x00\xa1\x9a" +
		"\x03\x00\xd7\x01\x00\x1d\x00\x01\x00\x01\x00\x01\x00\x01\x00\x01\x00\x01\x00\x01\x00\x03\x00\x11\x00" +
		"\x01\x00\x01\x00\xaa\x01\x002\x00\x1f\x00\x03\x00\x02\x00"},
	{"S", "$\x00\x06\x00\x10\x02\x1f\x00\x01\x00\x1b\x00\x01\x00#\x04\x01\x01\x02\x00\x01\x03\x02\x00\x03\x00" +
		"\x1e\x00\x1f\x00\xca\x03\x03\x0c\x0d\x05\x06\x01\x00\x01\x10u\x00\x0e\x01p\x00\x8b\x01\x00\x8a\x02" +
		"\x02v\x02\x02\x00\x02\x01\xce\x01\x00\x0a\x00\x13\x01\xf7\x01\x00\x07\x01\x88\x01\x00\xe9\x02\x01" +
		"\x06\x01\xf5\x01\x00~\x00\x82\x01\x07\x84\x01\x00\xcf\x01\x00)\x00\xc5\x01\x00\xc1\x01\x02\x0f\x00" +
		"\x01\x02\x02\x05\x14\x00\x01\x00\x01\x00\x85\x01\x07\x01\x05\x01\x01\x05\x03\xc5\x01\x01\xf0\x05\x09" +
		"\xd3\x05\x00\xed\x02\x00\xe4\x02\x00\x9d\x01!\xe1\x02\x09\x09\x08\xc0\x08\x00\x01\x02\x0b\x02\x0d" +
		"\x02\x0d\x02\x0d\x01E\x00\x0d\x00'\x02\x0d\x02\x13!>\x01\x01\x03\x01\x01\x0a\x00\x01\x02\x05\x05\x01" +
		"\x00\x01\x00\x01\x00\x04\x00\x0b\x01\x04\x04\x05\x03\x01\x00:\x01\x04\xf7\x02\x04\x1c\x02\xfe\x01" +
		"\x16\x0aQM\x16\xe7\x04,0\x02\x1e\x0a\x92\x03\x16>\x04\x1f\x02\xf5\x02\x02\x89\x01\xe5\x01\x05\xe5" +
		"\x02\x01.\x19\x01X\x0c\xd5\x01\x1a\x0f\x04\x00\x0d\x01\x0c\x00\x15\x01\x06\x01[\x01\xf3\x01\x01\x04" +
		"\x09 %\x09\x00\x10\x1e\x0b\x1d\x08\x00\x0f\x1f\x0a&\x0f\xbf\x02\xc03?\x90\xad\x016\xb9\x04\x16\x09" +
		"\x01g\x01\x9d\x01\x03\x0a\x03\xbd\x04\x02\xe1\x01\x00\x0e\x01\xbd\x9f\x01\x00\x88\x01 \xed\x02\x0f@" +
		"\x016\x07,\x03b\x00\x01\x02\x02\x00\x9a\x01\x00\x06\x00\x10\x02\x1f\x00\x01\x00\x1b\x00\x01\x00\x81" +
		"\x01\x06\x01\x06\x0d\x01\xb9\x02\x089\x10\x02\x02\x01\x0c\x03\x00/,\xfa\x0c\x01\xcf\x04\x00\xc5\x05" +
		"\x01\xc1\x02\x07\xe6\x10\x00\x95\x11\x1c\xca\x96\x01\x03\x05\x00\xd6\xa2\x01\x00\xe3\x1e\xef\x01\x0a" +
		"\x02\x03\xb3\x03\x06\x16\x0f\x10_s<\xf5\x01\x0a&\x02;\x05\x02\x16\x01\x07\x1d\x04<\x15A\x03\x00\xba" +
		"\x01V\xea\x06\x00\x19\x00\x1f\x00\x19\x00\x1f\x00\x19\x00\x1f\x00\x19\x00\x1f\x00\x19\x00<\xff\x037" +
		"\x032\x07\x01\x0d\x01\x01\xc8\x0d\x00\xaf\x03\x00\xac\x13\x00\x03\x00}\x00\xc1\x03\x01\x8e\x02+\x04c" +
		"\x0c\x0e\x02\x0e\x01\x0e\x01$\x17\xa0\x018\x1c\x0d+\x04\x08\x07\x01\x0e\x05\x9a\x01\xd8\x07\x03\x10" +
		"\x03\x0c\x03\xd9\x01\x06\x0b\x04\x00\x0f\x0b\x047\x08\x09\x06'\x08\x1d\x02\x0b\x04\x01\x0e\x08'\xd7" +
		"\x02\x08\x0d\x02\x0c\x03\x0a\x038\x01\x00\x04\x0f\x02\x0b\x04\x09\x07\x92\x01\x01[\x0a\x00"},
	{"Sc", "$\x00}\x03\xe9\x09\x00{\x00\xf2\x03\x01\xf2\x03\x01\x07\x00\xf5\x01\x00\x87\x02\x00\xc5\x04\x00\x9b" +
		"\x13\x00\xc4\x11!\xf6\x8e\x02\x00\xc3\xab\x01\x00l\x00\x9a\x01\x00\xdb\x01\x01\x03\x01\xf6?\x03\x9e" +
		"\x86\x03\x00\xb0\x13\x00"},
	{"Sk", "^\x00\x01\x00G\x00\x06\x00\x04\x00\x03\x00\x89\x04\x03\x0c\x0d\x05\x06\x01\x00\x01\x10u\x00\x0e\x01" +
		"\x82\x0a\x00\xb4.\x00\x01\x02\x0b\x02\x0d\x02\x0d\x02\x0d\x01\x9c!\x01\xe3\xec\x01\x16\x09\x01g\x01" +
		"\xd0\x07\x00\x0e\x01\xc6\xa0\x01\x10\xfb\x06\x00\x01\x00\xa2\x01\x00\x97\xe8\x03\x04"},
	{"Sm", "+\x00\x10\x02=\x00\x01\x00-\x00\x04\x00%\x00\x1f\x00\xfe\x05\x00\x8f\x04\x02\xbb4\x00\x0d\x00'\x02" +
		"\x0d\x02\x8b\x01\x00'\x04\x06\x00D\x04\x05\x01\x04\x00\x02\x00\x02\x00\x07\x00\x1f\x01\x02\x00\x01" +
		"\x00\x1f\x8b\x02 \x01Z\x00\x1e\x18(\x05\xd5\x03\x00\x09\x006\x07o\x00\xd0\x02\x04\x02\x1e\x0a\x0f" +
		"\x80\x02\x82\x01\x16>\x04\x1f\x02\x81\x020\x14\x02\x05\xdc\x9f\x03\x00\xb8\x06\x00\x01\x02\xa4\x01" +
		"\x00\x10\x02=\x00\x01\x00\x83\x01\x00\x06\x03\xa1\x1b\x01\xe0\x82\x03\x00\xd0\x0f\x00\x19\x00\x1f" +
		"\x00\x19\x00\x1f\x00\x19\x00\x1f\x00\x19\x00\x1f\x00\x19\x00\xac.\x01\xde\x13\x08"},
	{"So", "\xa6\x01\x00\x02\x00\x04\x00\x01\x00\xd1\x07\x00\x8a\x02\x01\x7f\x01\xce\x01\x00\x0a\x00\x13\x01\xf7" +
		"\x01\x00\x83\x04\x00\xf5\x02\x00\x82\x01\x05\x01\x00\x84\x01\x00\xcf\x01\x00)\x00\x87\x03\x02\x0f" +
		"\x00\x01\x02\x02\x05\x14\x00\x01\x00\x01\x00\x85\x01\x07\x01\x05\x01\x01\x05\x03\xc5\x01\x01\xf0\x05" +
		"\x09\xd3\x05\x00\xd2\x05\x00\x9d\x01!\xe1\x02\x09\x09\x08\x83\x0b\x01\x01\x03\x01\x01\x0a\x00\x01" +
		"\x01\x06\x05\x01\x00\x01\x00\x01\x00\x04\x00\x0b\x01\x0e\x00\x01\x01\x01\x00:\x01\x09\x04\x02\x03" +
		"\x01\x01\x01\x01\x01\x06\x01\x1e\x02\x01\x01\x00\x01\x1e\x8c\x02\x07\x04\x13\x02\x06\x02P\x01\x1d" +
		"\x19'\x06G\x16\x0aQM\x16\xb6\x01\x01\x08\x015\x08n\x01\xf7\x01,+@\xff\x01\x80\x04/\x15\x01\x06&\x02" +
		"\x89\x01\xe5\x01\x05\xe5\x02\x01.\x19\x01X\x0c\xd5\x01\x1a\x0f\x04\x00\x0d\x01\x0c\x00\x15\x01\x06" +
		"\x01\xd0\x02\x01\x04\x09 %\x09\x00\x10\x1e\x0b\x1d\x08\x00\x0f\x1f\x0a&\x0f\xbf\x02\xc03?\x90\xad" +
		"\x016\xe1\x06\x03\x0a\x01\x01\x00\xbd\x04\x02\xc9\xa2\x01\x0f\xed\x02\x0f@\x016\x07-\x02\xe4\x03\x00" +
		"\x03\x00\x04\x01\x0d\x01\xb9\x02\x089\x10\x02\x02\x01\x0c\x03\x00/,\xfa\x0c\x01\xcf\x04\x00\x88\x08" +
		"\x07\xe6\x10\x00\x95\x11\x07\x04\x10\xca\x96\x01\x03\x05\x00\xd6\xa2\x01\x00\xe3\x1e\xef\x01\x0a\x02" +
		"\x03\xb3\x03\x06\x16\x0f\x0f`s<\xf5\x01\x0a&\x02;\x05\x02\x16\x01\x07\x1d\x04<\x15A\x03\x00\xba\x01V" +
		"\xa9\x09\xff\x037\x032\x07\x01\x0d\x01\x01\xc8\x0d\x00\xdc\x16\x00\x81\x01\x00\xd1\x05+\x04c\x0c\x0e" +
		"\x02\x0e\x01\x0e\x01$\x17\xa0\x018\x1c\x0d+\x04\x08\x07\x01\x0e\x05\x9a\x01\xfa\x01\x05\xd8\x05\x03" +
		"\x10\x03\x0c\x03\xd9\x01\x06\x0b\x04\x00\x0f\x0b\x047\x08\x09\x06'\x08\x1d\x02\x0b\x04\x01>\xd7\x02" +
		"\x08\x0d\x02\x0c\x03\x0a\x038\x01\x00\x04\x0f\x02\x0b\x04\x09\x07\x92\x01\x01[\x0a\x00"},
	{"Z", " \x00\x7f\x00\xdf+\x00\xff\x12\x0a\x1d\x01\x05\x00/\x00\xa0\x1f\x00"},
	{"Zl", "\xa8@\x00"},
	{"Zp", "\xa9@\x00"},
	{"Zs", " \x00\x7f\x00\xdf+\x00\xff\x12\x0a$\x00/\x00\xa0\x1f\x00"},
}

// ucdGeneralCategoryAliases maps every General_Category value alias of
// PropertyValueAliases.txt to its short name.
var ucdGeneralCategoryAliases = [...]ucdAlias{
	{"C", "C"},
	{"Cased_Letter", "LC"},
	{"Cc", "Cc"},
	{"Cf", "Cf"},
	{"Close_Punctuation", "Pe"},
	{"Cn", "Cn"},
	{"Co", "Co"},
	{"Combining_Mark", "M"},
	{"Connector_Punctuation", "Pc"},
	{"Control", "Cc"},
	{"Cs", "Cs"},
	{"Currency_Symbol", "Sc"},
	{"Dash_Punctuation", "Pd"},
	{"Decimal_Number", "Nd"},
	{"Enclosing_Mark", "Me"},
	{"Final_Punctuation", "Pf"},
	{"Format", "Cf"},
	{"Initial_Punctuation", "Pi"},
	{"L", "L"},
	{"LC", "LC"},
	{"Letter", "L"},
	{"Letter_Number", "Nl"},
	{"Line_Separator", "Zl"},
	{"Ll", "Ll"},
	{"Lm", "Lm"},
	{"Lo", "Lo"},
	{"Lowercase_Letter", "Ll"},
	{"Lt", "Lt"},
	{"Lu", "Lu"},
	{"M", "M"},
	{"Mark", "M"},
	{"Math_Symbol", "Sm"},
	{"Mc", "Mc"},
	{"Me", "Me"},
	{"Mn", "Mn"},
	{"Modifier_Letter", "Lm"},
	{"Modifier_Symbol", "Sk"},
	{"N", "N"},
	{"Nd", "Nd"},
	{"Nl", "Nl"},
	{"No", "No"},
	{"Nonspacing_Mark", "Mn"},
	{"Number", "N"},
	{"Open_Punctuation", "Ps"},
	{"Other", "C"},
	{"Other_Letter", "Lo"},
	{"Other_Number", "No"},
	{"Other_Punctuation", "Po"},
	{"Other_Symbol", "So"},
	{"P", "P"},
	{"Paragraph_Separator", "Zp"},
	{"Pc", "Pc"},
	{"Pd", "Pd"},
	{"Pe", "Pe"},
	{"Pf", "Pf"},
	{"Pi", "Pi"},
	{"Po", "Po"},
	{"Private_Use", "Co"},
	{"Ps", "Ps"},
	{"Punctuation", "P"},
	{"S", "S"},
	{"Sc", "Sc"},
	{"Separator", "Z"},
	{"Sk", "Sk"},
	{"Sm", "Sm"},
	{"So", "So"},
	{"Space_Separator", "Zs"},
	{"Spacing_Mark", "Mc"},
	{"Surrogate", "Cs"},
	{"Symbol", "S"},
	{"Titlecase_Letter", "Lt"},
	{"Unassigned", "Cn"},
	{"Uppercase_Letter", "Lu"},
	{"Z", "Z"},
	{"Zl", "Zl"},
	{"Zp", "Zp"},
	{"Zs", "Zs"},
	{"cntrl", "Cc"},
	{"digit", "Nd"},
	{"punct", "P"},
}

// ucdScripts holds the Script values by short name (Zzzz is Unknown).
var ucdScripts = [...]ucdTable{
	{"Adlm", "\x80\xd2\x07K\x04\x09\x04\x01"},
	{"Aghb", "\xb0\x8a\x043\x0b\x00"},
	{"Ahom", "\x80\xae\x04\x1a\x02\x0e\x04\x16"},
	{"Arab", "\x80\x0c\x04\x01\x05\x01\x0d\x01\x02\x01\x1f\x01\x09\x0b\x19\x01k\x01!P/\xf0\x01!\x05J\x01\x1c\xd0" +
		"\xe4\x03\xed\x03\x02\x8f\x01 \x0fp\x04\x01\x86\x01\xe3\x1e\x1eC\x05\x08\x08!\x05\x80\xbe\x03\x03\x01" +
		"\x1a\x01\x01\x01\x00\x02\x00\x01\x09\x01\x03\x01\x00\x01\x00\x06\x00\x04\x00\x01\x00\x01\x00\x01\x02" +
		"\x01\x01\x01\x00\x02\x00\x01\x00\x01\x00\x01\x00\x01\x00\x01\x01\x01\x00\x02\x03\x01\x06\x01\x03\x01" +
		"\x03\x01\x00\x01\x09\x01\x10\x05\x02\x01\x04\x01\x104\x01"},
	{"Armi", "\xc0\x90\x04\x15\x01\x08"},
	{"Armn", "\xb1\x0a%\x021\x02\x02\x83\xeb\x03\x04"},
	{"Avst", "\x80\x96\x045\x03\x06"},
	{"Bali", "\x806L\x011"},
	{"Bamu", "\xa0\xcd\x02W\x88\x82\x03\xb8\x04"},
	{"Bass", "\xd0\xd5\x05\x1d\x02\x05"},
	{"Batk", "\xc073\x08\x03"},
	{"Beng", "\x80\x13\x03\x01\x07\x02\x01\x02\x15\x01\x06\x01\x00\x03\x03\x02\x08\x02\x01\x02\x03\x08\x00\x04\x01" +
		"\x01\x04\x02\x18"},
	{"Berf", "\xa0\xdd\x05\x18\x02\x18"},
	{"Bhks", "\x80\xb8\x04\x08\x01,\x01\x0d\x0a\x1c"},
	{"Bopo", "\xea\x05\x01\x99\\*p\x1f"},
	{"Brah", "\x80\xa0\x04M\x04#\x09\x00"},
	{"Brai", "\x80P\xff\x01"},
	{"Bugi", "\x804\x1b\x02\x01"},
	{"Buhd", "\xc0.\x13"},
	{"Cakm", "\x80\xa2\x044\x01\x11"},
	{"Cans", "\x80(\xff\x04\xb0\x04E\xba\x83\x04\x0f"},
	{"Cari", "\xa0\x85\x040"},
	{"Cham", "\x80\xd4\x026\x09\x0d\x02\x09\x02\x03"},
	{"Cher", "\xa0'U\x02\x05\xf2\xae\x02O"},
	{"Chrs", "\xb0\x9f\x04\x1b"},
	{"Copt", "\xe2\x07\x0d\x90Qs\x05\x06"},
	{"Cpmn", "\x90\xdf\x04b"},
	{"Cprt", "\x80\x90\x04\x05\x02\x00\x01+\x01\x01\x03\x00\x02\x00"},
	{"Cyrl", "\x80\x08\x84\x01\x02\xa8\x01\xd0.\x0a\xa0\x01\x00L\x00\xe7 \x1f\xc0\xf0\x01_\x8e\xaf\x01\x01\x80\xc4" +
		"\x03=!\x00"},
	{"Deva", "\x80\x12P\x04\x0e\x02\x19\xe0\xbe\x02\x1f\x80\xe4\x01\x09"},
	{"Diak", "\x80\xb2\x04\x06\x02\x00\x02\x07\x01\x01\x01\x1d\x01\x01\x02\x0b\x09\x09"},
	{"Dogr", "\x80\xb0\x04;"},
	{"Dsrt", "\x80\x88\x04O"},
	{"Dupl", "\x80\xf8\x06j\x05\x0c\x03\x08\x07\x09\x02\x03"},
	{"Egyp", "\x80\xe0\x04\xd5\x08\x0a\x9a\x1f"},
	{"Elba", "\x80\x8a\x04'"},
	{"Elym", "\xe0\x9f\x04\x16"},
	{"Ethi", "\x80$H\x01\x03\x02\x06\x01\x00\x01\x03\x02(\x01\x03\x02 \x01\x03\x02\x06\x01\x00\x01\x03\x02\x0e\x01" +
		"8\x01\x03\x02B\x02\x1f\x03\x19\xe63\x16\x09\x06\x01\x06\x01\x06\x01\x06\x01\x06\x01\x06\x01\x06\x01" +
		"\x06\xa2\xfa\x01\x05\x02\x05\x02\x05\x09\x06\x01\x06\xb1\xf9\x04\x06\x01\x03\x01\x01\x01\x0e"},
	{"Gara", "\xc0\x9a\x04%\x03\x1c\x08\x01"},
	{"Geor", "\xa0!%\x01\x00\x05\x00\x02*\x01\x03\x90\x17*\x02\x02\xc0 %\x01\x00\x05\x00"},
	{"Glag", "\x80X_\xa0\xe7\x06\x06\x01\x10\x02\x06\x01\x01\x01\x04"},
	{"Gong", "\xe0\xba\x04\x05\x01\x01\x01$\x01\x01\x01\x05\x07\x09"},
	{"Gonm", "\x80\xba\x04\x06\x01\x01\x01+\x03\x00\x01\x01\x01\x08\x08\x09"},
	{"Goth", "\xb0\x86\x04\x1a"},
	{"Gran", "\x80\xa6\x04\x03\x01\x07\x02\x01\x02\x15\x01\x06\x01\x01\x01\x04\x02\x08\x02\x01\x02\x02\x02\x00\x06" +
		"\x00\x05\x06\x02\x06\x03\x04"},
	{"Grek", "\xf0\x06\x03\x01\x02\x02\x03\x01\x00\x04\x00\x01\x00\x01\x02\x01\x00\x01\x13\x01>\x0e\x0f\xa62\x042" +
		"\x04\x04\x04T\x00\xc0\x02\x15\x02\x05\x02%\x02\x05\x02\x07\x01\x00\x01\x00\x01\x00\x01\x1e\x024\x01" +
		"\x0e\x01\x0d\x02\x05\x01\x12\x02\x02\x01\x08\xa7\x02\x00\xbe\x94\x02\x00\xda\xab\x01N\x11\x00\xdf" +
		"\xa0\x03E"},
	{"Gujr", "\x81\x15\x02\x01\x08\x01\x02\x01\x15\x01\x06\x01\x01\x01\x04\x02\x09\x01\x02\x01\x02\x02\x00\x0f\x03" +
		"\x02\x0b\x07\x06"},
	{"Gukh", "\x80\xc2\x059"},
	{"Guru", "\x81\x14\x02\x01\x05\x04\x01\x02\x15\x01\x06\x01\x01\x01\x01\x01\x01\x02\x00\x01\x04\x04\x01\x02\x02" +
		"\x03\x00\x07\x03\x01\x00\x07\x10"},
	{"Hang", "\x80\"\xff\x01\xae<\x01\x81\x02]q\x1eA\x1e\xe1\xed\x01\x1c\x83\x05\xa3W\x0c\x16\x040\xa4O\x1e\x03" +
		"\x05\x02\x05\x02\x05\x02\x02"},
	{"Hani", "\x80]\x19\x01X\x0c\xd5\x01/\x00\x01\x00\x19\x08\x0e\x03\xc4\x07\xbf3@\xff\xa3\x01\x80\xb2\x01\xed" +
		"\x02\x02i\x88\xea\x01\x01\x0c\x06\x89\xa0\x02\xdf\xcd\x02 \x9d\"\x02\x8d-\x02\xb0:\x0f\xed\x04\xa2" +
		"\x13\x9d\x04\xe2\x0b\xca&\x05\xa9B"},
	{"Hano", "\xa0.\x14"},
	{"Hatr", "\xe0\x91\x04\x12\x01\x01\x05\x04"},
	{"Hebr", "\x91\x0b6\x08\x1a\x04\x05\xa8\xea\x03\x19\x01\x04\x01\x00\x01\x01\x01\x01\x01\x09"},
	{"Hira", "\xc1`U\x06\x02\xe1\xfe\x05\x9e\x02\x12\x00\x1d\x02\xad\x81\x01\x00"},
	{"Hluw", "\x80\x88\x05\xc6\x04"},
	{"Hmng", "\x80\xd6\x05E\x0a\x09\x01\x06\x01\x14\x05\x12"},
	{"Hmnp", "\x80\xc2\x07,\x03\x0d\x02\x09\x04\x01"},
	{"Hrkt", ""},
	{"Hung", "\x80\x99\x042\x0d2\x07\x05"},
	{"Ital", "\x80\x86\x04#\x09\x02"},
	{"Java", "\x80\xd3\x02M\x02\x09\x04\x01"},
	{"Kali", "\x80\xd2\x02-\x01\x00"},
	{"Kana", "\xa1aY\x02\x02\xf0\x01\x0f\xd0\x01.\x01W\x8e\x98\x03\x09\x01,\xd2\xe0\x02\x03\x01\x06\x01\x01\x01" +
		"\x00\x9f\x02\x022\x00\x0e\x03"},
	{"Kawi", "\x80\xbe\x04\x10\x01(\x03\x1c"},
	{"Khar", "\x80\x94\x04\x03\x01\x01\x05\x07\x01\x02\x01\x1c\x02\x02\x04\x09\x07\x08"},
	{"Khmr", "\x80/]\x02\x09\x06\x09\xe6\x03\x1f"},
	{"Khoj", "\x80\xa4\x04\x11\x01."},
	{"Kits", "\xe4\xdf\x05\x00\x9b6\xd5\x03)\x00"},
	{"Knda", "\x80\x19\x0c\x01\x02\x01\x16\x01\x09\x01\x04\x02\x08\x01\x02\x01\x03\x07\x01\x05\x02\x01\x03\x02\x09" +
		"\x01\x02"},
	{"Krai", "\xc0\xda\x059"},
	{"Kthi", "\x80\xa1\x04B\x0a\x00"},
	{"Lana", "\xa04>\x01\x1c\x02\x0a\x06\x09\x06\x0d"},
	{"Laoo", "\x81\x1d\x01\x01\x00\x01\x04\x01\x17\x01\x00\x01\x16\x02\x04\x01\x00\x01\x06\x01\x09\x02\x03"},
	{"Latn", "A\x19\x06\x19/\x00\x0f\x00\x05\x16\x01\x1e\x01\xc0\x03'\x04\x9b4%\x060\x05\x03\x05\x0c\x01EA\xff\x01" +
		"\xf1\x02\x00\x0d\x00\x10\x0c\x8d\x01\x01\x06\x00\x1b\x00\x11(\xd7\x15\x1f\xa2\xf5\x01e\x03Q\x14\x0e" +
		"\xb0\x06*\x01\x08\x01\x03\x96\x9f\x01\x06\x9a\x08\x19\x06\x19\xa5\x10\x05\x01)\x01\x08\xc5\xae\x03" +
		"\x1e\x06\x05"},
	{"Lepc", "\x8087\x03\x0e\x03\x02"},
	{"Limb", "\x802\x1e\x01\x0b\x04\x0b\x04\x00\x03\x0b"},
	{"Lina", "\x80\x8c\x04\xb6\x02\x09\x15\x0a\x07"},
	{"Linb", "\x80\x80\x04\x0b\x01\x19\x01\x12\x01\x01\x01\x0e\x02\x0d\"z"},
	{"Lisu", "\xd0\xc9\x02/\xb0\xf5\x01\x00"},
	{"Lyci", "\x80\x85\x04\x1c"},
	{"Lydi", "\xa0\x92\x04\x19\x05\x00"},
	{"Mahj", "\xd0\xa2\x04&"},
	{"Maka", "\xe0\xbd\x04\x18"},
	{"Mand", "\xc0\x10\x1b\x02\x00"},
	{"Mani", "\xc0\x95\x04&\x04\x0b"},
	{"Marc", "\xf0\xb8\x04\x1f\x02\x15\x01\x0d"},
	{"Medf", "\xc0\xdc\x05Z"},
	{"Mend", "\x80\xd0\x07\xc4\x01\x02\x0f"},
	{"Merc", "\xa0\x93\x04\x17\x04\x13\x02-"},
	{"Mero", "\x80\x93\x04\x1f"},
	{"Mlym", "\x80\x1a\x0c\x01\x02\x012\x01\x02\x01\x05\x04\x0f\x02\x19"},
	{"Modi", "\x80\xac\x04D\x0b\x09"},
	{"Mong", "\x800\x01\x02\x00\x01\x13\x06X\x07*\xb5\xfb\x03\x0c"},
	{"Mroo", "\xc0\xd4\x05\x1e\x01\x09\x04\x01"},
	{"Mtei", "\xe0\xd5\x02\x16\xc9\x01-\x02\x09"},
	{"Mult", "\x80\xa5\x04\x06\x01\x00\x01\x03\x01\x0e\x01\x0a"},
	{"Mymr", "\x80 \x9f\x01\xc0\xb2\x02\x1ea\x1f\xd0\xd8\x01\x13"},
	{"Nagm", "\xd0\xc9\x07)"},
	{"Nand", "\xa0\xb3\x04\x07\x02-\x02\x0a"},
	{"Narb", "\x80\x95\x04\x1f"},
	{"Nbat", "\x80\x91\x04\x1e\x08\x08"},
	{"Newa", "\x80\xa8\x04[\x01\x04"},
	{"Nkoo", "\xc0\x0f:\x02\x02"},
	{"Nshu", "\xe1\xdf\x05\x00\x8e\x83\x01\x8b\x03"},
	{"Ogam", "\x80-\x1c"},
	{"Olck", "\xd08/"},
	{"Onao", "\xd0\xcb\x07*\x04\x00"},
	{"Orkh", "\x80\x98\x04H"},
	{"Orya", "\x81\x16\x02\x01\x07\x02\x01\x02\x15\x01\x06\x01\x01\x01\x04\x02\x08\x02\x01\x02\x02\x07\x02\x04\x01" +
		"\x01\x04\x02\x11"},
	{"Osge", "\xb0\x89\x04#\x04#"},
	{"Osma", "\x80\x89\x04\x1d\x02\x09"},
	{"Ougr", "\xf0\x9e\x04\x19"},
	{"Palm", "\xe0\x90\x04\x1f"},
	{"Pauc", "\xc0\xb5\x048"},
	{"Perm", "\xd0\x86\x04*"},
	{"Phag", "\xc0\xd0\x027"},
	{"Phli", "\xe0\x96\x04\x12\x05\x07"},
	{"Phlp", "\x80\x97\x04\x11\x07\x03\x0c\x06"},
	{"Phnx", "\x80\x92\x04\x1b\x03\x00"},
	{"Plrd", "\x80\xde\x05J\x048\x07\x10"},
	{"Prti", "\xc0\x96\x04\x15\x02\x07"},
	{"Rjng", "\xb0\xd2\x02#\x0b\x00"},
	{"Rohg", "\x80\x9a\x04'\x08\x09"},
	{"Runr", "\xa0-J\x03\x0a"},
	{"Samr", "\x80\x10-\x02\x0e"},
	{"Sarb", "\xe0\x94\x04\x1f"},
	{"Saur", "\x80\xd1\x02E\x08\x0b"},
	{"Sgnw", "\x80\xb0\x07\x8b\x05\x0f\x04\x01\x0e"},
	{"Shaw", "\xd0\x88\x04/"},
	{"Shrd", "\x80\xa3\x04_\x80\x13\x07"},
	{"Sidd", "\x80\xab\x045\x02%"},
	{"Sidt", "\xc0\x92\x04\x19"},
	{"Sind", "\xb0\xa5\x04:\x05\x09"},
	{"Sinh", "\x81\x1b\x02\x01\x11\x03\x17\x01\x08\x01\x00\x02\x06\x03\x00\x04\x05\x01\x00\x01\x07\x06\x09\x02\x02" +
		"\xec\x87\x04\x13"},
	{"Sogd", "\xb0\x9e\x04)"},
	{"Sogo", "\x80\x9e\x04'"},
	{"Sora", "\xd0\xa1\x04\x18\x07\x09"},
	{"Soyo", "\xd0\xb4\x04R"},
	{"Sund", "\x807?\x80\x02\x07"},
	{"Sunu", "\xc0\xb7\x04!\x0e\x09"},
	{"Sylo", "\x80\xd0\x02,"},
	{"Syrc", "\x80\x0e\x0d\x01;\x02\x02\x90\x02\x0a"},
	{"Tagb", "\xe0.\x0c\x01\x02\x01\x01"},
	{"Takr", "\x80\xad\x049\x06\x09"},
	{"Tale", "\xd02\x1d\x02\x04"},
	{"Talu", "\x803+\x04\x19\x06\x0a\x03\x01"},
	{"Taml", "\x82\x17\x01\x01\x05\x03\x02\x01\x03\x03\x01\x01\x00\x01\x01\x03\x01\x03\x02\x03\x0b\x04\x04\x03\x02" +
		"\x01\x03\x02\x00\x06\x00\x0e\x14\xc5\xa7\x041\x0d\x00"},
	{"Tang", "\xe0\xdf\x05\x00\x1f\xff5\x80\x04\x1ear"},
	{"Tavt", "\x80\xd5\x02B\x18\x04"},
	{"Tayo", "\xc0\xcd\x07\x1e\x01\x15\x08\x01"},
	{"Telu", "\x80\x18\x0c\x01\x02\x01\x16\x01\x0f\x02\x08\x01\x02\x01\x03\x07\x01\x01\x02\x01\x01\x02\x03\x02\x09" +
		"\x07\x08"},
	{"Tfng", "\xb0Z7\x07\x01\x0e\x00"},
	{"Tglg", "\x80.\x15\x09\x00"},
	{"Thaa", "\x80\x0f1"},
	{"Thai", "\x81\x1c9\x05\x1b"},
	{"Tibt", "\x80\x1eG\x01#\x04&\x01#\x01\x0e\x01\x06\x04\x01"},
	{"Tirh", "\x80\xa9\x04G\x08\x09"},
	{"Tnsa", "\xf0\xd4\x05N\x01\x09"},
	{"Todr", "\xc0\x8b\x043"},
	{"Tols", "\xb0\xbb\x04+\x04\x09"},
	{"Toto", "\x90\xc5\x07\x1e"},
	{"Tutg", "\x80\xa7\x04\x09\x01\x00\x02\x00\x01%\x01\x09\x01\x00\x02\x00\x01\x03\x01\x09\x01\x01\x08\x01"},
	{"Ugar", "\x80\x87\x04\x1d\x01\x00"},
	{"Vaii", "\x80\xca\x02\xab\x02"},
	{"Vith", "\xf0\x8a\x04\x0a\x01\x0e\x01\x06\x01\x01\x01\x0a\x01\x0e\x01\x06\x01\x01"},
	{"Wara", "\xa0\xb1\x04R\x0c\x00"},
	{"Wcho", "\xc0\xc5\x079\x05\x00"},
	{"Xpeo", "\xa0\x87\x04#\x04\x0d"},
	{"Xsux", "\x80\xc0\x04\x99\x07fn\x01\x04\x0b\xc3\x01"},
	{"Yezi", "\x80\x9d\x04)\x01\x02\x02\x01"},
	{"Yiii", "\x80\xc0\x02\x8c\x09\x036"},
	{"Zanb", "\x80\xb4\x04G"},
	{"Zinh", "\x80\x06o\x95\x02\x01\xc4\x03\x0a\x1a\x00\xe0\x05\x03\xdb\"-\x02\x0b\xe4\x03\x02\x01\x0c\x01\x06\x04" +
		"\x00\x06\x00\x03\x01\xc6\x01?\x8c\x04\x01\xc2\x01 \xb9\x1e\x03k\x01\xe5\x9a\x03\x0f\x10\x0d\xcf\x07" +
		"\x00\xe2\x01\x00\xda \x00\xc4\xf7\x02-\x02\x16\xa0\x04\x02\x11\x07\x02\x06\x1e\x03\xd2\xde0\xef\x01"},
	{"Zyyy", "\x00@\x1a\x05\x1a.\x01\x0e\x01\x04\x17\x00\x1f\x00\xc1\x03&\x05\x04\x02\x13t\x00\x09\x00\x06\x00\x01" +
		"\x00\xfd\x04\x00\x06\x00\x0e\x00\x03\x00 \x00\x9c\x01\x00\x84\x04\x00\x81\x01\x01\xd9\x09\x00\x95" +
		"\x03\x03\xa2\x02\x00\xef\x0b\x02G\x01\xcb\x01\x01\x01\x00\xcd\x09\x00\x0d\x00\x07\x03\x01\x05\x01" +
		"\x02\x02\x00\x85\x06\x0b\x02V\x01\x0a\x03\x0a\x01\x0e\x11!>%\x01\x02\x02\x05\x01\x1a\x01\x10)\x02" +
		"\x04\x99\x05\x16\x0a\x15\x9f\x07\x80\x02\xf3\x04\x02\x89\x01\x80\x04]\x92\x03\x14\x01\x00\x01\x18" +
		"\x0f\x07\x04\x03[\x01\x03\x00Z\x01\x93\x01\x0f %\x09\x000?\x1fP/\x00X\xa7\x01\xc03?\x80\xb2\x01!f" +
		"\x02\xa5\x01\x09\xf4\x01\x00\xa0\x01\x00\x8b\x03\x00\x0e\x01\xd2\xa3\x01\x01\xd0\x01\x09\x16\"\x01" +
		"\x12\x01\x03\x93\x01\x00\x01\x1f\x1a\x05\x1a\x0a\x0a\x00-\x01@\x06\x01\x06\x0a\x04\x82\x02\x02\x04," +
		"\x03\x08P\x0c3,\xe4\x01\x1a\xa4\xf3\x02\x03\xdc\x1e\xfc\x01\x03\xb3\x03\x06\x16\x0f\x10_s<\xf5\x01" +
		"\x0a&\x02=\x03\x10\x08\x01\x07\x1d\x04<\xd5\x01\x13\x0c\x13\x0cV\x09\x18\x87\x01T\x01F\x01\x01\x02" +
		"\x00\x02\x01\x02\x03\x01\x0b\x01\x00\x01\x06\x01@\x01\x03\x02\x07\x01\x06\x01\x1b\x01\x03\x01\x04" +
		"\x01\x00\x03\x06\x01\xd3\x02\x02\xa3\x02\x021\xf1(CL<\xc2\x05+\x04c\x0c\x0e\x02\x0e\x01\x0e\x01$\x0a" +
		"\xad\x018\x19\x01\x01\x0d+\x04\x08\x07\x01\x0e\x05\x9a\x01\xd8\x07\x03\x10\x03\x0c\x03\xd9\x01\x06" +
		"\x0b\x04\x00\x0f\x0b\x047\x08\x09\x06'\x08\x1d\x02\x0b\x04\x01\x0e\x08'\xd7\x02\x08\x0d\x02\x0c\x03" +
		"\x0a\x038\x01\x00\x04\x0f\x02\x0b\x04\x09\x07\x92\x01\x01f\x86\x880\x00\x1e_"},
	{"Zzzz", "\xf8\x06\x01\x06\x03\x07\x00\x01\x00\x14\x00\x8d\x03\x00&\x012\x01\x03\x007\x07\x1b\x03\x06\x0a\x8e" +
		"\x02\x00<\x01e\x0d;\x011\x01\x0f\x00\x1c\x01\x01\x00\x0b\x04\"\x04\xed\x01\x00\x08\x01\x02\x01\x16" +
		"\x00\x07\x00\x01\x02\x04\x01\x09\x01\x02\x01\x04\x07\x01\x03\x02\x00\x05\x01\x19\x01\x03\x00\x06\x03" +
		"\x02\x01\x16\x00\x07\x00\x02\x00\x02\x00\x02\x01\x01\x00\x05\x03\x02\x01\x03\x02\x01\x06\x04\x00\x01" +
		"\x06\x11\x09\x03\x00\x09\x00\x03\x00\x16\x00\x07\x00\x02\x00\x05\x01\x0a\x00\x03\x00\x03\x01\x01\x0e" +
		"\x04\x01\x0c\x06\x07\x00\x03\x00\x08\x01\x02\x01\x16\x00\x07\x00\x02\x00\x05\x01\x09\x01\x02\x01\x03" +
		"\x06\x03\x03\x02\x00\x05\x01\x12\x09\x02\x00\x06\x02\x03\x00\x04\x02\x02\x00\x01\x00\x02\x02\x02\x02" +
		"\x03\x02\x0c\x03\x05\x02\x03\x00\x04\x01\x01\x05\x01\x0d\x15\x04\x0d\x00\x03\x00\x17\x00\x10\x01\x09" +
		"\x00\x03\x00\x04\x06\x02\x00\x03\x00\x02\x01\x04\x01\x0a\x06\x16\x00\x03\x00\x17\x00\x0a\x00\x05\x01" +
		"\x09\x00\x03\x00\x04\x06\x02\x04\x03\x00\x04\x01\x0a\x00\x03\x0b\x0d\x00\x03\x003\x00\x03\x00\x06" +
		"\x03\x10\x01\x1a\x00\x03\x00\x12\x02\x18\x00\x09\x00\x01\x01\x07\x02\x01\x03\x06\x00\x01\x00\x08\x05" +
		"\x0a\x01\x03\x0b:\x03\x1d$\x02\x00\x01\x00\x05\x00\x18\x00\x01\x00\x17\x01\x05\x00\x01\x00\x07\x00" +
		"\x0a\x01\x04\x1fH\x00$\x03'\x00$\x00\x0f\x00\x0d$\xc6\x01\x00\x01\x04\x01\x01\xf9\x02\x00\x04\x01" +
		"\x07\x00\x01\x00\x04\x01)\x00\x04\x01!\x00\x04\x01\x07\x00\x01\x00\x04\x01\x0f\x009\x00\x04\x01C\x01" +
		" \x02\x1a\x05V\x01\x06\x01\x9d\x05\x02Y\x06\x16\x08\x18\x08\x14\x0b\x0d\x00\x03\x00\x02\x0b^\x01\x0a" +
		"\x05\x0a\x05\x1a\x05Y\x06+\x04F\x09\x1f\x00\x0c\x03\x0c\x03\x01\x02*\x01\x05\x0a,\x03\x1a\x05\x0b" +
		"\x02>\x01A\x00\x1d\x01\x0b\x05\x0a\x05\x0e\x01.\x01\x0c\x13M\x00\xa6\x01\x07<\x02\x0f\x02>\x04+\x01" +
		"\x0b\x07+\x04\x96\x04\x01\x06\x01&\x01\x06\x01\x08\x00\x01\x00\x01\x00\x01\x00\x1f\x015\x00\x0f\x00" +
		"\x0e\x01\x06\x00\x13\x01\x03\x00\x09\x00e\x00\x0c\x01\x1b\x00\x0d\x02\"\x0d!\x0e\x8c\x01\x03\x9a\x05" +
		"\x15\x0b\x14\x94\x0e\x01\xfe\x02\x04-\x00\x01\x04\x01\x018\x06\x02\x0d\x18\x08\x07\x00\x07\x00\x07" +
		"\x00\x07\x00\x07\x00\x07\x00\x07\x00\x07\x00~!\x1a\x00Y\x0b\xd6\x01\x19P\x00V\x01g\x04+\x00^\x00V" +
		"\x080\x00\xed\xe4\x01\x027\x08\xdc\x02\x13\xb8\x01\x07\xdd\x01\x13<\x02\x0a\x058\x07F\x07\x0c\x05t" +
		"\x0a\x1e\x02N\x00\x0b\x03!\x007\x08\x0e\x01\x0a\x01g\x17\x1c\x09\x06\x01\x06\x01\x06\x08\x07\x00\x07" +
		"\x00<\x03~\x01\x0a\x05\xa4W\x0b\x17\x031\x83B\xee\x02\x01j%\x07\x0b\x05\x04\x1a\x00\x05\x00\x01\x00" +
		"\x02\x00\x02\x00\x8a\x05\x1f*\x053\x00\x13\x00\x04\x03\x05\x00\x87\x01\x01\x01\x00\xbe\x01\x02\x06" +
		"\x01\x06\x01\x06\x01\x03\x02\x07\x00\x07\x09\x05\x01\x0c\x00\x1a\x00\x13\x00\x02\x00\x0f\x01\x0e!{" +
		"\x04\x03\x03-\x02X\x00\x0d\x02\x01..\x81\x01\x1d\x021\x0e\x1c\x03$\x08\x1e\x04+\x04\x1e\x00%\x03\x0e" +
		")\x9e\x01\x01\x0a\x05$\x03$\x03(\x074\x0a\x0c\x00\x0f\x00\x07\x00\x02\x00\x0b\x00\x0f\x00\x07\x00" +
		"\x02\x024\x0b\xb7\x02\x08\x16\x09\x08\x17\x06\x00*\x00\x09D\x06\x01\x01\x00,\x00\x02\x02\x01\x01\x17" +
		"\x00H\x07\x09/\x13\x00\x02\x04!\x02\x1b\x04\x1b%8\x03\x14\x012\x00\x02\x04\x08\x00\x03\x00\x1d\x01" +
		"\x03\x03\x0a\x06\x09\x06@\x1f'\x03\x0c\x086\x02\x1d\x01\x1b\x04\x1a\x06\x04\x0b\x07OI63\x0c3\x06." +
		"\x07\x0a\x05&\x02\x1d\x07\x02\xcf\x01\x1f\x00*\x00\x03\x01\x02\x0f\x06\x07\x09 .\x07*\x15\x1a%\x1c" +
		"\x13\x17\x08N\x03$\x08D\x09\x01\x01\x19\x06\x0a\x055\x00\x12\x07'\x08`\x00\x14\x0a\x12\x00/=\x07\x00" +
		"\x01\x00\x04\x00\x0f\x00\x0b\x05;\x04\x0a\x05\x04\x00\x08\x01\x02\x01\x16\x00\x07\x00\x02\x00\x05" +
		"\x00\x0a\x01\x02\x01\x03\x01\x01\x05\x01\x04\x07\x01\x07\x02\x05\x0a\x0a\x00\x01\x01\x01\x00&\x00" +
		"\x0a\x00\x01\x01\x01\x00\x04\x00\x0a\x00\x02\x07\x02\x1c\\\x00\x05\x1dH\x07\x0a\xa5\x016\x01&!E\x0a" +
		"\x0a\x05\x0d\x12:\x05\x0a\x05\x14\x1b\x1b\x01\x0f\x03\x17\xb8\x01<cS\x0b\x08\x01\x01\x01\x08\x00\x02" +
		"\x00\x1e\x00\x02\x01\x0c\x08\x0aE\x08\x01.\x01\x0b\x1aH\x07S\x0cI\x06\x0aU\x08W\"\x0d\x0a\x05\x09" +
		"\x00-\x00\x0e\x09\x1d\x02 \x01\x16\x00\x0eH\x07\x00\x02\x00,\x02\x01\x00\x02\x00\x09\x07\x0a\x05\x06" +
		"\x00\x02\x00%\x00\x02\x00\x06\x06\x0a\x05,\x03\x0a\xf5\x01\x19\x06\x11\x00)\x02\x1dT\x01\x0e2\x0c" +
		"\x9b\x07eo\x00\x05\x0a\xc4\x01\xcb\x14c\x0c\xd6\x08\x09\x9b\x1f\x04\xc7\x04\xb85:\xc5\x0d\xb9\x04" +
		"\x06\x1f\x00\x0a\x03Q\x00\x0a\x05\x1e\x01\x06\x09F\x09\x0a\x00\x07\x00\x15\x04\x13\xaf\x03:\xc5\x01[" +
		"\x04\x19\x01\x19+K\x039\x06\x11?\x05\x0a\x07\x08\xd69( `s\xfcC\x04\x00\x07\x00\x02\x00\xa3\x02\x0e" +
		"\x01\x1c\x03\x01\x01\x0d\x04\x07\x8c\x03\x83\x12k\x04\x0d\x02\x09\x06\x0a\x01\x08\xdb\x1e\xfd\x01" +
		"\x02\xb4\x03\x05\x17\x0e\x11\x0e.\x01\x17\x08t;\xf6\x01\x09'\x01\xc2\x01\x14Fy\x14\x0b\x14\x0bW\x08" +
		"\x19\x86\x01U\x00G\x00\x02\x01\x01\x01\x02\x01\x04\x00\x0c\x00\x01\x00\x07\x00A\x00\x04\x01\x08\x00" +
		"\x07\x00\x1c\x00\x04\x00\x05\x00\x01\x02\x07\x00\xd4\x02\x01\xa4\x02\x01\xbe\x05\x0e\x05\x00\x0f\xcf" +
		"\x08\x1f\x05\x06\xd4\x01\x07\x00\x11\x01\x07\x00\x02\x00\x05\x04> \x01o-\x02\x0e\x01\x0a\x03\x02\xbf" +
		"\x02\x1f\x10:\x04\x01\xcf\x03*\xd5\x01+\x03\x01\xbf\x01\x1f\x00\x16\x07\x02\xdf\x01\x07\x00\x04\x00" +
		"\x02\x00\x0f\x00\xc5\x01\x01\x10(L\x03\x0a\x03\x02\x90\x06DK=\xc1\x01\x04\x00\x1b\x00\x02\x00\x01" +
		"\x01\x01\x00\x0a\x00\x04\x00\x01\x00\x01\x05\x01\x03\x01\x00\x01\x00\x01\x00\x03\x00\x02\x00\x01\x01" +
		"\x01\x00\x01\x00\x01\x00\x01\x00\x01\x00\x02\x00\x01\x01\x04\x00\x07\x00\x04\x00\x04\x00\x01\x00\x0a" +
		"\x00\x11\x04\x03\x00\x05\x00\x113\x02\x8d\x02,\x03d\x0b\x0f\x01\x0f\x00\x0f\x00%\x09\xae\x017\x1d" +
		"\x0c,\x03\x09\x06\x02\x0d\x06\x99\x01\xd9\x07\x02\x11\x02\x0d\x02\xda\x01\x05\x0c\x03\x01\x0e\x0c" +
		"\x038\x07\x0a\x05(\x07\x1e\x01\x0c\x03\x02\x0d\x09&\xd8\x02\x07\x0e\x01\x0d\x02\x0b\x029\x00\x01\x03" +
		"\x10\x01\x0c\x03\x0a\x06\x93\x01\x00g\x84\x08\xe0\xcd\x02\x1f\x9e\"\x01\x8e-\x01\xb1:\x0e\xee\x04" +
		"\xa1\x13\x9e\x04\xe1\x0b\xcb&\x04\xaaB\x86\x97+\x01\x1d`\x7f\xf0\x01\x8f\xfc\x0b"},
}

// ucdScriptAliases maps every Script value alias to its short name.
var ucdScriptAliases = [...]ucdAlias{
	{"Adlam", "Adlm"},
	{"Adlm", "Adlm"},
	{"Aghb", "Aghb"},
	{"Ahom", "Ahom"},
	{"Anatolian_Hieroglyphs", "Hluw"},
	{"Arab", "Arab"},
	{"Arabic", "Arab"},
	{"Armenian", "Armn"},
	{"Armi", "Armi"},
	{"Armn", "Armn"},
	{"Avestan", "Avst"},
	{"Avst", "Avst"},
	{"Bali", "Bali"},
	{"Balinese", "Bali"},
	{"Bamu", "Bamu"},
	{"Bamum", "Bamu"},
	{"Bass", "Bass"},
	{"Bassa_Vah", "Bass"},
	{"Batak", "Batk"},
	{"Batk", "Batk"},
	{"Beng", "Beng"},
	{"Bengali", "Beng"},
	{"Berf", "Berf"},
	{"Beria_Erfe", "Berf"},
	{"Bhaiksuki", "Bhks"},
	{"Bhks", "Bhks"},
	{"Bopo", "Bopo"},
	{"Bopomofo", "Bopo"},
	{"Brah", "Brah"},
	{"Brahmi", "Brah"},
	{"Brai", "Brai"},
	{"Braille", "Brai"},
	{"Bugi", "Bugi"},
	{"Buginese", "Bugi"},
	{"Buhd", "Buhd"},
	{"Buhid", "Buhd"},
	{"Cakm", "Cakm"},
	{"Canadian_Aboriginal", "Cans"},
	{"Cans", "Cans"},
	{"Cari", "Cari"},
	{"Carian", "Cari"},
	{"Caucasian_Albanian", "Aghb"},
	{"Chakma", "Cakm"},
	{"Cham", "Cham"},
	{"Cher", "Cher"},
	{"Cherokee", "Cher"},
	{"Chorasmian", "Chrs"},
	{"Chrs", "Chrs"},
	{"Common", "Zyyy"},
	{"Copt", "Copt"},
	{"Coptic", "Copt"},
	{"Cpmn", "Cpmn"},
	{"Cprt", "Cprt"},
	{"Cuneiform", "Xsux"},
	{"Cypriot", "Cprt"},
	{"Cypro_Minoan", "Cpmn"},
	{"Cyrillic", "Cyrl"},
	{"Cyrl", "Cyrl"},
	{"Deseret", "Dsrt"},
	{"Deva", "Deva"},
	{"Devanagari", "Deva"},
	{"Diak", "Diak"},
	{"Dives_Akuru", "Diak"},
	{"Dogr", "Dogr"},
	{"Dogra", "Dogr"},
	{"Dsrt", "Dsrt"},
	{"Dupl", "Dupl"},
	{"Duployan", "Dupl"},
	{"Egyp", "Egyp"},
	{"Egyptian_Hieroglyphs", "Egyp"},
	{"Elba", "Elba"},
	{"Elbasan", "Elba"},
	{"Elym", "Elym"},
	{"Elymaic", "Elym"},
	{"Ethi", "Ethi"},
	{"Ethiopic", "Ethi"},
	{"Gara", "Gara"},
	{"Garay", "Gara"},
	{"Geor", "Geor"},
	{"Georgian", "Geor"},
	{"Glag", "Glag"},
	{"Glagolitic", "Glag"},
	{"Gong", "Gong"},
	{"Gonm", "Gonm"},
	{"Goth", "Goth"},
	{"Gothic", "Goth"},
	{"Gran", "Gran"},
	{"Grantha", "Gran"},
	{"Greek", "Grek"},
	{"Grek", "Grek"},
	{"Gujarati", "Gujr"},
	{"Gujr", "Gujr"},
	{"Gukh", "Gukh"},
	{"Gunjala_Gondi", "Gong"},
	{"Gurmukhi", "Guru"},
	{"Guru", "Guru"},
	{"Gurung_Khema", "Gukh"},
	{"Han", "Hani"},
	{"Hang", "Hang"},
	{"Hangul", "Hang"},
	{"Hani", "Hani"},
	{"Hanifi_Rohingya", "Rohg"},
	{"Hano", "Hano"},
	{"Hanunoo", "Hano"},
	{"Hatr", "Hatr"},
	{"Hatran", "Hatr"},
	{"Hebr", "Hebr"},
	{"Hebrew", "Hebr"},
	{"Hira", "Hira"},
	{"Hiragana", "Hira"},
	{"Hluw", "Hluw"},
	{"Hmng", "Hmng"},
	{"Hmnp", "Hmnp"},
	{"Hrkt", "Hrkt"},
	{"Hung", "Hung"},
	{"Imperial_Aramaic", "Armi"},
	{"Inherited", "Zinh"},
	{"Inscriptional_Pahlavi", "Phli"},
	{"Inscriptional_Parthian", "Prti"},
	{"Ital", "Ital"},
	{"Java", "Java"},
	{"Javanese", "Java"},
	{"Kaithi", "Kthi"},
	{"Kali", "Kali"},
	{"Kana", "Kana"},
	{"Kannada", "Knda"},
	{"Katakana", "Kana"},
	{"Katakana_Or_Hiragana", "Hrkt"},
	{"Kawi", "Kawi"},
	{"Kayah_Li", "Kali"},
	{"Khar", "Khar"},
	{"Kharoshthi", "Khar"},
	{"Khitan_Small_Script", "Kits"},
	{"Khmer", "Khmr"},
	{"Khmr", "Khmr"},
	{"Khoj", "Khoj"},
	{"Khojki", "Khoj"},
	{"Khudawadi", "Sind"},
	{"Kirat_Rai", "Krai"},
	{"Kits", "Kits"},
	{"Knda", "Knda"},
	{"Krai", "Krai"},
	{"Kthi", "Kthi"},
	{"Lana", "Lana"},
	{"Lao", "Laoo"},
	{"Laoo", "Laoo"},
	{"Latin", "Latn"},
	{"Latn", "Latn"},
	{"Lepc", "Lepc"},
	{"Lepcha", "Lepc"},
	{"Limb", "Limb"},
	{"Limbu", "Limb"},
	{"Lina", "Lina"},
	{"Linb", "Linb"},
	{"Linear_A", "Lina"},
	{"Linear_B", "Linb"},
	{"Lisu", "Lisu"},
	{"Lyci", "Lyci"},
	{"Lycian", "Lyci"},
	{"Lydi", "Lydi"},
	{"Lydian", "Lydi"},
	{"Mahajani", "Mahj"},
	{"Mahj", "Mahj"},
	{"Maka", "Maka"},
	{"Makasar", "Maka"},
	{"Malayalam", "Mlym"},
	{"Mand", "Mand"},
	{"Mandaic", "Mand"},
	{"Mani", "Mani"},
	{"Manichaean", "Mani"},
	{"Marc", "Marc"},
	{"Marchen", "Marc"},
	{"Masaram_Gondi", "Gonm"},
	{"Medefaidrin", "Medf"},
	{"Medf", "Medf"},
	{"Meetei_Mayek", "Mtei"},
	{"Mend", "Mend"},
	{"Mende_Kikakui", "Mend"},
	{"Merc", "Merc"},
	{"Mero", "Mero"},
	{"Meroitic_Cursive", "Merc"},
	{"Meroitic_Hieroglyphs", "Mero"},
	{"Miao", "Plrd"},
	{"Mlym", "Mlym"},
	{"Modi", "Modi"},
	{"Mong", "Mong"},
	{"Mongolian", "Mong"},
	{"Mro", "Mroo"},
	{"Mroo", "Mroo"},
	{"Mtei", "Mtei"},
	{"Mult", "Mult"},
	{"Multani", "Mult"},
	{"Myanmar", "Mymr"},
	{"Mymr", "Mymr"},
	{"Nabataean", "Nbat"},
	{"Nag_Mundari", "Nagm"},
	{"Nagm", "Nagm"},
	{"Nand", "Nand"},
	{"Nandinagari", "Nand"},
	{"Narb", "Narb"},
	{"Nbat", "Nbat"},
	{"New_Tai_Lue", "Talu"},
	{"Newa", "Newa"},
	{"Nko", "Nkoo"},
	{"Nkoo", "Nkoo"},
	{"Nshu", "Nshu"},
	{"Nushu", "Nshu"},
	{"Nyiakeng_Puachue_Hmong", "Hmnp"},
	{"Ogam", "Ogam"},
	{"Ogham", "Ogam"},
	{"Ol_Chiki", "Olck"},
	{"Ol_Onal", "Onao"},
	{"Olck", "Olck"},
	{"Old_Hungarian", "Hung"},
	{"Old_Italic", "Ital"},
	{"Old_North_Arabian", "Narb"},
	{"Old_Permic", "Perm"},
	{"Old_Persian", "Xpeo"},
	{"Old_Sogdian", "Sogo"},
	{"Old_South_Arabian", "Sarb"},
	{"Old_Turkic", "Orkh"},
	{"Old_Uyghur", "Ougr"},
	{"Onao", "Onao"},
	{"Oriya", "Orya"},
	{"Orkh", "Orkh"},
	{"Orya", "Orya"},
	{"Osage", "Osge"},
	{"Osge", "Osge"},
	{"Osma", "Osma"},
	{"Osmanya", "Osma"},
	{"Ougr", "Ougr"},
	{"Pahawh_Hmong", "Hmng"},
	{"Palm", "Palm"},
	{"Palmyrene", "Palm"},
	{"Pau_Cin_Hau", "Pauc"},
	{"Pauc", "Pauc"},
	{"Perm", "Perm"},
	{"Phag", "Phag"},
	{"Phags_Pa", "Phag"},
	{"Phli", "Phli"},
	{"Phlp", "Phlp"},
	{"Phnx", "Phnx"},
	{"Phoenician", "Phnx"},
	{"Plrd", "Plrd"},
	{"Prti", "Prti"},
	{"Psalter_Pahlavi", "Phlp"},
	{"Qaac", "Copt"},
	{"Qaai", "Zinh"},
	{"Rejang", "Rjng"},
	{"Rjng", "Rjng"},
	{"Rohg", "Rohg"},
	{"Runic", "Runr"},
	{"Runr", "Runr"},
	{"Samaritan", "Samr"},
	{"Samr", "Samr"},
	{"Sarb", "Sarb"},
	{"Saur", "Saur"},
	{"Saurashtra", "Saur"},
	{"Sgnw", "Sgnw"},
	{"Sharada", "Shrd"},
	{"Shavian", "Shaw"},
	{"Shaw", "Shaw"},
	{"Shrd", "Shrd"},
	{"Sidd", "Sidd"},
	{"Siddham", "Sidd"},
	{"Sidetic", "Sidt"},
	{"Sidt", "Sidt"},
	{"SignWriting", "Sgnw"},
	{"Sind", "Sind"},
	{"Sinh", "Sinh"},
	{"Sinhala", "Sinh"},
	{"Sogd", "Sogd"},
	{"Sogdian", "Sogd"},
	{"Sogo", "Sogo"},
	{"Sora", "Sora"},
	{"Sora_Sompeng", "Sora"},
	{"Soyo", "Soyo"},
	{"Soyombo", "Soyo"},
	{"Sund", "Sund"},
	{"Sundanese", "Sund"},
	{"Sunu", "Sunu"},
	{"Sunuwar", "Sunu"},
	{"Sylo", "Sylo"},
	{"Syloti_Nagri", "Sylo"},
	{"Syrc", "Syrc"},
	{"Syriac", "Syrc"},
	{"Tagalog", "Tglg"},
	{"Tagb", "Tagb"},
	{"Tagbanwa", "Tagb"},
	{"Tai_Le", "Tale"},
	{"Tai_Tham", "Lana"},
	{"Tai_Viet", "Tavt"},
	{"Tai_Yo", "Tayo"},
	{"Takr", "Takr"},
	{"Takri", "Takr"},
	{"Tale", "Tale"},
	{"Talu", "Talu"},
	{"Tamil", "Taml"},
	{"Taml", "Taml"},
	{"Tang", "Tang"},
	{"Tangsa", "Tnsa"},
	{"Tangut", "Tang"},
	{"Tavt", "Tavt"},
	{"Tayo", "Tayo"},
	{"Telu", "Telu"},
	{"Telugu", "Telu"},
	{"Tfng", "Tfng"},
	{"Tglg", "Tglg"},
	{"Thaa", "Thaa"},
	{"Thaana", "Thaa"},
	{"Thai", "Thai"},
	{"Tibetan", "Tibt"},
	{"Tibt", "Tibt"},
	{"Tifinagh", "Tfng"},
	{"Tirh", "Tirh"},
	{"Tirhuta", "Tirh"},
	{"Tnsa", "Tnsa"},
	{"Todhri", "Todr"},
	{"Todr", "Todr"},
	{"Tolong_Siki", "Tols"},
	{"Tols", "Tols"},
	{"Toto", "Toto"},
	{"Tulu_Tigalari", "Tutg"},
	{"Tutg", "Tutg"},
	{"Ugar", "Ugar"},
	{"Ugaritic", "Ugar"},
	{"Unknown", "Zzzz"},
	{"Vai", "Vaii"},
	{"Vaii", "Vaii"},
	{"Vith", "Vith"},
	{"Vithkuqi", "Vith"},
	{"Wancho", "Wcho"},
	{"Wara", "Wara"},
	{"Warang_Citi", "Wara"},
	{"Wcho", "Wcho"},
	{"Xpeo", "Xpeo"},
	{"Xsux", "Xsux"},
	{"Yezi", "Yezi"},
	{"Yezidi", "Yezi"},
	{"Yi", "Yiii"},
	{"Yiii", "Yiii"},
	{"Zanabazar_Square", "Zanb"},
	{"Zanb", "Zanb"},
	{"Zinh", "Zinh"},
	{"Zyyy", "Zyyy"},
	{"Zzzz", "Zzzz"},
}

// ucdScriptExtensions lists the ScriptExtensions.txt entries: uvarint gap,
// length - 1, script count and ucdScripts indices per range. Code points
// without an entry have Script_Extensions = {Script}.
const ucdScriptExtensions = "\xb7\x01\x00\x10\x06\x15\x19!#'()+-2JQRs\x81\x01\x84\x04\x00\x07\x0b\x1c\x1dJO\x9b\x01\xa1\x01\x0a" +
	"\x00\x02\x0eJ\x01\x02\x02\x0eJ\x01\x00\x02JO\x09\x00\x02J\x9b\x01\x01\x00\x02\x0eJ&\x00\x08\x17\x19" +
	"\x1c-Js\x8c\x01\x91\x01\x00\x00\x08\x17\x1c-Jn\x8c\x01\x91\x01\x9f\x01\x00\x00\x04\x17\x1cJ\x98\x01" +
	"\x00\x00\x05(J\x8c\x01\x8e\x01\x9b\x01\x00\x00\x0b\x01\x17\x19\x1c+-Jn\x8e\x01\x98\x01\x9f\x01\x00" +
	"\x00\x06\x19#(+?J\x00\x00\x05\x1c-Js\x98\x01\x00\x00\x09\x19!5Js\x8e\x01\x91\x01\x98\x01\x9f\x01\x00" +
	"\x00\x0b\x05\x1c!+-5Js\x8e\x01\x91\x01\x98\x01\x00\x00\x02J\x98\x01\x00\x00\x03!J\x8e\x01\x00\x00" +
	"\x04\x17\x1cJn\x00\x00\x03\x17J\x91\x01\x00\x00\x02J\x8c\x01\x00\x00\x02%J\x01\x00\x02J\x8c\x01\x00" +
	"\x00\x03\x1cJ\x9f\x01\x01\x00\x04-Js\x9f\x01\x0f\x00\x06\x17!?J\x8e\x01\x98\x01\x00\x00\x04\x17!J" +
	"\x8e\x01\x00\x00\x02J\x8e\x01\x07\x00\x03J\x8c\x01\x8e\x01\x00\x00\x02J\x8e\x01\x01\x00\x03\x17J\x8e" +
	"\x01\x00\x00\x07\x01\x17+J\x8c\x01\x8e\x01\x9b\x01\x10\x00\x01-\x02\x00\x01-\x12\x00\x02Jn\x05\x00" +
	"\x03\x01J\x9f\x01\x04\x0c\x01J\x04\x00\x02\x19-\x00\x00\x02\x19-\x8d\x02\x00\x02\x1cs\x00\x00\x02" +
	"\x1c(\x00\x01\x02\x1cJ\x00\x00\x02\x1c(\x81\x02\x00\x03\x05'(\x82\x01\x00\x07\x03&g{\x8e\x01\x9a\x01" +
	"\xaa\x01\x0e\x00\x07\x03&g{\x8e\x01\x9a\x01\xaa\x01\x00\x00\x03\x03\x8e\x01\x9a\x01\x02\x00\x08\x00" +
	"\x03&g{\x8e\x01\x9a\x01\xaa\x01 \x00\x09\x00\x03TUpv{\x87\x01\x8e\x01\x0a\x0a\x02\x03\x8e\x01\x0a" +
	"\x09\x03\x03\x9a\x01\xaa\x01\x06\x00\x02\x03\x8e\x01c\x00\x02\x03{\xfc\x04\x00\x0f\x0b\x1d,.0EJ[cfm" +
	"\x82\x01\x93\x01\x97\x01\x9d\x01\x00\x00\x0d\x0b\x1d,.0EJ[fm\x93\x01\x97\x01\x9d\x01\x11\x00\x15\x0b" +
	"\x1d\x1f)*,.0ER[ckm\x85\x01\x86\x01\x8d\x01\x90\x01\x93\x01\x97\x01\x9d\x01\x00\x00\x17\x0b\x1d\x1f)" +
	"*,./0ELR[ckm\x85\x01\x86\x01\x8d\x01\x90\x01\x93\x01\x97\x01\x9d\x01\x00\x09\x04\x1d\x1fGRv\x09\x03" +
	"\x0b\x13\x8d\x01v\x09\x020`v\x09\x02.C\xf6\x01\x09\x02,\x93\x01\x00\x02\x02,\x93\x01\x00\x00\x02," +
	"\x93\x01\xf2\x01\x09\x03Ec\xa2\x01\xd0\x06\x09\x03\x13a\x91\x01\xb1\x01\x00\x03'(J\xef\x0b\x02\x01|G" +
	"\x01\x04\x123\x8f\x01\x99\x01\xcb\x01\x01\x02]t\x01\x00\x02]t\xca\x09\x00\x04\x0b\x1d,E\x00\x00\x01" +
	"\x1d\x00\x00\x04\x0b\x1d,E\x00\x00\x03\x1d,E\x00\x00\x01\x1d\x00\x00\x05\x0b\x1df\x97\x01\x9d\x01" +
	"\x00\x00\x03\x0b\x1d\x97\x01\x00\x00\x03\x1df\x82\x01\x00\x00\x04\x0b\x1df\x97\x01\x00\x00\x02\x1d" +
	"\x82\x01\x00\x00\x06\x1dE[m\x93\x01\x97\x01\x00\x00\x01\x1d\x00\x01\x02\x1d\x82\x01\x00\x01\x01\x1d" +
	"\x00\x00\x02\x1d\x82\x01\x00\x00\x02\x0b\x1d\x00\x00\x03\x1df\x9d\x01\x00\x05\x01\x1d\x00\x00\x03" +
	"\x1dcf\x00\x00\x03\x0b\x1d\x82\x01\x00\x00\x02\x1df\x00\x00\x01\x1d\x00\x00\x04\x0b\x1df\x82\x01\x00" +
	"\x03\x01\x1d\x00\x00\x0b\x0b\x1d,E[cm\x86\x01\x97\x01\x9d\x01\xa2\x01\x00\x00\x02\x1d,\x00\x00\x04" +
	"\x1d,E\xa2\x01\x00\x01\x02\x0b\x1d\x00\x00\x01\x0b\x00\x01\x02\x1d,\x00\x00\x01c\xc5\x01\x01\x01-6" +
	"\x00\x03\x1cJ\x8e\x01\x01\x00\x01\x8e\x01\xb4\x04\x00\x03J]t\x1f\x00\x02\x00\x03\x0a\x00\x06\x15'(;P" +
	"l\x02\x00\x04\x15-;Z\x92\x01\x00\x03\x1d,J\xa6\x1a\x00\x02\x19J\x18\x00\x02\x06l\x00\x00\x07\x06\x15" +
	"';GQ}\x0a\x00\x01!\x04\x00\x03\x00\x03;\x01\x00\x02\x1c(\xac\x03\x0f\x022\x94\x01\x01\x00\x07\x0e126" +
	"?]\xab\x01\x00\x00\x08\x0e126?]t\xab\x01\x00\x00\x05\x0e126?\x02\x00\x012\x01\x00\x08\x0e126?]\x9c" +
	"\x01\xab\x01\x00\x00\x08\x0e126?]\x9c\x01\xab\x01\x00\x00\x09\x0e126?O]\x9c\x01\xab\x01\x00\x00\x09" +
	"\x0e126?O]\x9c\x01\xab\x01\x00\x00\x06\x0e126?\xab\x01\x00\x00\x06\x0e126?\xab\x01\x00\x00\x06\x0e12" +
	"6?\xab\x01\x00\x00\x06\x0e126?\xab\x01\x00\x00\x06\x0e126?\xab\x01\x00\x00\x06\x0e126?\xab\x01\x01" +
	"\x00\x05\x0e126?\x00\x00\x06\x0e126?\xab\x01\x00\x00\x06\x0e126?\xab\x01\x00\x00\x06\x0e126?\xab\x01" +
	"\x00\x00\x06\x0e126?\xab\x01\x00\x00\x06\x0e126?\xab\x01\x00\x00\x06\x0e126?\xab\x01\x00\x00\x06\x0e" +
	"126?\xab\x01\x00\x00\x06\x0e126?\xab\x01\x00\x00\x05\x0e126?\x00\x00\x05\x0e126?\x00\x01\x05\x0e126?" +
	"\x0a\x03\x02\x0e2\x02\x00\x05\x0e126?\x00\x04\x026?\x01\x00\x05\x0e126?\x04\x00\x0326?\x00\x00\x0326" +
	"?\x00\x01\x012Y\x01\x026?\x00\x01\x026?\x03\x00\x026?Z\x00\x06\x0e126?\xab\x01\x00\x00\x026?\x93\x01" +
	"\x01\x012\x00\x03\x012\x00\x09\x012 %\x012\x09\x00\x022\x94\x010\x09\x012\x00\x1d\x0128\x09\x012\x00" +
	"&\x012\x0f\x0b\x0123\x00\x012X\x18\x012\x0a\x04\x012`\x1e\x012\xf0\xe4\x01\x00\x02\x1c(\x90\x01\x07" +
	"\x022J\xa8\x02\x02\x10\x1d\x1f.0CEGR[\\c\x82\x01\x85\x01\x90\x01\x9d\x01\xa2\x01\x00\x02\x0f\x1d\x1f" +
	".0CEGR\\c\x82\x01\x85\x01\x90\x01\x9d\x01\xa2\x01\x00\x01\x0b\x1d\x1f.0CGR\\\x85\x01\x90\x01\x9d\x01" +
	"\x00\x00\x0c\x1d\x1f.0CGR\\\x82\x01\x85\x01\x90\x01\x9d\x01\x00\x00\x0b\x1d\x1f.0CGR\\\x85\x01\x90" +
	"\x01\x9d\x01\xb7\x01\x00\x03\x0b\x1d\xa2\x01\x01\x00\x02\x1d\x93\x01:\x00\x03>Ja\xa0\x01\x00\x02\x11" +
	"=\xee\xa6\x01\x00\x02\x03g\x00\x00\x02\x03g\xb2\x01\x00\x02\x03\x9a\x01\x0a\x00\x02\x03\x9a\x01G\x01" +
	"\x05\x0e126?\x9a\x02\x00\x06\x0e126?\xab\x01\x00\x00\x06\x0e126?\xab\x01\x00\x00\x06\x0e126?\xab\x01" +
	"\x00\x01\x06\x0e126?\xab\x01\x0a\x00\x026?-\x01\x026?\xe0\x02\x01\x03\x1a\x1bN\x00\x00\x02\x1bN\x04," +
	"\x03\x1bMN\x03\x08\x02\x1bN\xa0\x03\x00\x02\x03\x19\x00\x1a\x02\x03\x19\xf6\x0f\x00\x02Up\x8e\x10" +
	"\x00\x02,\x93\x01\x01\x00\x02,\x93\x017\x01\x02,\x93\x01\x93\x19\x01\x02,\x93\x01\x01\x00\x02,\x93" +
	"\x01\xcc\xb9\x02\x03\x01!\xbc-\x11\x012\xde=\x01\x012"

// ucdBinaryProperties holds the binary properties of ECMA-262 table 67
// by canonical name, except the derived Any, ASCII and Assigned.
var ucdBinaryProperties = [...]ucdTable{
	{"ASCII_Hex_Digit", "0\x09\x07\x05\x1a\x05"},
	{"Alphabetic", "A\x19\x06\x19/\x00\x0a\x00\x04\x00\x05\x16\x01\x1e\x01\xc9\x03\x04\x0b\x0e\x04\x07\x00\x01\x00V\x00" +
		"\x1d\x11\x01\x01\x02\x03\x01\x00\x06\x00\x01\x02\x01\x00\x01\x13\x01R\x01\x8a\x01\x08\xa5\x01\x01%" +
		"\x02\x00\x06('\x0d\x01\x00\x01\x01\x01\x01\x01\x00\x08\x1a\x04\x03\x1d\x0a\x057\x01\x06\x0ee\x01\x07" +
		"\x04\x07\x04\x02\x0a\x02\x02\x00\x10/\x0dd\x18 \x09\x01\x04\x00\x05\x17\x02\x12\x13\x18\x07\x0a\x05" +
		"\x17\x01\x06\x07\x00\x08)\x0a\x0b\x03\x06\x06K\x01\x0f\x01\x02\x04\x0e\x0d\x12\x01\x07\x02\x01\x02" +
		"\x15\x01\x06\x01\x00\x03\x03\x03\x07\x02\x01\x02\x01\x01\x00\x08\x00\x04\x01\x01\x04\x0c\x01\x0a\x00" +
		"\x04\x02\x01\x05\x04\x01\x02\x15\x01\x06\x01\x01\x01\x01\x01\x01\x04\x04\x04\x01\x02\x01\x04\x00\x07" +
		"\x03\x01\x00\x11\x05\x0b\x02\x01\x08\x01\x02\x01\x15\x01\x06\x01\x01\x01\x04\x03\x08\x01\x02\x01\x01" +
		"\x03\x00\x0f\x03\x15\x03\x04\x02\x01\x07\x02\x01\x02\x15\x01\x06\x01\x01\x01\x04\x03\x07\x02\x01\x02" +
		"\x01\x09\x01\x04\x01\x01\x04\x0d\x00\x10\x01\x01\x05\x03\x02\x01\x03\x03\x01\x01\x00\x01\x01\x03\x01" +
		"\x03\x02\x03\x0b\x04\x04\x03\x02\x01\x02\x03\x00\x06\x00(\x0c\x01\x02\x01\x16\x01\x0f\x03\x07\x01" +
		"\x02\x01\x02\x08\x01\x01\x02\x01\x01\x02\x03\x1c\x03\x01\x07\x01\x02\x01\x16\x01\x09\x01\x04\x03\x07" +
		"\x01\x02\x01\x02\x08\x01\x05\x02\x01\x03\x0d\x02\x0c\x0c\x01\x02\x01(\x02\x07\x01\x02\x01\x02\x01" +
		"\x00\x05\x03\x07\x04\x16\x05\x01\x02\x01\x11\x03\x17\x01\x08\x01\x00\x02\x06\x08\x05\x01\x00\x01\x07" +
		"\x12\x01\x0d9\x05\x06\x06\x003\x01\x01\x00\x01\x04\x01\x17\x01\x00\x01\x12\x01\x02\x02\x04\x01\x00" +
		"\x06\x00\x0e\x03 \x00?\x07\x01#\x04\x12\x04\x0f\x01#C6\x01\x00\x02\x04\x10?\x0a\x03\x02%\x01\x00\x05" +
		"\x00\x02*\x01\xcc\x02\x01\x03\x02\x06\x01\x00\x01\x03\x02(\x01\x03\x02 \x01\x03\x02\x06\x01\x00\x01" +
		"\x03\x02\x0e\x018\x01\x03\x02B%\x0f\x10U\x02\x05\x03\xeb\x04\x02\x10\x01\x19\x05J\x03\x0a\x07\x13" +
		"\x0b\x14\x0c\x13\x0c\x0c\x01\x02\x01\x01\x0c3\x02\x12\x0e\x00\x04\x00CX\x07*\x05E\x0a\x1e\x01\x0b" +
		"\x04\x08\x17\x1d\x02\x04\x0b+\x04\x196\x1b\x04>\x02\x132\x00\x17\x01\x0b\x0213\x01\x0e\x01\x073)\x02" +
		"\x03\x0a+\x01\x0a\x0e6\x16\x02\x0a#\x02\x0a\x05*\x02\x02)\x03\x01\x05\x01\x01\x03\x00\x05\xbf\x01" +
		"\x13!\x0b\x95\x02\x02\x05\x02%\x02\x05\x02\x07\x01\x00\x01\x00\x01\x00\x01\x1e\x024\x01\x06\x01\x00" +
		"\x03\x02\x01\x06\x03\x03\x02\x05\x04\x0c\x05\x02\x01\x06t\x00\x0d\x00\x10\x0ce\x00\x04\x00\x02\x09" +
		"\x01\x00\x03\x04\x06\x00\x01\x00\x01\x00\x01\x03\x01\x0a\x02\x03\x05\x04\x04\x00\x11(\xad\x063\x96" +
		"\x0e\xe4\x01\x06\x03\x03\x01\x0c%\x01\x00\x05\x00\x027\x07\x00\x10\x16\x09\x06\x01\x06\x01\x06\x01" +
		"\x06\x01\x06\x01\x06\x01\x06\x01\x06\x01\x1f/\x00\xd5\x03\x02\x19\x08\x07\x04\x02\x04\x04U\x06\x02" +
		"\x01Y\x01\x03\x05*\x01]\x11\x1f0\x0f\x80\x04\xbf3@\x8c\xad\x01C-\x02\x8c\x02\x03\x0f\x0a\x01\x14." +
		"\x05\x07\x03p'\x08\x02f\x02Q\x14\x14\x01 \x183\x0cC\x01\x00,\x05\x03\x00\x01\x02\x0a \x05\"\x0d\x1c" +
		"\x032\x01\x0b\x0f\x00\x10\x0f\x0a\x04\x016\x09\x0d\x12\x16\x03D\x01\x00\x01\x00\x18\x02\x02\x0f\x02" +
		"\x03\x0b\x05\x02\x05\x02\x05\x09\x06\x01\x06\x01*\x01\x0d\x06z\x15\xa3W\x0c\x16\x040\x84B\xed\x02" +
		"\x02i&\x06\x0c\x04\x05\x0b\x01\x0c\x01\x04\x01\x00\x01\x01\x01\x01\x01k!\xea\x02\x12?\x025(\x0bt\x04" +
		"\x01\x86\x01$\x19\x06\x19\x0bX\x03\x05\x02\x05\x02\x05\x02\x02#\x0b\x01\x19\x01\x12\x01\x01\x01\x0e" +
		"\x02\x0d\"zE4\x8b\x02\x1c\x030/\x1f\x0d\x1d\x05*\x05\x1d\x02#\x04\x07\x01\x04*\x9d\x01\x12#\x04#\x04" +
		"'\x083\x0c\x0a\x01\x0e\x01\x06\x01\x01\x01\x0a\x01\x0e\x01\x06\x01\x01\x033\x0c\xb6\x02\x09\x15\x0a" +
		"\x07\x18\x05\x01)\x01\x08E\x05\x02\x00\x01+\x01\x01\x03\x00\x02\x16\x0a\x16\x09\x1eA\x12\x01\x01\x0a" +
		"\x15\x0a\x19\x06\x19&7\x06\x01@\x03\x01\x01\x05\x07\x01\x02\x01\x1c*\x1c\x03\x1c#\x07\x01\x1b\x1b5" +
		"\x0a\x15\x0a\x12\x0d\x11nH72\x0d2\x0d'\"\x1b\x03\x00\x05\x16\xfa\x01)\x01\x01\x03\x01\x10\x052\x02" +
		"\x03\x1c\x0a\x00\x08\x15*\x11.\x14\x1b\x16\x09E+\x04\x0a8\x09\x00\x0d\x18\x172\x11\x03\x08\"\x03\x00" +
		"\x09?\x01\x03\x09\x01\x0a\x00\x01\x00#\x11\x01!\x02\x00\x06\x03>\x06\x01\x00\x01\x03\x01\x0e\x01\x09" +
		"\x078\x17\x03\x01\x07\x02\x01\x02\x15\x01\x06\x01\x01\x01\x04\x03\x07\x02\x01\x02\x01\x03\x00\x06" +
		"\x00\x05\x06\x1c\x09\x01\x00\x02\x00\x01%\x01\x09\x01\x00\x02\x00\x01\x03\x01\x01\x03\x00\x01\x00,A" +
		"\x01\x02\x01\x03\x14\x02\x1eA\x02\x01\x01\x00\xb8\x015\x02\x06\x19\x05\">\x01\x00\x03\x00;5\x02\x00G" +
		"\x1a\x02\x0d\x15\x06\xb9\x018g?\x1f\x07\x02\x00\x02\x07\x01\x01\x01\x1d\x01\x01\x02\x01\x02\x03]\x07" +
		"\x02-\x02\x05\x01\x00\x01\x01\x1b2\x02\x09\x11G\x05\x00\x12Hg\x07X \x1f\x08\x01,\x01\x06\x01\x001" +
		"\x1d\x02\x15\x01\x0dI\x06\x01\x01\x01+\x03\x00\x01\x01\x01\x02\x01\x00\x02\x01\x18\x05\x01\x01\x01$" +
		"\x01\x01\x01\x03\x01\x00\x17+\x84\x02\x16\x09\x10\x01(\x03\x02o\x00O\x99\x07fn\x11\xc3\x01\xcc\x14`" +
		"\x0f\xaf\x08\x11\x05\x19\x9a\x1f\x05\xc6\x04\xb95.\xd1\x0d\xb8\x04\x07\x1e\x11N\x11\x1d\x12/\x10\x03" +
		"\x1f\x14\x05\x12\xb0\x03,\xd3\x01? \x18\x02\x18,J\x048\x07\x10@\x01\x01\x00\x0c\x06\x09\xd59)\x1far" +
		"\xfdC\x03\x01\x06\x01\x01\x01\xa2\x02\x0f\x00\x1d\x02\x02\x00\x0e\x03\x08\x8b\x03\x84\x12j\x05\x0c" +
		"\x03\x08\x07\x09\x04\x00\xe1.T\x01F\x01\x01\x02\x00\x02\x01\x02\x03\x01\x0b\x01\x00\x01\x06\x01@\x01" +
		"\x03\x02\x07\x01\x06\x01\x1b\x01\x03\x01\x04\x01\x00\x03\x06\x01\xd3\x02\x02\x18\x01\x18\x01\x1e\x01" +
		"\x18\x01\x1e\x01\x18\x01\x1e\x01\x18\x01\x1e\x01\x18\x01\x07\xb4\x0e\x1e\x06\x05\xd5\x01\x06\x01\x10" +
		"\x02\x06\x01\x01\x01\x04\x05=!\x00p,\x0a\x06\x10\x00\xc1\x02\x1d\x12+\xe4\x03\x1b\xe4\x01\x1d\x02" +
		"\x00\xcf\x01\x1e\x01\x15\x08\x01\xe0\x01\x06\x01\x03\x01\x01\x01\x0e\x01\xc4\x01;C\x03\x00\x03\x00" +
		"\xb4\x09\x03\x01\x1a\x01\x01\x01\x00\x02\x00\x01\x09\x01\x03\x01\x00\x01\x00\x06\x00\x04\x00\x01\x00" +
		"\x01\x00\x01\x02\x01\x01\x01\x00\x02\x00\x01\x00\x01\x00\x01\x00\x01\x00\x01\x01\x01\x00\x02\x03\x01" +
		"\x06\x01\x03\x01\x03\x01\x00\x01\x09\x01\x10\x05\x02\x01\x04\x01\x10\xf4\x04\x19\x06\x19\x06\x19\xf6" +
		"\x1c\xdf\xcd\x02 \x9d\"\x02\x8d-\x02\xb0:\x0f\xed\x04\xa2\x13\x9d\x04\xe2\x0b\xca&\x05\xa9B"},
	{"Bidi_Control", "\x9c\x0c\x00\xf13\x01\x1a\x047\x03"},
	{"Bidi_Mirrored", "(\x01\x12\x00\x01\x00\x1c\x00\x01\x00\x1d\x00\x01\x00-\x00\x0f\x00\xfe\x1c\x03\xdd\x0e\x01\x9c\x13" +
		"\x01\x0a\x016\x01\x0e\x01\xb1\x01\x00\xc0\x01\x03\x03\x05\x03\x00\x03\x01\x03\x03\x01\x03\x01\x00" +
		"\x01\x00\x04\x08\x05\x00\x01\x11\x05\x03\x09\x01\x01\x00\x01\x07\x01\x1f\x02\x03\x05\x00\x09\x01\x02" +
		"\x12\x05\x01\x09\x04\x02\x01\x04\x17\x02\x0f\x08\x03\x14\x01\x07\x01\xbd\x08\x0dJ\x00\x02\x03\x01" +
		"\x01\x01\x02\x05\x03\x05\x02\x03\x0d\x93\x03\x15\x02\x05\x01\x0d\x08\x00\x07\x05\x03\x00\x04\x04\x01" +
		"\x01\x02\x04\x04\x00\x01\x02\x02\x01\x0a\x05\x02\x01\x0c\x12\x01\x03\x02\x00\x01\x00\x02\x00\x01\x03" +
		"\x05\x01\x06\x02\x18\x01\x0b\x01\x04\x03\x01\x01\x02\x01\x04*\x02\x07\x01'\x05\x00\x01\x00\x03\x04" +
		"\x05\x02\x04\x00\x03\x04\x01\x00\x80\x02\x00\x83\x04\x03\x03\x01\x01\x01\x0e\x01\x02\x09+\x07\xab" +
		"\x03\x09\x02\x07\xbd\x9c\x03\x05\x05\x01\xa2\x01\x01\x12\x00\x01\x00\x1c\x00\x01\x00\x1d\x00\x01\x00" +
		"\x01\x01\x01\x01\xf7\xae\x03\x009\x009\x009\x009\x00"},
	{"Case_Ignorable", "'\x00\x06\x00\x0b\x00#\x00\x01\x00G\x00\x04\x00\x01\x00\x04\x00\x02\x01\xf7\x03\xbf\x01\x04\x01\x04" +
		"\x00\x09\x01\x01\x00\xfb\x01\x06\xcf\x01\x00\x05\x001,\x01\x00\x01\x01\x01\x01\x01\x00,\x00\x0b\x05" +
		"\x0a\x0a\x01\x00#\x00\x0a\x14\x10\x00e\x07\x01\x09\x01\x03!\x00\x01\x00\x1e\x1a[\x0a:\x0a\x04\x00" +
		"\x02\x00\x18\x17+\x02,\x00\x07\x01\x05\x08)97\x00\x01\x00\x04\x07\x04\x00\x03\x06\x0a\x01\x0d\x00" +
		"\x0f\x00:\x00\x04\x03\x08\x00\x14\x01\x1a\x00\x02\x019\x00\x04\x01\x04\x01\x02\x02\x03\x00\x1e\x01" +
		"\x03\x00\x0b\x019\x00\x04\x04\x01\x01\x04\x00\x14\x01\x16\x05\x01\x00:\x00\x02\x00\x01\x03\x08\x00" +
		"\x07\x01\x0b\x01\x1e\x00=\x00\x0c\x002\x00\x03\x007\x00\x01\x02\x05\x02\x01\x03\x07\x01\x0b\x01\x1d" +
		"\x00:\x00\x02\x00\x06\x00\x05\x01\x14\x01\x1c\x019\x01\x04\x03\x08\x00\x14\x01\x1d\x00H\x00\x07\x02" +
		"\x01\x00Z\x00\x02\x06\x0b\x08b\x00\x02\x08\x09\x00\x01\x06I\x01\x1b\x00\x01\x00\x01\x007\x0d\x01\x04" +
		"\x01\x01\x05\x0a\x01#\x09\x00f\x03\x01\x05\x01\x01\x02\x01\x19\x01\x04\x02\x10\x03\x0d\x00\x02\x01" +
		"\x06\x00\x0f\x00^\x00\xe0\x04\x02\xb2\x07\x02\x1d\x01\x1e\x01\x1e\x01@\x01\x01\x06\x08\x00\x02\x0a" +
		"\x03\x00\x05\x00-\x043\x00A\x01\"\x00v\x02\x04\x01\x09\x00\x06\x02\xdb\x01\x01\x02\x00:\x00\x01\x06" +
		"\x01\x00\x01\x00\x02\x07\x06\x09\x02\x00'\x00\x08-\x02\x0b\x14\x030\x00\x01\x04\x01\x00\x05\x00(\x08" +
		"\x0c\x01 \x03\x02\x01\x01\x028\x00\x01\x01\x03\x00\x01\x02:\x07\x02\x01@\x05R\x02\x01\x0c\x01\x06" +
		"\x04\x00\x06\x00\x03\x012>\x0d\x00\"d\xbd\x03\x00\x01\x02\x0b\x02\x0d\x02\x0d\x02\x0d\x01\x0c\x04" +
		"\x08\x01\x0a\x00\x02\x00\x02\x041\x04\x01\x09\x01\x00\x0d\x00\x10\x0c3 \x8b\x17\x01q\x02}\x00\x0f" +
		"\x00`\x1f/\x00\xd5\x03\x00$\x03\x03\x04\x05\x00]\x05]\x02\x96\xde\x01\x00\xe2\x09\x05\x8e\x02\x00b" +
		"\x03\x01\x09\x01\x00\x1c\x03P\x01\x0e!N\x00\x17\x02f\x03\x03\x01\x08\x00\x03\x00\x04\x00\x19\x01\x05" +
		"\x00\x97\x01\x01\x1a\x11\x0d\x00&\x07\x19\x0a.\x020\x00\x02\x03\x02\x01\x11\x00\x15\x01B\x05\x02\x01" +
		"\x02\x01\x0c\x00\x08\x00#\x00\x0b\x003\x00\x01\x02\x02\x01\x05\x01\x01\x00\x1b\x00\x0e\x01\x05\x01" +
		"\x01\x00d\x04\x09\x02y\x00\x02\x00\x04\x00\xb0\x9e\x01\x00\x93\x01\x10\xbd\x04\x0f\x03\x00\x0c\x0f\"" +
		"\x00\x02\x00\xa9\x01\x00\x07\x00\x06\x00\x0b\x00#\x00\x01\x00/\x00-\x01C\x00\x15\x02\x81\x04\x00\xe2" +
		"\x01\x00\x95\x01\x04\x85\x08\x05\x01)\x01\x08\xc6\x04\x02\x01\x01\x05\x03(\x02\x04\x00\xa5\x01\x01" +
		"\xbd\x04\x03&\x00\x1a\x04\x01\x00\xbb\x02\x01\x18\x004\x05F\x0a1\x03{\x006\x0e)\x00\x02\x01\x0a\x021" +
		"\x03\x02\x01\x02\x00\x04\x00\x0a\x002\x02$\x04\x01\x07>\x00\x0c\x014\x08\x0a\x03\x02\x00_\x02\x02" +
		"\x00\x01\x01\x06\x00\x02\x00\x9d\x01\x00\x03\x07\x15\x019\x01\x03\x00%\x06\x03\x04F\x05\x0d\x00\x01" +
		"\x00\x01\x00\x0e\x01U\x07\x02\x02\x01\x00\x17\x00T\x05\x01\x00\x04\x01\x01\x01\xee\x01\x03\x06\x01" +
		"\x01\x01\x1b\x01U\x07\x02\x00\x01\x01j\x00\x01\x00\x02\x05\x01\x00e\x00\x01\x00\x02\x03\x01\x04\x83" +
		"\x02\x08\x01\x01\x80\x02\x01\x01\x00\x04\x00\x90\x01\x03\x02\x01\x04\x00 \x09(\x05\x02\x03\x08\x00" +
		"\x09\x05\x02\x02.\x0c\x01\x01\xc6\x01\x00\x01\x02\x01\x00\xc9\x01\x06\x01\x05\x01\x00R\x15\x02\x06" +
		"\x01\x01\x01\x01z\x05\x03\x00\x01\x01\x01\x06\x01\x00H\x01\x03\x00\x01\x00A\x00\x99\x02\x01\x0b\x014" +
		"\x04\x05\x00\x01\x00\x17\x00\xd5)\x10\x06\x0e\xc8Y\x0b\x03\x02\xc0\x13\x04;\x06\x09\x03\xfc\x03\x02(" +
		"\x01\xe2\x03\x00?\x10@\x01\x01\x01\x0d\x01\xfc\x7f\x03\x01\x06\x01\x01\x9e\x19\x01\x01\x03\xdc$-\x02" +
		"\x16\xa0\x04\x02\x09\x0f\x02\x06\x1e\x03\x94\x01\x02\xbb\x0f6\x041\x08\x00\x0e\x00\x16\x04\x01\x0e" +
		"\xd0\x0a\x06\x01\x10\x02\x06\x01\x01\x01\x04\x05=!\x00\xa0\x01\x0d\xf0\x02\x00=\x03\xfb\x03\x04\xfe" +
		"\x01\x01\xf3\x01\x00\x02\x00\x07\x01\x05\x00\x09\x00\xd0\x03\x06m\x07\xaf\x15\x04\x81\x980\x00\x1e_" +
		"\x80\x01\xef\x01"},
	{"Cased", "A\x19\x06\x19/\x00\x0a\x00\x04\x00\x05\x16\x01\x1e\x01\xc2\x01\x01\x03\x04\xcf\x01\x02\"\x07\x01\x1e" +
		"\x04`\x00*\x03\x02\x01\x02\x03\x01\x00\x06\x00\x01\x02\x01\x00\x01\x13\x01R\x01\x8a\x01\x08\xa5\x01" +
		"\x01%\x09(\x97\x16%\x01\x00\x05\x00\x02*\x01\x03\xa0\x05U\x02\x05\x82\x11\x0a\x05*\x02\x02@\xbf\x01@" +
		"\x95\x02\x02\x05\x02%\x02\x05\x02\x07\x01\x00\x01\x00\x01\x00\x01\x1e\x024\x01\x06\x01\x00\x03\x02" +
		"\x01\x06\x03\x03\x02\x05\x04\x0c\x05\x02\x01\x06t\x00\x0d\x00\x10\x0ce\x00\x04\x00\x02\x09\x01\x00" +
		"\x03\x04\x06\x00\x01\x00\x01\x00\x01\x03\x01\x05\x04\x00\x02\x03\x05\x04\x04\x00\x11\x1f\x03\x01\xb1" +
		"\x063\x96\x0e\xe4\x01\x06\x03\x03\x01\x0c%\x01\x00\x05\x00\x92\xf2\x01-\x12\x1d\x84\x01e\x03\x03\x01" +
		"L\x14\x05\x01\x02\xb5\x06*\x01\x0d\x06O\xc0\x9e\x01\x06\x0c\x04\x89\x08\x19\x06\x19\xa5\x09O`#\x04#t" +
		"\x0a\x01\x0e\x01\x06\x01\x01\x01\x0a\x01\x0e\x01\x06\x01\x01\xc3\x03\x00\x02\x02\x01)\x01\x08\xc5" +
		"\x092\x0d2]\x15\x0a\x15\x9a\x16?\xe0\xaa\x01? \x18\x02\x18\xac\xca\x01T\x01F\x01\x01\x02\x00\x02\x01" +
		"\x02\x03\x01\x0b\x01\x00\x01\x06\x01@\x01\x03\x02\x07\x01\x06\x01\x1b\x01\x03\x01\x04\x01\x00\x03" +
		"\x06\x01\xd3\x02\x02\x18\x01\x18\x01\x1e\x01\x18\x01\x1e\x01\x18\x01\x1e\x01\x18\x01\x1e\x01\x18\x01" +
		"\x07\xb4\x0e\x09\x01\x13\x06\x05\x85\x02=\x92\x11C\xec\x0f\x19\x06\x19\x06\x19"},
	{"Changes_When_Casefolded", "A\x19Z\x00\x0a\x16\x01\x07 \x00\x01\x00\x01\x00\x01\x00\x01\x00\x01\x00\x01\x00\x01\x00\x01\x00\x01" +
		"\x00\x01\x00\x01\x00\x01\x00\x01\x00\x01\x00\x01\x00\x01\x00\x01\x00\x01\x00\x01\x00\x01\x00\x01\x00" +
		"\x01\x00\x01\x00\x01\x00\x01\x00\x01\x00\x01\x00\x02\x00\x01\x00\x01\x00\x01\x00\x01\x00\x01\x00\x01" +
		"\x00\x01\x00\x01\x01\x01\x00\x01\x00\x01\x00\x01\x00\x01\x00\x01\x00\x01\x00\x01\x00\x01\x00\x01\x00" +
		"\x01\x00\x01\x00\x01\x00\x01\x00\x01\x00\x01\x00\x01\x00\x01\x00\x01\x00\x01\x00\x01\x00\x01\x00\x01" +
		"\x01\x01\x00\x01\x00\x01\x00\x01\x01\x01\x00\x01\x01\x01\x02\x02\x03\x01\x01\x01\x02\x03\x01\x01\x01" +
		"\x01\x00\x01\x00\x01\x01\x01\x00\x02\x00\x01\x01\x01\x02\x01\x00\x01\x01\x03\x00\x07\x01\x01\x01\x01" +
		"\x01\x01\x00\x01\x00\x01\x00\x01\x00\x01\x00\x01\x00\x01\x00\x01\x00\x02\x00\x01\x00\x01\x00\x01\x00" +
		"\x01\x00\x01\x00\x01\x00\x01\x00\x01\x00\x02\x01\x01\x00\x01\x02\x01\x00\x01\x00\x01\x00\x01\x00\x01" +
		"\x00\x01\x00\x01\x00\x01\x00\x01\x00\x01\x00\x01\x00\x01\x00\x01\x00\x01\x00\x01\x00\x01\x00\x01\x00" +
		"\x01\x00\x01\x00\x01\x00\x01\x00\x01\x00\x01\x00\x01\x00\x01\x00\x01\x00\x01\x00\x01\x00\x01\x00\x07" +
		"\x01\x01\x01\x02\x00\x01\x03\x01\x00\x01\x00\x01\x00\x01\x00\xf6\x01\x00*\x00\x01\x00\x03\x00\x08" +
		"\x00\x06\x00\x01\x02\x01\x00\x01\x01\x01\x10\x01\x08\x16\x00\x0c\x02\x03\x01\x01\x00\x01\x00\x01\x00" +
		"\x01\x00\x01\x00\x01\x00\x01\x00\x01\x00\x01\x00\x01\x00\x01\x00\x01\x00\x01\x01\x02\x01\x01\x00\x01" +
		"\x01\x0220\x00\x01\x00\x01\x00\x01\x00\x01\x00\x01\x00\x01\x00\x01\x00\x01\x00\x01\x00\x01\x00\x01" +
		"\x00\x01\x00\x01\x00\x01\x00\x01\x00\x01\x00\x09\x00\x01\x00\x01\x00\x01\x00\x01\x00\x01\x00\x01\x00" +
		"\x01\x00\x01\x00\x01\x00\x01\x00\x01\x00\x01\x00\x01\x00\x01\x00\x01\x00\x01\x00\x01\x00\x01\x00\x01" +
		"\x00\x01\x00\x01\x00\x01\x00\x01\x00\x01\x00\x01\x00\x01\x00\x01\x01\x01\x00\x01\x00\x01\x00\x01\x00" +
		"\x01\x00\x01\x00\x02\x00\x01\x00\x01\x00\x01\x00\x01\x00\x01\x00\x01\x00\x01\x00\x01\x00\x01\x00\x01" +
		"\x00\x01\x00\x01\x00\x01\x00\x01\x00\x01\x00\x01\x00\x01\x00\x01\x00\x01\x00\x01\x00\x01\x00\x01\x00" +
		"\x01\x00\x01\x00\x01\x00\x01\x00\x01\x00\x01\x00\x01\x00\x01\x00\x01\x00\x01\x00\x01\x00\x01\x00\x01" +
		"\x00\x01\x00\x01\x00\x01\x00\x01\x00\x01\x00\x01\x00\x01\x00\x01\x00\x01\x00\x01\x00\x01\x00\x01\x00" +
		"\x02%0\x00\x98\x16%\x01\x00\x05\x00\xaa\x06\x05\x82\x11\x09\x06*\x02\x02\xc0\x02\x00\x01\x00\x01\x00" +
		"\x01\x00\x01\x00\x01\x00\x01\x00\x01\x00\x01\x00\x01\x00\x01\x00\x01\x00\x01\x00\x01\x00\x01\x00\x01" +
		"\x00\x01\x00\x01\x00\x01\x00\x01\x00\x01\x00\x01\x00\x01\x00\x01\x00\x01\x00\x01\x00\x01\x00\x01\x00" +
		"\x01\x00\x01\x00\x01\x00\x01\x00\x01\x00\x01\x00\x01\x00\x01\x00\x01\x00\x01\x00\x01\x00\x01\x00\x01" +
		"\x00\x01\x00\x01\x00\x01\x00\x01\x00\x01\x00\x01\x00\x01\x00\x01\x00\x01\x00\x01\x00\x01\x00\x01\x00" +
		"\x01\x00\x01\x00\x01\x00\x01\x00\x01\x00\x01\x00\x01\x00\x01\x00\x01\x00\x01\x00\x01\x00\x01\x00\x01" +
		"\x00\x01\x00\x01\x00\x01\x00\x01\x00\x01\x00\x01\x00\x01\x00\x01\x00\x01\x00\x05\x01\x02\x00\x01\x00" +
		"\x01\x00\x01\x00\x01\x00\x01\x00\x01\x00\x01\x00\x01\x00\x01\x00\x01\x00\x01\x00\x01\x00\x01\x00\x01" +
		"\x00\x01\x00\x01\x00\x01\x00\x01\x00\x01\x00\x01\x00\x01\x00\x01\x00\x01\x00\x01\x00\x01\x00\x01\x00" +
		"\x01\x00\x01\x00\x01\x00\x01\x00\x01\x00\x01\x00\x01\x00\x01\x00\x01\x00\x01\x00\x01\x00\x01\x00\x01" +
		"\x00\x01\x00\x01\x00\x01\x00\x01\x00\x01\x00\x01\x00\x01\x00\x01\x00\x01\x00\x09\x07\x08\x05\x0a\x07" +
		"\x08\x07\x08\x05\x0b\x00\x01\x00\x01\x00\x01\x00\x08\x07\x10/\x02\x02\x02\x05\x05\x02\x02\x05\x0b" +
		"\x03\x0c\x04\x05\x02\x02\x05\xa9\x02\x00\x03\x01\x06\x00-\x0f\x13\x00\xb2\x06\x19\xb0\x0e/0\x00\x01" +
		"\x02\x02\x00\x01\x00\x01\x00\x01\x03\x01\x00\x02\x00\x08\x02\x01\x00\x01\x00\x01\x00\x01\x00\x01\x00" +
		"\x01\x00\x01\x00\x01\x00\x01\x00\x01\x00\x01\x00\x01\x00\x01\x00\x01\x00\x01\x00\x01\x00\x01\x00\x01" +
		"\x00\x01\x00\x01\x00\x01\x00\x01\x00\x01\x00\x01\x00\x01\x00\x01\x00\x01\x00\x01\x00\x01\x00\x01\x00" +
		"\x01\x00\x01\x00\x01\x00\x01\x00\x01\x00\x01\x00\x01\x00\x01\x00\x01\x00\x01\x00\x01\x00\x01\x00\x01" +
		"\x00\x01\x00\x01\x00\x01\x00\x01\x00\x01\x00\x01\x00\x08\x00\x01\x00\x04\x00\xcd\xf2\x01\x00\x01\x00" +
		"\x01\x00\x01\x00\x01\x00\x01\x00\x01\x00\x01\x00\x01\x00\x01\x00\x01\x00\x01\x00\x01\x00\x01\x00\x01" +
		"\x00\x01\x00\x01\x00\x01\x00\x01\x00\x01\x00\x01\x00\x01\x00\x01\x00\x13\x00\x01\x00\x01\x00\x01\x00" +
		"\x01\x00\x01\x00\x01\x00\x01\x00\x01\x00\x01\x00\x01\x00\x01\x00\x01\x00\x01\x00\x87\x01\x00\x01\x00" +
		"\x01\x00\x01\x00\x01\x00\x01\x00\x01\x00\x03\x00\x01\x00\x01\x00\x01\x00\x01\x00\x01\x00\x01\x00\x01" +
		"\x00\x01\x00\x01\x00\x01\x00\x01\x00\x01\x00\x01\x00\x01\x00\x01\x00\x01\x00\x01\x00\x01\x00\x01\x00" +
		"\x01\x00\x01\x00\x01\x00\x01\x00\x01\x00\x01\x00\x01\x00\x01\x00\x01\x00\x01\x00\x01\x00\x0a\x00\x01" +
		"\x00\x01\x01\x01\x00\x01\x00\x01\x00\x01\x00\x04\x00\x01\x00\x02\x00\x01\x00\x03\x00\x01\x00\x01\x00" +
		"\x01\x00\x01\x00\x01\x00\x01\x00\x01\x00\x01\x00\x01\x00\x01\x04\x01\x04\x01\x00\x01\x00\x01\x00\x01" +
		"\x00\x01\x00\x01\x00\x01\x00\x01\x03\x01\x00\x01\x01\x01\x00\x01\x00\x01\x00\x01\x00\x01\x00\x01\x00" +
		"\x01\x00\x01\x00\x18\x00\xfa\x06O\xc0\x9e\x01\x06\x0c\x04\x89\x08\x19\xc5\x09'\x88\x01#\x9c\x01\x0a" +
		"\x01\x0e\x01\x06\x01\x01\xea\x0d2\x9d\x01\x15\xba\x16\x1f\x80\xab\x01\x1f@\x18\xc7\xf4\x01!"},
	{"Changes_When_Casemapped", "A\x19\x06\x19:\x00\x0a\x16\x01\x1e\x01?\x01S\x01\x1b\x02\x0d\x02\x01\x01\x00\x04\\\x01\x11\x06\x1a" +
		"\x01\x01\x01\x00\x01\x01\x03\x01\x01\x03\x01\x04\x02\x00\x01\x01\x02\x00\x07\x00\x02\x00\x01\x01\x03" +
		"\x05\x05\x00\x0a\x01\xa6\x01\x00*\x03\x02\x01\x03\x02\x01\x00\x06\x00\x01\x02\x01\x00\x01\x13\x01." +
		"\x03 \x01\x04\x01\x84\x01\x08\xa5\x01\x01%\x0a&\x98\x16%\x01\x00\x05\x00\x02*\x02\x02\xa0\x05U\x02" +
		"\x05\x82\x11\x0a\x05*\x02\x02\xb9\x01\x00\x03\x00\x10\x00q\x9b\x01\x02\x00\x01u\x02\x05\x02%\x02\x05" +
		"\x02\x07\x01\x00\x01\x00\x01\x00\x01\x1e\x024\x01\x06\x01\x00\x03\x02\x01\x06\x03\x03\x02\x05\x04" +
		"\x0c\x05\x02\x01\x06\xa9\x02\x00\x03\x01\x06\x00\x1b\x00\x11\x1f\x03\x01\xb1\x063\x96\x0ep\x01\x01" +
		"\x01\x01\x07e\x07\x03\x03\x01\x0c%\x01\x00\x05\x00\x92\xf2\x01-\x12\x1b\x86\x01\x0d\x02=\x09\x0e\x03" +
		"\x02\x02\x04\x01\x18\x01,\x18\x01\xdc\x06\x00\x1cO\xc0\x9e\x01\x06\x0c\x04\x89\x08\x19\x06\x19\xa5" +
		"\x09O`#\x04#t\x0a\x01\x0e\x01\x06\x01\x01\x01\x0a\x01\x0e\x01\x06\x01\x01\xc3\x0d2\x0d2]\x15\x0a\x15" +
		"\x9a\x16?\xe0\xaa\x01? \x18\x02\x18\xac\xf4\x01C"},
	{"Changes_When_Lowercased", "A\x19e\x16\x01\x06!\x00\x01\x00\x01\x00\x01\x00\x01\x00\x01\x00\x01\x00\x01\x00\x01\x00\x01\x00\x01" +
		"\x00\x01\x00\x01\x00\x01\x00\x01\x00\x01\x00\x01\x00\x01\x00\x01\x00\x01\x00\x01\x00\x01\x00\x01\x00" +
		"\x01\x00\x01\x00\x01\x00\x01\x00\x01\x00\x02\x00\x01\x00\x01\x00\x01\x00\x01\x00\x01\x00\x01\x00\x01" +
		"\x00\x02\x00\x01\x00\x01\x00\x01\x00\x01\x00\x01\x00\x01\x00\x01\x00\x01\x00\x01\x00\x01\x00\x01\x00" +
		"\x01\x00\x01\x00\x01\x00\x01\x00\x01\x00\x01\x00\x01\x00\x01\x00\x01\x00\x01\x00\x01\x00\x01\x01\x01" +
		"\x00\x01\x00\x03\x01\x01\x00\x01\x01\x01\x02\x02\x03\x01\x01\x01\x02\x03\x01\x01\x01\x01\x00\x01\x00" +
		"\x01\x01\x01\x00\x02\x00\x01\x01\x01\x02\x01\x00\x01\x01\x03\x00\x07\x01\x01\x01\x01\x01\x01\x00\x01" +
		"\x00\x01\x00\x01\x00\x01\x00\x01\x00\x01\x00\x01\x00\x02\x00\x01\x00\x01\x00\x01\x00\x01\x00\x01\x00" +
		"\x01\x00\x01\x00\x01\x00\x02\x01\x01\x00\x01\x02\x01\x00\x01\x00\x01\x00\x01\x00\x01\x00\x01\x00\x01" +
		"\x00\x01\x00\x01\x00\x01\x00\x01\x00\x01\x00\x01\x00\x01\x00\x01\x00\x01\x00\x01\x00\x01\x00\x01\x00" +
		"\x01\x00\x01\x00\x01\x00\x01\x00\x01\x00\x01\x00\x01\x00\x01\x00\x01\x00\x01\x00\x07\x01\x01\x01\x02" +
		"\x00\x01\x03\x01\x00\x01\x00\x01\x00\x01\x00\xa1\x02\x00\x01\x00\x03\x00\x08\x00\x06\x00\x01\x02\x01" +
		"\x00\x01\x01\x01\x10\x01\x08#\x00\x08\x00\x01\x00\x01\x00\x01\x00\x01\x00\x01\x00\x01\x00\x01\x00" +
		"\x01\x00\x01\x00\x01\x00\x01\x00\x05\x00\x02\x00\x01\x01\x0220\x00\x01\x00\x01\x00\x01\x00\x01\x00" +
		"\x01\x00\x01\x00\x01\x00\x01\x00\x01\x00\x01\x00\x01\x00\x01\x00\x01\x00\x01\x00\x01\x00\x01\x00\x09" +
		"\x00\x01\x00\x01\x00\x01\x00\x01\x00\x01\x00\x01\x00\x01\x00\x01\x00\x01\x00\x01\x00\x01\x00\x01\x00" +
		"\x01\x00\x01\x00\x01\x00\x01\x00\x01\x00\x01\x00\x01\x00\x01\x00\x01\x00\x01\x00\x01\x00\x01\x00\x01" +
		"\x00\x01\x00\x01\x01\x01\x00\x01\x00\x01\x00\x01\x00\x01\x00\x01\x00\x02\x00\x01\x00\x01\x00\x01\x00" +
		"\x01\x00\x01\x00\x01\x00\x01\x00\x01\x00\x01\x00\x01\x00\x01\x00\x01\x00\x01\x00\x01\x00\x01\x00\x01" +
		"\x00\x01\x00\x01\x00\x01\x00\x01\x00\x01\x00\x01\x00\x01\x00\x01\x00\x01\x00\x01\x00\x01\x00\x01\x00" +
		"\x01\x00\x01\x00\x01\x00\x01\x00\x01\x00\x01\x00\x01\x00\x01\x00\x01\x00\x01\x00\x01\x00\x01\x00\x01" +
		"\x00\x01\x00\x01\x00\x01\x00\x01\x00\x01\x00\x01\x00\x02%\xc9\x16%\x01\x00\x05\x00\xd2\x05U\x93\x11" +
		"\x00\x06*\x02\x02\xc0\x02\x00\x01\x00\x01\x00\x01\x00\x01\x00\x01\x00\x01\x00\x01\x00\x01\x00\x01" +
		"\x00\x01\x00\x01\x00\x01\x00\x01\x00\x01\x00\x01\x00\x01\x00\x01\x00\x01\x00\x01\x00\x01\x00\x01\x00" +
		"\x01\x00\x01\x00\x01\x00\x01\x00\x01\x00\x01\x00\x01\x00\x01\x00\x01\x00\x01\x00\x01\x00\x01\x00\x01" +
		"\x00\x01\x00\x01\x00\x01\x00\x01\x00\x01\x00\x01\x00\x01\x00\x01\x00\x01\x00\x01\x00\x01\x00\x01\x00" +
		"\x01\x00\x01\x00\x01\x00\x01\x00\x01\x00\x01\x00\x01\x00\x01\x00\x01\x00\x01\x00\x01\x00\x01\x00\x01" +
		"\x00\x01\x00\x01\x00\x01\x00\x01\x00\x01\x00\x01\x00\x01\x00\x01\x00\x01\x00\x01\x00\x01\x00\x01\x00" +
		"\x01\x00\x01\x00\x01\x00\x09\x00\x01\x00\x01\x00\x01\x00\x01\x00\x01\x00\x01\x00\x01\x00\x01\x00\x01" +
		"\x00\x01\x00\x01\x00\x01\x00\x01\x00\x01\x00\x01\x00\x01\x00\x01\x00\x01\x00\x01\x00\x01\x00\x01\x00" +
		"\x01\x00\x01\x00\x01\x00\x01\x00\x01\x00\x01\x00\x01\x00\x01\x00\x01\x00\x01\x00\x01\x00\x01\x00\x01" +
		"\x00\x01\x00\x01\x00\x01\x00\x01\x00\x01\x00\x01\x00\x01\x00\x01\x00\x01\x00\x01\x00\x01\x00\x01\x00" +
		"\x01\x00\x01\x00\x09\x07\x08\x05\x0a\x07\x08\x07\x08\x05\x0b\x00\x01\x00\x01\x00\x01\x00\x08\x07\x18" +
		"\x07\x08\x07\x08\x07\x08\x04\x0b\x04\x0b\x03\x0c\x04\x0b\x04\xa9\x02\x00\x03\x01\x06\x00-\x0f\x13" +
		"\x00\xb2\x06\x19\xb0\x0e/0\x00\x01\x02\x02\x00\x01\x00\x01\x00\x01\x03\x01\x00\x02\x00\x08\x02\x01" +
		"\x00\x01\x00\x01\x00\x01\x00\x01\x00\x01\x00\x01\x00\x01\x00\x01\x00\x01\x00\x01\x00\x01\x00\x01\x00" +
		"\x01\x00\x01\x00\x01\x00\x01\x00\x01\x00\x01\x00\x01\x00\x01\x00\x01\x00\x01\x00\x01\x00\x01\x00\x01" +
		"\x00\x01\x00\x01\x00\x01\x00\x01\x00\x01\x00\x01\x00\x01\x00\x01\x00\x01\x00\x01\x00\x01\x00\x01\x00" +
		"\x01\x00\x01\x00\x01\x00\x01\x00\x01\x00\x01\x00\x01\x00\x01\x00\x01\x00\x01\x00\x01\x00\x08\x00\x01" +
		"\x00\x04\x00\xcd\xf2\x01\x00\x01\x00\x01\x00\x01\x00\x01\x00\x01\x00\x01\x00\x01\x00\x01\x00\x01\x00" +
		"\x01\x00\x01\x00\x01\x00\x01\x00\x01\x00\x01\x00\x01\x00\x01\x00\x01\x00\x01\x00\x01\x00\x01\x00\x01" +
		"\x00\x13\x00\x01\x00\x01\x00\x01\x00\x01\x00\x01\x00\x01\x00\x01\x00\x01\x00\x01\x00\x01\x00\x01\x00" +
		"\x01\x00\x01\x00\x87\x01\x00\x01\x00\x01\x00\x01\x00\x01\x00\x01\x00\x01\x00\x03\x00\x01\x00\x01\x00" +
		"\x01\x00\x01\x00\x01\x00\x01\x00\x01\x00\x01\x00\x01\x00\x01\x00\x01\x00\x01\x00\x01\x00\x01\x00\x01" +
		"\x00\x01\x00\x01\x00\x01\x00\x01\x00\x01\x00\x01\x00\x01\x00\x01\x00\x01\x00\x01\x00\x01\x00\x01\x00" +
		"\x01\x00\x01\x00\x01\x00\x0a\x00\x01\x00\x01\x01\x01\x00\x01\x00\x01\x00\x01\x00\x04\x00\x01\x00\x02" +
		"\x00\x01\x00\x03\x00\x01\x00\x01\x00\x01\x00\x01\x00\x01\x00\x01\x00\x01\x00\x01\x00\x01\x00\x01\x04" +
		"\x01\x04\x01\x00\x01\x00\x01\x00\x01\x00\x01\x00\x01\x00\x01\x00\x01\x03\x01\x00\x01\x01\x01\x00\x01" +
		"\x00\x01\x00\x01\x00\x01\x00\x01\x00\x01\x00\x01\x00\x18\x00\xab\xae\x01\x19\xc5\x09'\x88\x01#\x9c" +
		"\x01\x0a\x01\x0e\x01\x06\x01\x01\xea\x0d2\x9d\x01\x15\xba\x16\x1f\x80\xab\x01\x1f@\x18\xc7\xf4\x01!"},
	{"Changes_When_NFKC_Casefolded", "A\x19E\x00\x07\x00\x01\x00\x02\x00\x01\x00\x02\x03\x02\x02\x01\x02\x01\x16\x01\x07 \x00\x01\x00\x01" +
		"\x00\x01\x00\x01\x00\x01\x00\x01\x00\x01\x00\x01\x00\x01\x00\x01\x00\x01\x00\x01\x00\x01\x00\x01\x00" +
		"\x01\x00\x01\x00\x01\x00\x01\x00\x01\x00\x01\x00\x01\x00\x01\x00\x01\x00\x01\x00\x01\x02\x01\x00\x02" +
		"\x00\x01\x00\x01\x00\x01\x02\x01\x00\x01\x00\x01\x00\x01\x01\x01\x00\x01\x00\x01\x00\x01\x00\x01\x00" +
		"\x01\x00\x01\x00\x01\x00\x01\x00\x01\x00\x01\x00\x01\x00\x01\x00\x01\x00\x01\x00\x01\x00\x01\x00\x01" +
		"\x00\x01\x00\x01\x00\x01\x00\x01\x00\x01\x01\x01\x00\x01\x00\x01\x00\x01\x01\x01\x00\x01\x01\x01\x02" +
		"\x02\x03\x01\x01\x01\x02\x03\x01\x01\x01\x01\x00\x01\x00\x01\x01\x01\x00\x02\x00\x01\x01\x01\x02\x01" +
		"\x00\x01\x01\x03\x00\x07\x09\x01\x00\x01\x00\x01\x00\x01\x00\x01\x00\x01\x00\x01\x00\x02\x00\x01\x00" +
		"\x01\x00\x01\x00\x01\x00\x01\x00\x01\x00\x01\x00\x01\x00\x02\x03\x01\x02\x01\x00\x01\x00\x01\x00\x01" +
		"\x00\x01\x00\x01\x00\x01\x00\x01\x00\x01\x00\x01\x00\x01\x00\x01\x00\x01\x00\x01\x00\x01\x00\x01\x00" +
		"\x01\x00\x01\x00\x01\x00\x01\x00\x01\x00\x01\x00\x01\x00\x01\x00\x01\x00\x01\x00\x01\x00\x01\x00\x01" +
		"\x00\x07\x01\x01\x01\x02\x00\x01\x03\x01\x00\x01\x00\x01\x00\x01\x00a\x08\x1f\x05\x02\x04[\x01\x01" +
		"\x02\x09\x00 \x00\x01\x00\x01\x00\x01\x00\x03\x00\x03\x01\x04\x06\x01\x00\x01\x01\x01\x10\x01\x08" +
		"\x16\x00\x0c\x07\x01\x00\x01\x00\x01\x00\x01\x00\x01\x00\x01\x00\x01\x00\x01\x00\x01\x00\x01\x00\x01" +
		"\x00\x01\x00\x01\x02\x01\x01\x01\x00\x01\x01\x0220\x00\x01\x00\x01\x00\x01\x00\x01\x00\x01\x00\x01" +
		"\x00\x01\x00\x01\x00\x01\x00\x01\x00\x01\x00\x01\x00\x01\x00\x01\x00\x01\x00\x01\x00\x09\x00\x01\x00" +
		"\x01\x00\x01\x00\x01\x00\x01\x00\x01\x00\x01\x00\x01\x00\x01\x00\x01\x00\x01\x00\x01\x00\x01\x00\x01" +
		"\x00\x01\x00\x01\x00\x01\x00\x01\x00\x01\x00\x01\x00\x01\x00\x01\x00\x01\x00\x01\x00\x01\x00\x01\x00" +
		"\x01\x01\x01\x00\x01\x00\x01\x00\x01\x00\x01\x00\x01\x00\x02\x00\x01\x00\x01\x00\x01\x00\x01\x00\x01" +
		"\x00\x01\x00\x01\x00\x01\x00\x01\x00\x01\x00\x01\x00\x01\x00\x01\x00\x01\x00\x01\x00\x01\x00\x01\x00" +
		"\x01\x00\x01\x00\x01\x00\x01\x00\x01\x00\x01\x00\x01\x00\x01\x00\x01\x00\x01\x00\x01\x00\x01\x00\x01" +
		"\x00\x01\x00\x01\x00\x01\x00\x01\x00\x01\x00\x01\x00\x01\x00\x01\x00\x01\x00\x01\x00\x01\x00\x01\x00" +
		"\x01\x00\x01\x00\x01\x00\x01\x00\x01\x00\x02%0\x00\x94\x01\x00X\x03\xdf\x05\x07|\x01\x01\x00S\x00" +
		"\x02\x00\"\x02\x02\x00\xfd\x01\x01\xd5\x05\x00\x7f\x00(\x01.\x006\x00\x09\x00\x04\x00\x04\x00\x04" +
		"\x00\x0c\x00\x09\x00\x01\x04\x07\x00\x11\x00\x09\x00\x04\x00\x04\x00\x04\x00\x0c\x00\xe6\x01%\x01" +
		"\x00\x05\x00.\x00b\x01\x97\x05\x05\xb6\x07\x01U\x04\xf0\x08\x09\x06*\x02\x02l\x02\x01\x0a\x01\x11" +
		"\x01\x1b\x0d\x00\"$@\x00\x01\x00\x01\x00\x01\x00\x01\x00\x01\x00\x01\x00\x01\x00\x01\x00\x01\x00\x01" +
		"\x00\x01\x00\x01\x00\x01\x00\x01\x00\x01\x00\x01\x00\x01\x00\x01\x00\x01\x00\x01\x00\x01\x00\x01\x00" +
		"\x01\x00\x01\x00\x01\x00\x01\x00\x01\x00\x01\x00\x01\x00\x01\x00\x01\x00\x01\x00\x01\x00\x01\x00\x01" +
		"\x00\x01\x00\x01\x00\x01\x00\x01\x00\x01\x00\x01\x00\x01\x00\x01\x00\x01\x00\x01\x00\x01\x00\x01\x00" +
		"\x01\x00\x01\x00\x01\x00\x01\x00\x01\x00\x01\x00\x01\x00\x01\x00\x01\x00\x01\x00\x01\x00\x01\x00\x01" +
		"\x00\x01\x00\x01\x00\x01\x00\x01\x00\x01\x00\x01\x00\x01\x00\x01\x00\x01\x00\x01\x00\x01\x00\x01\x00" +
		"\x01\x00\x01\x00\x05\x01\x02\x00\x01\x00\x01\x00\x01\x00\x01\x00\x01\x00\x01\x00\x01\x00\x01\x00\x01" +
		"\x00\x01\x00\x01\x00\x01\x00\x01\x00\x01\x00\x01\x00\x01\x00\x01\x00\x01\x00\x01\x00\x01\x00\x01\x00" +
		"\x01\x00\x01\x00\x01\x00\x01\x00\x01\x00\x01\x00\x01\x00\x01\x00\x01\x00\x01\x00\x01\x00\x01\x00\x01" +
		"\x00\x01\x00\x01\x00\x01\x00\x01\x00\x01\x00\x01\x00\x01\x00\x01\x00\x01\x00\x01\x00\x01\x00\x01\x00" +
		"\x01\x00\x01\x00\x09\x07\x08\x05\x0a\x07\x08\x07\x08\x05\x0b\x00\x01\x00\x01\x00\x01\x00\x08\x07\x01" +
		"\x00\x01\x00\x01\x00\x01\x00\x01\x00\x01\x00\x01\x00\x02/\x02\x02\x02\x0d\x02\x08\x03\x00\x04\x03" +
		"\x01\x02\x03\x00\x04\x07\x02\x02\x02\x07\x01\x0f\x01\x00\x05\x00\x0c\x02\x03\x05\x03\x01\x01\x01\x04" +
		"\x00\x01\x00\x08\x02\x0d\x00\x07\x12\x02\x1a\x01\x0c\x0b\x00W\x03\x01\x02\x01\x0a\x01\x01\x02\x04" +
		"\x02\x02\x01\x00\x01\x00\x01\x00\x01\x03\x01\x0a\x01\x05\x04\x04\x06/\x03\x00\x05\x00\xa2\x01\x01" +
		"\x01\x01\xf8\x01\x01\xb5\x02\x8a\x01\xa1\x0a\x00g\x02e\x00\xa3\x02/0\x00\x01\x02\x02\x00\x01\x00\x01" +
		"\x00\x01\x03\x01\x00\x02\x00\x06\x04\x01\x00\x01\x00\x01\x00\x01\x00\x01\x00\x01\x00\x01\x00\x01\x00" +
		"\x01\x00\x01\x00\x01\x00\x01\x00\x01\x00\x01\x00\x01\x00\x01\x00\x01\x00\x01\x00\x01\x00\x01\x00\x01" +
		"\x00\x01\x00\x01\x00\x01\x00\x01\x00\x01\x00\x01\x00\x01\x00\x01\x00\x01\x00\x01\x00\x01\x00\x01\x00" +
		"\x01\x00\x01\x00\x01\x00\x01\x00\x01\x00\x01\x00\x01\x00\x01\x00\x01\x00\x01\x00\x01\x00\x01\x00\x01" +
		"\x00\x01\x00\x01\x00\x01\x00\x08\x00\x01\x00\x04\x00|\x00\xaf\x02\x00S\x00\x0c\xd5\x01*\x005\x00\x01" +
		"\x02`\x01\x02\x00_\x001]\x03\x0d`\x1e\x01'\x08.\x01\xff\x02\xc0\xe4\x01\x00\x01\x00\x01\x00\x01\x00" +
		"\x01\x00\x01\x00\x01\x00\x01\x00\x01\x00\x01\x00\x01\x00\x01\x00\x01\x00\x01\x00\x01\x00\x01\x00\x01" +
		"\x00\x01\x00\x01\x00\x01\x00\x01\x00\x01\x00\x01\x00\x13\x00\x01\x00\x01\x00\x01\x00\x01\x00\x01\x00" +
		"\x01\x00\x01\x00\x01\x00\x01\x00\x01\x00\x01\x00\x01\x00\x01\x00\x01\x01\x84\x01\x00\x01\x00\x01\x00" +
		"\x01\x00\x01\x00\x01\x00\x01\x00\x03\x00\x01\x00\x01\x00\x01\x00\x01\x00\x01\x00\x01\x00\x01\x00\x01" +
		"\x00\x01\x00\x01\x00\x01\x00\x01\x00\x01\x00\x01\x00\x01\x00\x01\x00\x01\x00\x01\x00\x01\x00\x01\x00" +
		"\x01\x00\x01\x00\x01\x00\x01\x00\x01\x00\x01\x00\x01\x00\x01\x00\x01\x00\x01\x00\x01\x00\x08\x00\x01" +
		"\x00\x01\x01\x01\x00\x01\x00\x01\x00\x01\x00\x04\x00\x01\x00\x02\x00\x01\x00\x03\x00\x01\x00\x01\x00" +
		"\x01\x00\x01\x00\x01\x00\x01\x00\x01\x00\x01\x00\x01\x00\x01\x04\x01\x04\x01\x00\x01\x00\x01\x00\x01" +
		"\x00\x01\x00\x01\x00\x01\x00\x01\x03\x01\x00\x01\x01\x01\x00\x01\x00\x01\x00\x01\x00\x01\x00\x01\x00" +
		"\x01\x00\x01\x00\x14\x04\x02\x01\xe2\x06\x03\x09\x00\x06O\xc0\x9a\x01\x8d\x02\x02\x00\x01\x00\x02" +
		"\x09\x01\x00\x01\x00\x02\x01\x03C\x02i&\x06\x0c\x04\x05\x00\x01\x17\x01\x04\x01\x00\x01\x01\x01\x01" +
		"\x01k!\xea\x02\x12?\x025(\x0c\x03\x19\x16\x14\x02\x0b\x01\x12\x01\x03\x04\x02\x01\x00\x01\x86\x01" +
		"\x02\x00\x01\xbd\x01\x03\x05\x02\x05\x02\x05\x02\x02\x03\x06\x01\x06\x01\x08\x87\x08'\x88\x01#\x9c" +
		"\x01\x0a\x01\x0e\x01\x06\x01\x01\xeb\x03\x04\x01)\x01\x08\xc5\x092\x9d\x01\x15\xba\x16\x1f\x80\xab" +
		"\x01\x1f@\x18\xe7\x9b\x01\x03\xb2 #\xe4\x08\x06\x0e\x07@\x05\xbf\x04T\x01F\x01\x01\x02\x00\x02\x01" +
		"\x02\x03\x01\x0b\x01\x00\x01\x06\x01@\x01\x03\x02\x07\x01\x06\x01\x1b\x01\x03\x01\x04\x01\x00\x03" +
		"\x06\x01\xd3\x02\x02\xa3\x02\x021\xb0\x10=\x92\x11!\xde\x09\x03\x01\x1a\x01\x01\x01\x00\x02\x00\x01" +
		"\x09\x01\x03\x01\x00\x01\x00\x06\x00\x04\x00\x01\x00\x01\x00\x01\x02\x01\x01\x01\x00\x02\x00\x01\x00" +
		"\x01\x00\x01\x00\x01\x00\x01\x01\x01\x00\x02\x03\x01\x06\x01\x03\x01\x03\x01\x00\x01\x09\x01\x10\x05" +
		"\x02\x01\x04\x01\x10\xc4\x04\x0a\x05\x1e\x01\x1f\x1a\x02#\x00o\x02\x0d+\x04\x08\x07\x01\x9e\x13\x09" +
		"\x86\xf8\x03\x9d\x04\xe2\x8b,\xff\x1f"},
	{"Changes_When_Titlecased", "a\x19:\x00)\x17\x01\x07\x01\x00\x01\x00\x01\x00\x01\x00\x01\x00\x01\x00\x01\x00\x01\x00\x01\x00\x01" +
		"\x00\x01\x00\x01\x00\x01\x00\x01\x00\x01\x00\x01\x00\x01\x00\x01\x00\x01\x00\x01\x00\x01\x00\x01\x00" +
		"\x01\x00\x01\x00\x01\x00\x01\x00\x01\x00\x01\x00\x02\x00\x01\x00\x01\x00\x01\x00\x01\x00\x01\x00\x01" +
		"\x00\x01\x01\x01\x00\x01\x00\x01\x00\x01\x00\x01\x00\x01\x00\x01\x00\x01\x00\x01\x00\x01\x00\x01\x00" +
		"\x01\x00\x01\x00\x01\x00\x01\x00\x01\x00\x01\x00\x01\x00\x01\x00\x01\x00\x01\x00\x01\x00\x01\x00\x02" +
		"\x00\x01\x00\x01\x02\x02\x00\x01\x00\x02\x00\x03\x00\x05\x00\x02\x00\x03\x02\x02\x00\x02\x00\x01\x00" +
		"\x01\x00\x02\x00\x04\x00\x02\x00\x03\x00\x01\x00\x02\x00\x03\x00\x01\x00\x04\x00\x01\x01\x01\x01\x01" +
		"\x00\x01\x00\x01\x00\x01\x00\x01\x00\x01\x00\x01\x00\x01\x00\x01\x01\x01\x00\x01\x00\x01\x00\x01\x00" +
		"\x01\x00\x01\x00\x01\x00\x01\x00\x01\x02\x01\x00\x01\x00\x03\x00\x01\x00\x01\x00\x01\x00\x01\x00\x01" +
		"\x00\x01\x00\x01\x00\x01\x00\x01\x00\x01\x00\x01\x00\x01\x00\x01\x00\x01\x00\x01\x00\x01\x00\x01\x00" +
		"\x01\x00\x01\x00\x03\x00\x01\x00\x01\x00\x01\x00\x01\x00\x01\x00\x01\x00\x01\x00\x01\x00\x08\x00\x02" +
		"\x01\x01\x00\x04\x00\x01\x00\x01\x00\x01\x00\x01\x05\x01\x01\x01\x00\x01\x01\x03\x01\x01\x03\x01\x04" +
		"\x02\x00\x01\x01\x02\x00\x07\x00\x02\x00\x01\x01\x03\x05\x05\x00\x0a\x01\xa6\x01\x00+\x00\x01\x00" +
		"\x03\x00\x03\x02\x12\x00\x1b\"\x01\x01\x03\x02\x01\x00\x01\x00\x01\x00\x01\x00\x01\x00\x01\x00\x01" +
		"\x00\x01\x00\x01\x00\x01\x00\x01\x00\x01\x04\x01\x00\x02\x00\x02\x004/\x01\x00\x01\x00\x01\x00\x01" +
		"\x00\x01\x00\x01\x00\x01\x00\x01\x00\x01\x00\x01\x00\x01\x00\x01\x00\x01\x00\x01\x00\x01\x00\x01\x00" +
		"\x01\x00\x09\x00\x01\x00\x01\x00\x01\x00\x01\x00\x01\x00\x01\x00\x01\x00\x01\x00\x01\x00\x01\x00\x01" +
		"\x00\x01\x00\x01\x00\x01\x00\x01\x00\x01\x00\x01\x00\x01\x00\x01\x00\x01\x00\x01\x00\x01\x00\x01\x00" +
		"\x01\x00\x01\x00\x01\x00\x02\x00\x01\x00\x01\x00\x01\x00\x01\x00\x01\x00\x01\x01\x01\x00\x01\x00\x01" +
		"\x00\x01\x00\x01\x00\x01\x00\x01\x00\x01\x00\x01\x00\x01\x00\x01\x00\x01\x00\x01\x00\x01\x00\x01\x00" +
		"\x01\x00\x01\x00\x01\x00\x01\x00\x01\x00\x01\x00\x01\x00\x01\x00\x01\x00\x01\x00\x01\x00\x01\x00\x01" +
		"\x00\x01\x00\x01\x00\x01\x00\x01\x00\x01\x00\x01\x00\x01\x00\x01\x00\x01\x00\x01\x00\x01\x00\x01\x00" +
		"\x01\x00\x01\x00\x01\x00\x01\x00\x01\x00\x01\x00\x01\x00\x01\x001&\xf0\x1c\x05\x82\x11\x08\x01\x00" +
		"\xee\x01\x00\x03\x00\x10\x00r\x00\x01\x00\x01\x00\x01\x00\x01\x00\x01\x00\x01\x00\x01\x00\x01\x00" +
		"\x01\x00\x01\x00\x01\x00\x01\x00\x01\x00\x01\x00\x01\x00\x01\x00\x01\x00\x01\x00\x01\x00\x01\x00\x01" +
		"\x00\x01\x00\x01\x00\x01\x00\x01\x00\x01\x00\x01\x00\x01\x00\x01\x00\x01\x00\x01\x00\x01\x00\x01\x00" +
		"\x01\x00\x01\x00\x01\x00\x01\x00\x01\x00\x01\x00\x01\x00\x01\x00\x01\x00\x01\x00\x01\x00\x01\x00\x01" +
		"\x00\x01\x00\x01\x00\x01\x00\x01\x00\x01\x00\x01\x00\x01\x00\x01\x00\x01\x00\x01\x00\x01\x00\x01\x00" +
		"\x01\x00\x01\x00\x01\x00\x01\x00\x01\x00\x01\x00\x01\x00\x01\x00\x01\x00\x01\x00\x01\x00\x01\x00\x01" +
		"\x00\x01\x00\x01\x00\x01\x06\x05\x00\x01\x00\x01\x00\x01\x00\x01\x00\x01\x00\x01\x00\x01\x00\x01\x00" +
		"\x01\x00\x01\x00\x01\x00\x01\x00\x01\x00\x01\x00\x01\x00\x01\x00\x01\x00\x01\x00\x01\x00\x01\x00\x01" +
		"\x00\x01\x00\x01\x00\x01\x00\x01\x00\x01\x00\x01\x00\x01\x00\x01\x00\x01\x00\x01\x00\x01\x00\x01\x00" +
		"\x01\x00\x01\x00\x01\x00\x01\x00\x01\x00\x01\x00\x01\x00\x01\x00\x01\x00\x01\x00\x01\x00\x01\x00\x01" +
		"\x00\x01\x08\x08\x05\x0a\x07\x08\x07\x08\x05\x0a\x07\x08\x07\x08\x0d\x02\x07\x08\x07\x08\x07\x08\x04" +
		"\x01\x01\x06\x00\x03\x02\x01\x01\x08\x03\x02\x01\x08\x07\x0a\x02\x01\x01\xd6\x02\x00!\x0f\x04\x00" +
		"\xcb\x06\x19\xc6\x0e/\x01\x00\x03\x01\x01\x00\x01\x00\x01\x00\x06\x00\x02\x00\x0a\x00\x01\x00\x01" +
		"\x00\x01\x00\x01\x00\x01\x00\x01\x00\x01\x00\x01\x00\x01\x00\x01\x00\x01\x00\x01\x00\x01\x00\x01\x00" +
		"\x01\x00\x01\x00\x01\x00\x01\x00\x01\x00\x01\x00\x01\x00\x01\x00\x01\x00\x01\x00\x01\x00\x01\x00\x01" +
		"\x00\x01\x00\x01\x00\x01\x00\x01\x00\x01\x00\x01\x00\x01\x00\x01\x00\x01\x00\x01\x00\x01\x00\x01\x00" +
		"\x01\x00\x01\x00\x01\x00\x01\x00\x01\x00\x01\x00\x01\x00\x01\x00\x01\x00\x01\x00\x08\x00\x01\x00\x04" +
		"\x00\x0c%\x01\x00\x05\x00\x93\xf2\x01\x00\x01\x00\x01\x00\x01\x00\x01\x00\x01\x00\x01\x00\x01\x00" +
		"\x01\x00\x01\x00\x01\x00\x01\x00\x01\x00\x01\x00\x01\x00\x01\x00\x01\x00\x01\x00\x01\x00\x01\x00\x01" +
		"\x00\x01\x00\x01\x00\x13\x00\x01\x00\x01\x00\x01\x00\x01\x00\x01\x00\x01\x00\x01\x00\x01\x00\x01\x00" +
		"\x01\x00\x01\x00\x01\x00\x01\x00\x87\x01\x00\x01\x00\x01\x00\x01\x00\x01\x00\x01\x00\x01\x00\x03\x00" +
		"\x01\x00\x01\x00\x01\x00\x01\x00\x01\x00\x01\x00\x01\x00\x01\x00\x01\x00\x01\x00\x01\x00\x01\x00\x01" +
		"\x00\x01\x00\x01\x00\x01\x00\x01\x00\x01\x00\x01\x00\x01\x00\x01\x00\x01\x00\x01\x00\x01\x00\x01\x00" +
		"\x01\x00\x01\x00\x01\x00\x01\x00\x01\x00\x0a\x00\x01\x00\x02\x00\x01\x00\x01\x00\x01\x00\x01\x00\x04" +
		"\x00\x04\x00\x01\x01\x02\x00\x01\x00\x01\x00\x01\x00\x01\x00\x01\x00\x01\x00\x01\x00\x01\x00\x01\x00" +
		"\x0b\x00\x01\x00\x01\x00\x01\x00\x01\x00\x01\x00\x01\x00\x01\x00\x04\x00\x01\x00\x02\x00\x01\x00\x01" +
		"\x00\x01\x00\x01\x00\x01\x00\x01\x00\x01\x00\x1a\x00\xdc\x06\x00\x1cO\xc0\x9e\x01\x06\x0c\x04\xa9" +
		"\x08\x19\xcd\x09'\x88\x01#\x9b\x01\x0a\x01\x0e\x01\x06\x01\x01\x83\x0e2}\x15\xba\x16\x1f\x80\xab\x01" +
		"\x1f;\x18\xce\xf4\x01!"},
	{"Changes_When_Uppercased", "a\x19:\x00)\x17\x01\x07\x01\x00\x01\x00\x01\x00\x01\x00\x01\x00\x01\x00\x01\x00\x01\x00\x01\x00\x01" +
		"\x00\x01\x00\x01\x00\x01\x00\x01\x00\x01\x00\x01\x00\x01\x00\x01\x00\x01\x00\x01\x00\x01\x00\x01\x00" +
		"\x01\x00\x01\x00\x01\x00\x01\x00\x01\x00\x01\x00\x02\x00\x01\x00\x01\x00\x01\x00\x01\x00\x01\x00\x01" +
		"\x00\x01\x01\x01\x00\x01\x00\x01\x00\x01\x00\x01\x00\x01\x00\x01\x00\x01\x00\x01\x00\x01\x00\x01\x00" +
		"\x01\x00\x01\x00\x01\x00\x01\x00\x01\x00\x01\x00\x01\x00\x01\x00\x01\x00\x01\x00\x01\x00\x01\x00\x02" +
		"\x00\x01\x00\x01\x02\x02\x00\x01\x00\x02\x00\x03\x00\x05\x00\x02\x00\x03\x02\x02\x00\x02\x00\x01\x00" +
		"\x01\x00\x02\x00\x04\x00\x02\x00\x03\x00\x01\x00\x02\x00\x03\x00\x01\x00\x05\x01\x01\x01\x01\x01\x01" +
		"\x00\x01\x00\x01\x00\x01\x00\x01\x00\x01\x00\x01\x00\x01\x01\x01\x00\x01\x00\x01\x00\x01\x00\x01\x00" +
		"\x01\x00\x01\x00\x01\x00\x01\x01\x01\x01\x01\x00\x03\x00\x01\x00\x01\x00\x01\x00\x01\x00\x01\x00\x01" +
		"\x00\x01\x00\x01\x00\x01\x00\x01\x00\x01\x00\x01\x00\x01\x00\x01\x00\x01\x00\x01\x00\x01\x00\x01\x00" +
		"\x01\x00\x03\x00\x01\x00\x01\x00\x01\x00\x01\x00\x01\x00\x01\x00\x01\x00\x01\x00\x08\x00\x02\x01\x01" +
		"\x00\x04\x00\x01\x00\x01\x00\x01\x00\x01\x05\x01\x01\x01\x00\x01\x01\x03\x01\x01\x03\x01\x04\x02\x00" +
		"\x01\x01\x02\x00\x07\x00\x02\x00\x01\x01\x03\x05\x05\x00\x0a\x01\xa6\x01\x00+\x00\x01\x00\x03\x00" +
		"\x03\x02\x12\x00\x1b\"\x01\x01\x03\x02\x01\x00\x01\x00\x01\x00\x01\x00\x01\x00\x01\x00\x01\x00\x01" +
		"\x00\x01\x00\x01\x00\x01\x00\x01\x04\x01\x00\x02\x00\x02\x004/\x01\x00\x01\x00\x01\x00\x01\x00\x01" +
		"\x00\x01\x00\x01\x00\x01\x00\x01\x00\x01\x00\x01\x00\x01\x00\x01\x00\x01\x00\x01\x00\x01\x00\x01\x00" +
		"\x09\x00\x01\x00\x01\x00\x01\x00\x01\x00\x01\x00\x01\x00\x01\x00\x01\x00\x01\x00\x01\x00\x01\x00\x01" +
		"\x00\x01\x00\x01\x00\x01\x00\x01\x00\x01\x00\x01\x00\x01\x00\x01\x00\x01\x00\x01\x00\x01\x00\x01\x00" +
		"\x01\x00\x01\x00\x02\x00\x01\x00\x01\x00\x01\x00\x01\x00\x01\x00\x01\x01\x01\x00\x01\x00\x01\x00\x01" +
		"\x00\x01\x00\x01\x00\x01\x00\x01\x00\x01\x00\x01\x00\x01\x00\x01\x00\x01\x00\x01\x00\x01\x00\x01\x00" +
		"\x01\x00\x01\x00\x01\x00\x01\x00\x01\x00\x01\x00\x01\x00\x01\x00\x01\x00\x01\x00\x01\x00\x01\x00\x01" +
		"\x00\x01\x00\x01\x00\x01\x00\x01\x00\x01\x00\x01\x00\x01\x00\x01\x00\x01\x00\x01\x00\x01\x00\x01\x00" +
		"\x01\x00\x01\x00\x01\x00\x01\x00\x01\x00\x01\x00\x01\x001&\xc8\x16*\x02\x02\xf8\x05\x05\x82\x11\x08" +
		"\x01\x00\xee\x01\x00\x03\x00\x10\x00r\x00\x01\x00\x01\x00\x01\x00\x01\x00\x01\x00\x01\x00\x01\x00" +
		"\x01\x00\x01\x00\x01\x00\x01\x00\x01\x00\x01\x00\x01\x00\x01\x00\x01\x00\x01\x00\x01\x00\x01\x00\x01" +
		"\x00\x01\x00\x01\x00\x01\x00\x01\x00\x01\x00\x01\x00\x01\x00\x01\x00\x01\x00\x01\x00\x01\x00\x01\x00" +
		"\x01\x00\x01\x00\x01\x00\x01\x00\x01\x00\x01\x00\x01\x00\x01\x00\x01\x00\x01\x00\x01\x00\x01\x00\x01" +
		"\x00\x01\x00\x01\x00\x01\x00\x01\x00\x01\x00\x01\x00\x01\x00\x01\x00\x01\x00\x01\x00\x01\x00\x01\x00" +
		"\x01\x00\x01\x00\x01\x00\x01\x00\x01\x00\x01\x00\x01\x00\x01\x00\x01\x00\x01\x00\x01\x00\x01\x00\x01" +
		"\x00\x01\x00\x01\x00\x01\x00\x01\x06\x05\x00\x01\x00\x01\x00\x01\x00\x01\x00\x01\x00\x01\x00\x01\x00" +
		"\x01\x00\x01\x00\x01\x00\x01\x00\x01\x00\x01\x00\x01\x00\x01\x00\x01\x00\x01\x00\x01\x00\x01\x00\x01" +
		"\x00\x01\x00\x01\x00\x01\x00\x01\x00\x01\x00\x01\x00\x01\x00\x01\x00\x01\x00\x01\x00\x01\x00\x01\x00" +
		"\x01\x00\x01\x00\x01\x00\x01\x00\x01\x00\x01\x00\x01\x00\x01\x00\x01\x00\x01\x00\x01\x00\x01\x00\x01" +
		"\x00\x01\x00\x01\x08\x08\x05\x0a\x07\x08\x07\x08\x05\x0a\x07\x08\x07\x08\x0d\x024\x01\x01\x04\x00" +
		"\x01\x00\x03\x02\x01\x01\x04\x00\x03\x03\x02\x01\x08\x07\x0a\x02\x01\x01\x04\x00\xd1\x02\x00!\x0f" +
		"\x04\x00\xcb\x06\x19\xc6\x0e/\x01\x00\x03\x01\x01\x00\x01\x00\x01\x00\x06\x00\x02\x00\x0a\x00\x01" +
		"\x00\x01\x00\x01\x00\x01\x00\x01\x00\x01\x00\x01\x00\x01\x00\x01\x00\x01\x00\x01\x00\x01\x00\x01\x00" +
		"\x01\x00\x01\x00\x01\x00\x01\x00\x01\x00\x01\x00\x01\x00\x01\x00\x01\x00\x01\x00\x01\x00\x01\x00\x01" +
		"\x00\x01\x00\x01\x00\x01\x00\x01\x00\x01\x00\x01\x00\x01\x00\x01\x00\x01\x00\x01\x00\x01\x00\x01\x00" +
		"\x01\x00\x01\x00\x01\x00\x01\x00\x01\x00\x01\x00\x01\x00\x01\x00\x01\x00\x01\x00\x01\x00\x08\x00\x01" +
		"\x00\x04\x00\x0c%\x01\x00\x05\x00\x93\xf2\x01\x00\x01\x00\x01\x00\x01\x00\x01\x00\x01\x00\x01\x00" +
		"\x01\x00\x01\x00\x01\x00\x01\x00\x01\x00\x01\x00\x01\x00\x01\x00\x01\x00\x01\x00\x01\x00\x01\x00\x01" +
		"\x00\x01\x00\x01\x00\x01\x00\x13\x00\x01\x00\x01\x00\x01\x00\x01\x00\x01\x00\x01\x00\x01\x00\x01\x00" +
		"\x01\x00\x01\x00\x01\x00\x01\x00\x01\x00\x87\x01\x00\x01\x00\x01\x00\x01\x00\x01\x00\x01\x00\x01\x00" +
		"\x03\x00\x01\x00\x01\x00\x01\x00\x01\x00\x01\x00\x01\x00\x01\x00\x01\x00\x01\x00\x01\x00\x01\x00\x01" +
		"\x00\x01\x00\x01\x00\x01\x00\x01\x00\x01\x00\x01\x00\x01\x00\x01\x00\x01\x00\x01\x00\x01\x00\x01\x00" +
		"\x01\x00\x01\x00\x01\x00\x01\x00\x01\x00\x01\x00\x0a\x00\x01\x00\x02\x00\x01\x00\x01\x00\x01\x00\x01" +
		"\x00\x04\x00\x04\x00\x01\x01\x02\x00\x01\x00\x01\x00\x01\x00\x01\x00\x01\x00\x01\x00\x01\x00\x01\x00" +
		"\x01\x00\x0b\x00\x01\x00\x01\x00\x01\x00\x01\x00\x01\x00\x01\x00\x01\x00\x04\x00\x01\x00\x02\x00\x01" +
		"\x00\x01\x00\x01\x00\x01\x00\x01\x00\x01\x00\x01\x00\x1a\x00\xdc\x06\x00\x1cO\xc0\x9e\x01\x06\x0c" +
		"\x04\xa9\x08\x19\xcd\x09'\x88\x01#\x9b\x01\x0a\x01\x0e\x01\x06\x01\x01\x83\x0e2}\x15\xba\x16\x1f\x80" +
		"\xab\x01\x1f;\x18\xce\xf4\x01!"},
	{"Dash", "-\x00\xdc\x0a\x003\x00\xc1\x1c\x00\x85\x08\x00\x89\x10\x05=\x00'\x00\x0f\x00\x86\x03\x00\x84\x18\x00" +
		"\x02\x00\x1f\x01\x04\x00\x1c\x00\xbe\x03\x00\x13\x00o\x00\x90\x9b\x03\x01%\x00\x0a\x00\xa9\x01\x00" +
		"\xe0\x1c\x00\xbe\x02\x00"},
	{"Default_Ignorable_Code_Point", "\xad\x01\x00\xa1\x05\x00\xcc\x05\x00\xc2\x16\x01\xd3\x0c\x01U\x04\xfb\x0f\x04\x1a\x041\x0f\xf4!\x00" +
		"\x9b\x99\x03\x0f\xef\x01\x00\xa0\x01\x00O\x08\xa7\xf9\x02\x03\xcf)\x07\x85\xdd0\xff\x1f"},
	{"Deprecated", "\xc9\x02\x00\xa9\x0a\x00\x83\x12\x00\x01\x00\xa9\x10\x01\xc5\x11\x05\xb9\x05\x01\xd6\xb97\x00"},
	{"Diacritic", "^\x00\x01\x00G\x00\x06\x00\x04\x00\x02\x01\xf7\x03\x9e\x01\x01\x07\x05\x05\x11\x01\x04\x00\x09\x01" +
		"\xfd\x01\x04\xd1\x01\x007,\x01\x00\x01\x01\x01\x01\x01\x00\x83\x01\x07\x04\x01\x86\x01\x01\x04\x01" +
		"\x03\x02C\x1a[\x0a:\x0a\"\x01~\x07)\x09\x10\x1b=\x00\x10\x00\x03\x03\x1c\x00J\x00\x10\x00n\x00\x10" +
		"\x00n\x00\x10\x00/\x02<\x00\x10\x00\x07\x00w\x00n\x00\x10\x00n\x00\x10\x00m\x01\x10\x00|\x00o\x00" +
		"\x0c\x05\x01\x00k\x00\x0d\x04K\x01\x1b\x00\x01\x00\x01\x00\x04\x01B\x02\x01\x01>\x00p\x00\x01\x01(" +
		"\x01\x04\x04\x19\x06\x01\x00\x0a\x01\xc1\x05\x02\xb4\x07\x01\x1e\x00\x94\x01\x0a\x09\x00\xdb\x02\x02" +
		"\xa4\x02\x00\x14\x07\x02\x000\x0e\x02\x0a\x03\x0e\x02\x0bH\x00\x0f\x00&\x086\x01:\x00\x0b\x01B\x01@" +
		"\x05R\x18\x04\x00\x06\x00\x02\x022>0#\x05\x0b%\x0a\xbd\x03\x00\x01\x02\x0b\x02\x0d\x02\x0d\x02\x0d" +
		"\x01\xf0\x19\x02\xbd\x02\x00\xfa\x03\x05i\x03_\x00\xf2\xea\x01\x00\x0c\x01\x01\x00\x1c\x01R\x01\x0e!" +
		"f\x02f\x00\x06\x01\x0c\x00%\x00\x97\x01\x00\x1b\x119\x03$\x00_\x00\x0c\x00$\x00\x95\x01\x02A\x033" +
		"\x00d\x04\x09\x02\x80\x01\x01\xb0\x9e\x01\x00\x81\x06\x0f\x8e\x02\x00\x01\x00/\x00-\x01C\x00\xfc\x05" +
		"\x00\x9f\x09\x05\x01)\x01\x08\xfd\x04\x02\x04\x00\xa5\x01\x01\xbb\x04\x05&\x00\x1a\x04\x8c\x03\x00" +
		"\x02\x02F\x0a1\x03\xc0\x01\x00)\x00H\x01x\x01>\x00L\x00\x09\x02h\x01\xb2\x01\x01P\x01\x10\x00\x18" +
		"\x06\x03\x04Y\x02\x01\x01\x0d\x01_\x00\x03\x00{\x01\xfb\x01\x01~\x00v\x01s\x00\x8d\x02\x01\x82\x02" +
		"\x01\x04\x00\x9c\x01\x00S\x00\x12\x00Q\x00\xa5\x03\x00\x82\x02\x00\x01\x01Q\x00A\x00\xe7\x02\x01\x17" +
		"\x00\xec)\x0e\xd9Y\x00\xc0\x13\x04;\x06\xb4\x04\x01\xa2\x04\x10P\x01\xfe\x7f\x03\x01\x06\x01\x01\x81" +
		">-\x02\x16\xa0\x04\x02\x03\x05\x08\x07\x02\x06\x1e\x03\x82\x1d=\xc2\x01\x06\xf7\x02\x00=\x03\xfe\x05" +
		"\x01\xe0\x05\x06m\x02\x01\x02"},
	{"Emoji", "#\x00\x06\x00\x05\x09o\x00\x04\x00\x8d?\x00\x0c\x00\xd8\x01\x00\x16\x00Z\x05\x0f\x01\xef\x02\x01\x0c" +
		"\x00\xa6\x01\x00\x19\x0a\x04\x02\xc7\x01\x00\xe7\x01\x01\x0a\x00\x09\x00:\x03\x01\x04\x09\x00\x02" +
		"\x00\x02\x01\x02\x00\x04\x00\x02\x00\x01\x01\x02\x00\x03\x00\x03\x01\x08\x02\x05\x00\x01\x00\x05\x0b" +
		"\x0b\x01\x02\x00\x01\x01\x01\x00\x12\x00\x02\x01\x12\x05\x01\x00\x01\x01\x03\x01\x05\x00\x02\x01\x04" +
		"\x01\x0b\x01\x05\x01\x02\x00\x05\x01\x01\x00\x01\x01\x14\x01\x05\x05\x01\x03\x02\x00\x04\x00\x02\x00" +
		"\x02\x05\x01\x00\x02\x00\x01\x00\x01\x00\x06\x00\x03\x00\x06\x00\x0a\x01\x0f\x00\x02\x00\x04\x00\x01" +
		"\x00\x04\x02\x01\x00\x0b\x010\x02\x09\x00\x0e\x00\x0e\x00\xf4\x02\x01\xcf\x03\x02\x13\x013\x00\x04" +
		"\x00\xda\x09\x00\x0c\x00\xd9\x04\x00\x01\x00\xea\xfa\x06\x00\xca\x01\x00\xa0\x01\x01\x0c\x01\x0e\x00" +
		"\x02\x09K\x19\x01\x01\x17\x00\x14\x00\x02\x08\x15\x01\xae\x01!\x02o\x02\x01\x01\x02\x02R\x02\x02\x01" +
		"\x86\x02\x01>\x0b\x05\x01\x17\x07\x01\x02\x07\x0c\x00\x02\x03\x02\x00\x04\x01\x0d\x01\x02\x00\x08" +
		"\x01\x09\x00\x05\x02\x0c\x02\x08\x02\x02\x00\x01\x00\x04\x00\x06\x00\x03\x00\x06U0E\x05\x07\x02\x03" +
		"\x03\x09\x03\x00\x01\x01\x03\x00\x02\x09\xe3\x01\x0b\x04\x00\x9b\x02.\x01\x09\x01\xb8\x01p\x0c\x03" +
		"\x0a\x038\x01\x00\x04\x0f\x02\x0b\x04\x09"},
	{"Emoji_Component", "#\x00\x06\x00\x05\x09\xd3?\x00\xd5\x01\x00\xab\xba\x03\x00\xd6\xe7\x03\x19\xfb\x03\x04\xb0\x0b\x03" +
		"\xec\x8c0_"},
	{"Emoji_Modifier", "\xfb\xe7\x07\x04"},
	{"Emoji_Modifier_Base", "\x9dL\x00\xdb\x01\x00\x10\x03\xf7\x98\x07\x00<\x02\x02\x00\x02\x02u\x01\x02\x0a\x15\x12\x03\x00\x04" +
		"\x02\x01\x02\x07\x00\x01\x00\x18\x00\xc9\x01\x01\x04\x00\x15\x00\x04\x01\xae\x01\x02\x03\x04S\x00" +
		"\x10\x02\x09\x00\x0b\x00\xbf\x04\x00\x02\x00\x08\x07\x06\x00\x09\x09\x02\x028\x00=\x01\x01\x01\x01" +
		"\x00\x11\x02\x01\x0c\xe5\x01\x02*\x08"},
	{"Emoji_Presentation", "\x9aF\x01\xcd\x01\x03\x03\x00\x02\x00\x89\x04\x01\x15\x012\x0b+\x00\x13\x00\x0d\x00\x08\x01\x11\x01" +
		"\x05\x01\x08\x00\x05\x00\x15\x00\x07\x01\x01\x00\x04\x00\x02\x00\x07\x00\x04\x01\x1c\x00#\x00\x01" +
		"\x00\x04\x02\x01\x00=\x02\x18\x00\x0e\x00\xdb\x06\x013\x00\x04\x00\xae\x89\x07\x00\xca\x01\x00\xbe" +
		"\x01\x00\x02\x09K\x19\x01\x00\x18\x00\x14\x00\x02\x04\x01\x02\x15\x01\xae\x01 \x0c\x08\x01E\x01\x15" +
		"\x0c*\x04\x04\x0c\x10\x03\x00\x03F\x01\x00\x01\xba\x01\x02>\x0d\x03\x01\x17\x12\x00\x1a\x01\x0d\x00V" +
		"T0E\x06\x00\x03\x02\x02\x03\x03\x03\x0b\x01\x07\x08\xe3\x01\x0b\x04\x00\x9b\x02.\x01\x09\x01\xb8\x01" +
		"p\x0c\x03\x0a\x038\x01\x00\x04\x0f\x02\x0b\x04\x09"},
	{"Extended_Pictographic", "\xa9\x01\x00\x04\x00\x8d?\x00\x0c\x00\xd8\x01\x00\x16\x00Z\x05\x0f\x01\xef\x02\x01\x0c\x00\xa6\x01" +
		"\x00\x19\x0a\x04\x02\xc7\x01\x00\xe7\x01\x01\x0a\x00\x09\x00:\x03\x01\x04\x09\x00\x02\x00\x02\x01" +
		"\x02\x00\x04\x00\x02\x00\x01\x01\x02\x00\x03\x00\x03\x01\x08\x02\x05\x00\x01\x00\x05\x0b\x0b\x01\x02" +
		"\x00\x01\x01\x01\x00\x12\x00\x02\x01\x12\x05\x01\x00\x01\x01\x03\x01\x05\x00\x02\x01\x04\x01\x0b\x01" +
		"\x05\x01\x02\x00\x05\x01\x01\x00\x01\x01\x14\x01\x05\x05\x01\x03\x02\x00\x04\x00\x02\x00\x02\x05\x01" +
		"\x00\x02\x00\x01\x00\x01\x00\x06\x00\x03\x00\x06\x00\x0a\x01\x0f\x00\x02\x00\x04\x00\x01\x00\x04\x02" +
		"\x01\x00\x0b\x010\x02\x09\x00\x0e\x00\x0e\x00\xf4\x02\x01\xcf\x03\x02\x13\x013\x00\x04\x00\xda\x09" +
		"\x00\x0c\x00\xd9\x04\x00\x01\x00\xea\xfa\x06\x00'\x03d\x0b\x0f\x01\x0f\x00\x0e\x01%\x09p\x01\x0c\x01" +
		"\x0e\x00\x02\x09\x137\x1b\x0e\x0a\x00\x14\x00\x02\x08\x01\x03\x09\x16\x06\xbb\x01\x02o\x02\x01\x01" +
		"\x02\x02R\x02\x02\x01\x03\x05\xfd\x01\x01>\x0b\x05\x01\x17\x07\x01\x02\x07\x0c\x00\x02\x03\x02\x00" +
		"\x04\x01\x0d\x01\x02\x00\x08\x01\x09\x00\x05\x02\x0c\x02\x08\x02\x02\x00\x01\x00\x04\x00\x06\x00\x03" +
		"\x00\x06U0E\x05\x07\x02\x10\x03\x00\x01\x05\x02\x0c\xda\x01%\x0c\x038\x07\x0a\x05(\x07\x1e\x01\x0c" +
		"\x03\x02\x0d\x09&\x0c.\x01\x09\x01\xb8\x01X\x07\x0e\x91\x01\x80\x02\xfd\x07"},
	{"Extender", "\xb7\x01\x00\x98\x04\x01\xee\x06\x00\xb9\x03\x00\xf6\x04\x00\x89\x01\x00Y\x00\xf0\x05\x00\x7f\x00" +
		"\xc3\x12\x008\x00\xe3\x04\x00\x8e\x03\x00D\x00\x89'\x00+\x04g\x01]\x02\x96\xde\x01\x00\xf6\x0b\x00" +
		"\xc2\x07\x00\x16\x00\x89\x01\x00l\x00\x15\x01\xfb\xa8\x01\x00\x90\x10\x01\xcb\x0b\x00\x1b\x00\x04" +
		"\x00\xc7\x09\x00\xa5\x02\x00t\x01\xf2\x03\x02\xcf\x09\x00\xc0\x06\x00\xe8\x9a\x01\x01\x9c\x09\x01" +
		"\x01\x00\x0e\x01\xc8\xe2\x01\x01\xb1\x09\x00\xd4\x06\x02"},
	{"Grapheme_Base", " ^!\x0c\x01\xd1\x04p\x07\x02\x05\x04\x06\x01\x00\x01\x13\x01\xdf\x01\x07\xa5\x01\x01%\x021\x02\x02." +
		"\x00\x01\x00\x02\x00\x02\x00\x09\x1a\x04\x05\x11\x09\x0b\x00\x01-\x15\x0f\x01d\x08\x00\x06\x01\x02" +
		"\x00\x04\x1f\x02\x00\x01\x1d\x1dX\x0b\x00\x0e*\x09\x06\x03\x17\x04\x00\x09\x00\x03\x00\x07\x0e\x01" +
		"\x18\x05\x00\x01\x0a\x05\x1f\x10)96\x01\x00\x01\x03\x08\x03\x01\x02\x07\x09\x02\x1c\x01\x01\x01\x07" +
		"\x02\x01\x02\x15\x01\x06\x01\x00\x03\x03\x03\x00\x01\x01\x06\x01\x02\x01\x01\x00\x0d\x01\x01\x02\x04" +
		"\x17\x05\x00\x01\x05\x04\x01\x02\x15\x01\x06\x01\x01\x01\x01\x01\x01\x04\x02\x18\x03\x01\x00\x07\x09" +
		"\x02\x02\x01\x00\x0c\x00\x01\x08\x01\x02\x01\x15\x01\x06\x01\x01\x01\x04\x03\x03\x08\x00\x01\x01\x03" +
		"\x00\x0f\x01\x04\x0b\x07\x00\x08\x01\x01\x07\x02\x01\x02\x15\x01\x06\x01\x01\x01\x04\x03\x00\x02\x00" +
		"\x06\x01\x02\x01\x0f\x01\x01\x02\x04\x11\x0b\x00\x01\x05\x03\x02\x01\x03\x03\x01\x01\x00\x01\x01\x03" +
		"\x01\x03\x02\x03\x0b\x05\x00\x01\x01\x03\x02\x01\x02\x03\x00\x15\x14\x06\x02\x01\x07\x01\x02\x01\x16" +
		"\x01\x0f\x03\x00\x03\x03\x13\x02\x01\x01\x02\x01\x04\x09\x07\x09\x01\x0a\x01\x02\x01\x16\x01\x09\x01" +
		"\x04\x03\x01\x02\x00\x01\x01\x17\x02\x01\x01\x04\x09\x01\x02\x0e\x0a\x01\x02\x01(\x02\x00\x01\x01" +
		"\x05\x02\x01\x02\x01\x01\x04\x02\x01\x09\x04\x19\x02\x01\x01\x11\x03\x17\x01\x08\x01\x00\x02\x06\x09" +
		"\x01\x06\x06\x07\x09\x02\x02\x0c/\x01\x01\x0b\x07\x08\x0c%\x01\x01\x00\x01\x04\x01\x17\x01\x00\x01" +
		"\x09\x01\x01\x09\x00\x02\x04\x01\x00\x09\x09\x02\x03 \x17\x02\x1a\x01\x00\x01\x00\x01\x0d\x01#\x12" +
		"\x00\x05\x00\x02\x041\x07\x01\x05\x01\x0c%,\x04\x00\x06\x00\x02\x01\x02\x18\x02\x03\x03\x0f\x04\x0c" +
		"\x01\x01\x02\x05\x01\x0e\x01'\x01\x00\x05\x00\x02\xf8\x02\x01\x03\x02\x06\x01\x00\x01\x03\x02(\x01" +
		"\x03\x02 \x01\x03\x02\x06\x01\x00\x01\x03\x02\x0e\x018\x01\x03\x02B\x05\x1c\x03\x19\x06U\x02\x05\x02" +
		"\x9c\x05\x03X\x07\x11\x0d\x12\x03\x01\x09\x11\x0e\x0c\x01\x02\x0f3\x02\x00\x07\x07\x01\x01\x0b\x08" +
		"\x03\x09\x06\x09\x06\x0a\x05\x09\x06X\x07\x04\x02!\x01\x00\x05E\x0a\x1e\x04\x03\x02\x02\x04\x01\x01" +
		"\x05\x07\x00\x03)\x02\x04\x0b+\x04\x19\x06\x0a\x038\x02\x01\x037\x01\x00\x09\x00\x01\x01\x08\x05\x0d" +
		"\x09\x06\x09\x06\x0dV/\x0a\x03\x03\x07\x01\x1c\x09\x0b\x02\x1f\x04\x01\x067\x01\x00\x02\x02\x01\x00" +
		"\x0d/\x08\x01\x05\x0e\x03=\x05*\x02\x0a\x0b\x00\x0d\x00\x07\x03\x01\x05\x01\x02\x02\x00\x05\xbf\x01@" +
		"\x95\x02\x02\x05\x02%\x02\x05\x02\x07\x01\x00\x01\x00\x01\x00\x01\x1e\x024\x01\x0e\x01\x0d\x02\x05" +
		"\x01\x12\x02\x02\x01\x08\x01\x0a\x05\x17\x070\x10\x01\x02\x1a\x01\x0c\x03!>\x8b\x01\x04\x99\x05\x16" +
		"\x0a\x15\x93\x0e\x02\xf8\x02\x03\x01\x05,\x01\x00\x05\x00\x027\x07\x01\x0f\x16\x09\x06\x01\x06\x01" +
		"\x06\x01\x06\x01\x06\x01\x06\x01\x06\x01\x06!]\"\x19\x01X\x0c\xd5\x01\x1a9\x06\x0f\x01U\x04d\x05*" +
		"\x01]\x01U\x09/\x01\xec\xe4\x01\x036\x09\xdb\x02\x14.\x04\x00\x0a\x1f\x02O\x02\x05\x08\xdc\x01\x14" +
		"\x10\x01\x02\x01\x03\x01\x18\x02\x04\x04\x09\x067\x08C\x0a\x0b\x18\x0c\x01%\x08\x18\x0b\x00\x0c\x1d" +
		"\x06/\x01\x01\x04\x01\x02\x01\x01\x0c\x01\x0a\x04\x06\x01\x18\x01(\x06\x01\x02\x01\x0b\x02\x01\x07" +
		"\x01\x00\x02\x09\x02\x1f\x012\x01\x00\x03\x01\x02\x04\x02\x00\x01\x00\x18\x10\x02\x07\x0b\x05\x02" +
		"\x05\x02\x05\x09\x06\x01\x06\x01;\x04t\x01\x01\x01\x03\x03\x09\x06\xa3W\x0c\x16\x040\x84B\xed\x02" +
		"\x02i&\x06\x0c\x04\x05\x00\x01\x17\x01\x04\x01\x00\x01\x01\x01\x01\x01\x89\x05 \x0f\x10\x09\x16\"" +
		"\x01\x12\x01\x03\x04\x04\x01\x86\x01\x04\x9c\x01\x02\x1e\x03\x05\x02\x05\x02\x05\x02\x02\x03\x06\x01" +
		"\x06\x0d\x01\x02\x0b\x01\x19\x01\x12\x01\x01\x01\x0e\x02\x0d\"z\x05\x02\x04,\x03W\x01\x0c\x03\x00/," +
		"\x83\x01\x1c\x030\x10\x1a\x04#\x09\x1d\x05%\x0a\x1d\x01$\x04\x0d*\x9d\x01\x02\x09\x06#\x04#\x04'\x08" +
		"3\x0b\x0b\x01\x0e\x01\x06\x01\x01\x01\x0a\x01\x0e\x01\x06\x01\x01\x033\x0c\xb6\x02\x09\x15\x0a\x07" +
		"\x18\x05\x01)\x01\x08E\x05\x02\x00\x01+\x01\x01\x03\x00\x02\x16\x01G\x08\x080\x12\x01\x01\x05 \x03" +
		"\x1a\x05\x1a&7\x04\x13\x02.\x0f\x03\x01\x02\x01\x1c\x0a\x08\x07\x08\x07? $\x06\x0b\x095\x03\x1c\x02" +
		"\x1a\x05\x19\x07\x03\x0c\x06PH72\x0d2\x07)\x0c\x09\x06%\x08\x17\x08\x01\xd0\x01\x1e\x01)\x03\x00\x02" +
		"\x01\x10\x05\x08\x08''\x08\x15\x0b\x08\x16\x11\x04\x03&\x1b\x14\x16\x09\x00\x015\x0f\x06\x04\x1d\x01" +
		"\x01\x02\x00\x0c0\x04\x01\x02\x01\x01\x03\x0e\x18\x07\x09\x09#\x05\x00\x09\x11\x08\"\x01\x02\x0b3" +
		"\x09\x00\x01\x07\x04\x01\x01\x0f\x01\x13\x0b\x11\x01\x1b\x03\x01\x04\x05\x01\x01?\x06\x01\x00\x01" +
		"\x03\x01\x0e\x01\x0a\x06.\x01\x02\x0d\x09\x08\x01\x01\x07\x02\x01\x02\x15\x01\x06\x01\x01\x01\x04" +
		"\x03\x00\x01\x00\x01\x03\x02\x01\x02\x01\x03\x00\x0c\x06\x1c\x09\x01\x00\x02\x00\x01%\x01\x00\x01" +
		"\x01\x0f\x00\x01\x01\x03\x00\x01\x02\x01\x01'7\x08\x01\x03\x00\x01\x14\x01\x00\x01\x02\x1e/\x01\x01" +
		"\x06\x00\x01\x01\x01\x00\x02\x00\x02\x03\x08\x09\xa6\x01.\x01\x01\x06\x03\x02\x00\x02\x1a$2\x08\x01" +
		"\x01\x00\x02\x03\x0b\x09\x06\x0c\x13*\x01\x00\x01\x01\x08\x01\x06\x09\x06\x13\x1c\x1a\x03\x00\x01" +
		"\x01\x04\x00\x09\x16\xb9\x01.\x09\x00\x02\x00dR\x0c\x07\x02\x00\x02\x07\x01\x01\x01\x17\x01\x04\x01" +
		"\x01\x06\x03\x01\x02\x09\x09F\x07\x02)\x08\x03\x01\x03\x1b\x00\x0a'\x06\x01\x04\x07\x09\x00\x06\x01" +
		"\x03-\x0d\x00\x02\x08\x0dH\x07\x09W\x00\x03\x00\x01\x00X!\x0e\x09\x06\x08\x01%\x0e\x00\x01\x05\x0a" +
		"\x1c\x03\x1f\x19\x00\x07\x00\x02\x00K\x06\x01\x01\x01%\x15\x00\x09\x09\x06\x05\x01\x01\x01$\x04\x01" +
		"\x01\x00\x01\x00\x07\x09\x06+\x04\x09\xf6\x01\x12\x02\x03\x09\x0e\x01#\x08\x01\x03\x16V\x00\x0f1\x0d" +
		"\x9a\x07fn\x01\x04\x0b\xc3\x01\xcc\x14b\x0d\xaf\x08\x11\x05\x19\x9a\x1f\x05\xc6\x04\xb95\x1d\x0c\x02" +
		"\x03\x09\xc6\x0d\xb8\x04\x07\x1e\x01\x09\x04P\x01\x09\x06\x1d\x07\x00\x0a/\x07\x0e\x0a\x09\x01\x06" +
		"\x01\x14\x05\x12\xb0\x039\xc6\x01Z\x05\x18\x02\x18,J\x057\x0b\x0c@\x03\x0e\x04\x09\xd59)\x1far\xfdC" +
		"\x03\x01\x06\x01\x01\x01\xa2\x02\x0f\x00\x1d\x02\x02\x00\x0e\x03\x08\x8b\x03\x84\x12j\x05\x0c\x03" +
		"\x08\x07\x09\x02\x00\x02\x00\xe0\x1e\xfc\x01\x03\xb3\x03\x06\x16\x0f\x10_s<\xf5\x01\x0a&\x02;\x05" +
		"\x02\x16\x01\x07\x1d\x04<\x15A\x03\x00z\x13\x0c\x13\x0cV\x09\x18\x87\x01T\x01F\x01\x01\x02\x00\x02" +
		"\x01\x02\x03\x01\x0b\x01\x00\x01\x06\x01@\x01\x03\x02\x07\x01\x06\x01\x1b\x01\x03\x01\x04\x01\x00" +
		"\x03\x06\x01\xd3\x02\x02\xa3\x02\x02\xb1\x047\x032\x07\x01\x0d\x01\x06\xf4\x08\x1e\x06\x05\x85\x02=" +
		"\x92\x01,\x0a\x06\x02\x09\x04\x01\xc0\x02\x1d\x12+\x04\x09\x05\x00\xd0\x03\x1b\x04\x09\xd6\x01\x1d" +
		"\x02\x0a\x04\x00\xc0\x01\x1e\x01\x02\x01\x01\x01\x06\x02\x04\x09\x01\xe0\x01\x06\x01\x03\x01\x01\x01" +
		"\x0e\x01\xc4\x01\x02\x080C\x07\x00\x04\x09\x04\x01\x91\x06CL<\xc2\x01\x03\x01\x1a\x01\x01\x01\x00" +
		"\x02\x00\x01\x09\x01\x03\x01\x00\x01\x00\x06\x00\x04\x00\x01\x00\x01\x00\x01\x02\x01\x01\x01\x00\x02" +
		"\x00\x01\x00\x01\x00\x01\x00\x01\x00\x01\x01\x01\x00\x02\x03\x01\x06\x01\x03\x01\x03\x01\x00\x01\x09" +
		"\x01\x10\x05\x02\x01\x04\x01\x104\x01\x8e\x02+\x04c\x0c\x0e\x02\x0e\x01\x0e\x01$\x0a\xad\x018\x1c" +
		"\x0d+\x04\x08\x07\x01\x0e\x05\x9a\x01\xd8\x07\x03\x10\x03\x0c\x03\xd9\x01\x06\x0b\x04\x00\x0f\x0b" +
		"\x047\x08\x09\x06'\x08\x1d\x02\x0b\x04\x01\x0e\x08'\xd7\x02\x08\x0d\x02\x0c\x03\x0a\x038\x01\x00\x04" +
		"\x0f\x02\x0b\x04\x09\x07\x92\x01\x01f\x85\x08\xdf\xcd\x02 \x9d\"\x02\x8d-\x02\xb0:\x0f\xed\x04\xa2" +
		"\x13\x9d\x04\xe2\x0b\xca&\x05\xa9B"},
	{"Grapheme_Extend", "\x80\x06o\x93\x02\x06\x87\x02,\x01\x00\x01\x01\x01\x01\x01\x00H\x0a0\x14\x10\x00e\x06\x02\x05\x02" +
		"\x01\x01\x03#\x00\x1e\x1a[\x0a:\x08\x09\x00\x18\x03\x01\x08\x01\x02\x01\x04+\x02;\x08*\x17\x01\x1f7" +
		"\x00\x01\x00\x04\x07\x04\x00\x03\x06\x0a\x01\x1d\x00:\x00\x01\x00\x02\x03\x08\x00\x09\x00\x0a\x01" +
		"\x1a\x00\x02\x019\x00\x04\x01\x04\x01\x02\x02\x03\x00\x1e\x01\x03\x00\x0b\x019\x00\x04\x04\x01\x01" +
		"\x04\x00\x14\x01\x16\x05\x01\x00:\x00\x01\x01\x01\x03\x08\x00\x07\x02\x0a\x01\x1e\x00;\x00\x01\x00" +
		"\x0c\x00\x09\x00(\x00\x03\x007\x00\x01\x02\x05\x02\x01\x03\x07\x01\x0b\x01\x1d\x00:\x00\x02\x01\x01" +
		"\x00\x03\x02\x01\x03\x07\x01\x0b\x01\x1c\x019\x01\x01\x00\x02\x03\x08\x00\x09\x00\x0a\x01\x1d\x00H" +
		"\x00\x04\x00\x02\x02\x01\x00\x08\x00Q\x00\x02\x06\x0c\x07b\x00\x02\x08\x0b\x06I\x01\x1b\x00\x01\x00" +
		"\x01\x007\x0d\x01\x04\x01\x01\x05\x0a\x01#\x09\x00f\x03\x01\x05\x01\x01\x02\x01\x19\x01\x04\x02\x10" +
		"\x03\x0d\x00\x02\x01\x06\x00\x0f\x00\xbf\x05\x02\xb2\x07\x03\x1c\x02\x1d\x01\x1e\x01@\x01\x01\x06" +
		"\x08\x00\x02\x0a\x09\x00-\x02\x01\x00u\x01\"\x00v\x02\x04\x01\x09\x00\x06\x02\xdb\x01\x01\x02\x00:" +
		"\x00\x01\x06\x01\x00\x01\x00\x02\x07\x06\x09\x02\x000-\x02\x0b\x14\x030\x09\x04\x02&\x08\x0c\x01 " +
		"\x03\x02\x058\x00\x01\x01\x03\x00\x01\x048\x07\x02\x01\x98\x01\x02\x01\x0c\x01\x06\x04\x00\x06\x00" +
		"\x03\x01\xc6\x01?\x8c\x04\x00\xc3\x01 \xfe\x17\x02\x8d\x01\x00`\x1f\xaa\x04\x05i\x01\xd4\xeb\x01\x03" +
		"\x01\x09 \x01P\x01\x90\x02\x00\x03\x00\x04\x00\x19\x01\x05\x00\x97\x01\x01\x1a\x11\x0d\x00&\x07\x19" +
		"\x0a\x01\x00,\x020\x00\x02\x03\x02\x01\x02\x00$\x00C\x05\x02\x01\x02\x01\x0c\x00\x08\x00/\x003\x00" +
		"\x01\x02\x02\x01\x05\x01\x01\x00*\x01\x08\x00\xee\x01\x00\x02\x00\x04\x00\xb0\x9e\x01\x00\xe1\x05" +
		"\x0f\x10\x0f\xee\x02\x01\xdd\x04\x00\xe2\x01\x00\x95\x01\x04\x86\x0d\x02\x01\x01\x05\x03(\x02\x04" +
		"\x00\xa5\x01\x01\xbd\x04\x03A\x04\xbd\x02\x01M\x05F\x0a1\x03{\x006\x0e)\x00\x02\x01\x0a\x021\x03\x02" +
		"\x01\x07\x00=\x02$\x04\x01\x07>\x00\x0c\x014\x08\x01\x00\x08\x03\x02\x00_\x02\x02\x03\x06\x00\x02" +
		"\x00\x9d\x01\x00\x03\x07\x15\x019\x01\x01\x00\x01\x00\x0c\x00\x09\x00\x0e\x06\x03\x04C\x00\x02\x05" +
		"\x01\x00\x02\x00\x01\x02\x04\x02\x01\x00\x0e\x01U\x07\x02\x02\x01\x00\x17\x00Q\x00\x02\x05\x01\x00" +
		"\x02\x00\x01\x01\x01\x01\xeb\x01\x00\x02\x03\x06\x01\x01\x01\x1b\x01U\x07\x02\x00\x01\x01j\x00\x01" +
		"\x00\x02\x07e\x00\x01\x00\x02\x03\x01\x04\x83\x02\x08\x01\x01\xf5\x01\x00\x0a\x03\x04\x00\x90\x01" +
		"\x03\x02\x01\x04\x00 \x09(\x05\x02\x03\x08\x00\x09\x05\x02\x02.\x0c\x01\x01\xc6\x01\x00\x01\x02\x01" +
		"\x00\xc9\x01\x06\x01\x05\x01\x00R\x15\x02\x06\x01\x01\x01\x01z\x05\x03\x00\x01\x01\x01\x06\x01\x00H" +
		"\x01\x03\x00\x01\x00\xdb\x02\x01\x0b\x014\x04\x05\x02\x17\x00\xe5)\x00\x06\x0e\xc8Y\x0b\x03\x02\xc0" +
		"\x13\x04;\x06\x98\x08\x00?\x03Q\x00\x0b\x01\xab\x99\x01\x01\xe1$-\x02\x16\x9e\x04\x04\x03\x05\x08" +
		"\x07\x02\x06\x1e\x03\x94\x01\x02\xbb\x0f6\x041\x08\x00\x0e\x00\x16\x04\x01\x0e\xd0\x0a\x06\x01\x10" +
		"\x02\x06\x01\x01\x01\x04d\x00\xa0\x01\x06\xf7\x02\x00=\x03\xfc\x03\x03\xfe\x01\x01\xf3\x01\x00\x02" +
		"\x00\x07\x01\x05\x00\xda\x03\x06m\x06\xd5\xad0_\x80\x01\xef\x01"},
	{"Hex_Digit", "0\x09\x07\x05\x1a\x05\xa9\xfd\x03\x09\x07\x05\x1a\x05"},
	{"IDS_Binary_Operator", "\xf0_\x01\x02\x09\xf1\x03\x00"},
	{"IDS_Trinary_Operator", "\xf2_\x01"},
	{"ID_Continue", "0\x09\x07\x19\x04\x00\x01\x19/\x00\x0a\x00\x01\x00\x02\x00\x05\x16\x01\x1e\x01\xc9\x03\x04\x0b\x0e" +
		"\x04\x07\x00\x01\x00\x11t\x01\x01\x02\x03\x01\x00\x06\x04\x01\x00\x01\x13\x01R\x01\x8a\x01\x01\x04" +
		"\x02\xa5\x01\x01%\x02\x00\x06(\x08,\x01\x00\x01\x01\x01\x01\x01\x00\x08\x1a\x04\x03\x1d\x0a\x05I\x04" +
		"e\x01\x07\x02\x09\x01\x12\x02\x00\x10:\x02d\x0e5\x04\x00\x02\x00\x02-\x12\x1b\x04\x0a\x05\x17\x01" +
		"\x06\x07J\x01\x80\x01\x02\x09\x01\x12\x01\x07\x02\x01\x02\x15\x01\x06\x01\x00\x03\x03\x02\x08\x02" +
		"\x01\x02\x03\x08\x00\x04\x01\x01\x04\x02\x0b\x0a\x00\x01\x00\x02\x02\x01\x05\x04\x01\x02\x15\x01\x06" +
		"\x01\x01\x01\x01\x01\x01\x02\x00\x01\x04\x04\x01\x02\x02\x03\x00\x07\x03\x01\x00\x07\x0f\x0b\x02\x01" +
		"\x08\x01\x02\x01\x15\x01\x06\x01\x01\x01\x04\x02\x09\x01\x02\x01\x02\x02\x00\x0f\x03\x02\x09\x09\x06" +
		"\x01\x02\x01\x07\x02\x01\x02\x15\x01\x06\x01\x01\x01\x04\x02\x08\x02\x01\x02\x02\x07\x02\x04\x01\x01" +
		"\x04\x02\x09\x01\x00\x10\x01\x01\x05\x03\x02\x01\x03\x03\x01\x01\x00\x01\x01\x03\x01\x03\x02\x03\x0b" +
		"\x04\x04\x03\x02\x01\x03\x02\x00\x06\x00\x0e\x09\x10\x0c\x01\x02\x01\x16\x01\x0f\x02\x08\x01\x02\x01" +
		"\x03\x07\x01\x01\x02\x01\x01\x02\x03\x02\x09\x10\x03\x01\x07\x01\x02\x01\x16\x01\x09\x01\x04\x02\x08" +
		"\x01\x02\x01\x03\x07\x01\x05\x02\x01\x03\x02\x09\x01\x02\x0c\x0c\x01\x02\x012\x01\x02\x01\x04\x05" +
		"\x03\x07\x04\x02\x09\x0a\x05\x01\x02\x01\x11\x03\x17\x01\x08\x01\x00\x02\x06\x03\x00\x04\x05\x01\x00" +
		"\x01\x07\x06\x09\x02\x01\x0d9\x05\x0e\x01\x09'\x01\x01\x00\x01\x04\x01\x17\x01\x00\x01\x16\x02\x04" +
		"\x01\x00\x01\x06\x01\x09\x02\x03 \x00\x17\x01\x06\x09\x0b\x00\x01\x00\x01\x00\x04\x09\x01#\x04\x13" +
		"\x01\x11\x01#\x09\x009I\x06M\x02%\x01\x00\x05\x00\x02*\x01\xcc\x02\x01\x03\x02\x06\x01\x00\x01\x03" +
		"\x02(\x01\x03\x02 \x01\x03\x02\x06\x01\x00\x01\x03\x02\x0e\x018\x01\x03\x02B\x02\x02\x09\x08\x0e\x0f" +
		"\x10U\x02\x05\x03\xeb\x04\x02\x10\x01\x19\x05J\x03\x0a\x07\x15\x09\x15\x0b\x13\x0c\x0c\x01\x02\x01" +
		"\x01\x0cS\x03\x00\x04\x01\x02\x09!\x02\x01\x0a\x06X\x07*\x05E\x0a\x1e\x01\x0b\x04\x0b\x0a'\x02\x04" +
		"\x0b+\x04\x19\x06\x0a%\x1b\x04>\x01\x1c\x02\x0a\x06\x09\x0d\x00\x08\x0d\x01\x1e\x02\x0b\x14L\x03\x09" +
		"\x11\x08\x0cs\x0c7\x08\x09\x030\x02\x0a\x05*\x02\x02\x10\x02\x01&\x05\x95\x04\x02\x05\x02%\x02\x05" +
		"\x02\x07\x01\x00\x01\x00\x01\x00\x01\x1e\x024\x01\x06\x01\x00\x03\x02\x01\x06\x03\x03\x02\x05\x04" +
		"\x0c\x05\x02\x01\x06\x0f\x011\x01\x13\x00\x1c\x00\x0d\x00\x10\x0c3\x0c\x04\x00\x03\x0b\x11\x00\x04" +
		"\x00\x02\x09\x01\x00\x02\x05\x06\x00\x01\x00\x01\x00\x01\x0f\x02\x03\x05\x04\x04\x00\x11(\xf7\x14" +
		"\xe4\x01\x06\x08\x0c%\x01\x00\x05\x00\x027\x07\x00\x0f\x17\x09\x06\x01\x06\x01\x06\x01\x06\x01\x06" +
		"\x01\x06\x01\x06\x01\x06\x01\x1f\x85\x04\x02\x19\x0e\x01\x04\x02\x04\x04U\x02\x06\x01^\x05*\x01]\x11" +
		"\x1f0\x0f\x80\x04\xbf3@\x8c\xad\x01C-\x02\x8c\x02\x03\x1b\x14/\x04\x09\x01r%\x08\x02f\x02Q\x146\x04" +
		"\x00\x133\x0cE\x0a\x09\x06\x17\x03\x00\x010\x02#\x0c\x1c\x03@\x0e\x0a\x06\x1e\x016\x09\x0d\x02\x09" +
		"\x06\x16\x03H\x18\x02\x02\x0f\x02\x04\x0a\x05\x02\x05\x02\x05\x09\x06\x01\x06\x01*\x01\x0d\x06z\x01" +
		"\x01\x02\x09\x06\xa3W\x0c\x16\x040\x84B\xed\x02\x02i&\x06\x0c\x04\x05\x0b\x01\x0c\x01\x04\x01\x00" +
		"\x01\x01\x01\x01\x01k!\xea\x02\x12?\x025(\x0b\x04\x0f\x10\x0f\x03\x01\x18\x02 \x04\x01\x86\x01\x13" +
		"\x09\x07\x19\x04\x00\x01\x19\x0aY\x03\x05\x02\x05\x02\x05\x02\x02#\x0b\x01\x19\x01\x12\x01\x01\x01" +
		"\x0e\x02\x0d\"zE4\x88\x01\x00\x82\x01\x1c\x030\x0f\x00\x1f\x1f\x0d\x1d\x05*\x05\x1d\x02#\x04\x07\x01" +
		"\x04*\x9d\x01\x02\x09\x06#\x04#\x04'\x083\x0c\x0a\x01\x0e\x01\x06\x01\x01\x01\x0a\x01\x0e\x01\x06" +
		"\x01\x01\x033\x0c\xb6\x02\x09\x15\x0a\x07\x18\x05\x01)\x01\x08E\x05\x02\x00\x01+\x01\x01\x03\x00\x02" +
		"\x16\x0a\x16\x09\x1eA\x12\x01\x01\x0a\x15\x0a\x19\x06\x19&7\x06\x01@\x03\x01\x01\x05\x07\x01\x02\x01" +
		"\x1c\x02\x02\x04\x00 \x1c\x03\x1c#\x07\x01\x1d\x195\x0a\x15\x0a\x12\x0d\x11nH72\x0d2\x0d'\x08\x09" +
		"\x06%\x03\x04\x01\x16\xfa\x01)\x01\x01\x03\x01\x10\x052\"\x0a\x00\x08 \x1f\x15*\x14\x1b\x16\x09F\x1f" +
		"\x0f\x09;\x07\x00\x0d\x18\x07\x09\x064\x01\x09\x04\x03\x08#\x02\x00\x09D\x04\x03\x01\x0c\x01\x00#" +
		"\x11\x01$\x06\x03>\x06\x01\x00\x01\x03\x01\x0e\x01\x09\x07:\x05\x09\x06\x03\x01\x07\x02\x01\x02\x15" +
		"\x01\x06\x01\x01\x01\x04\x01\x09\x02\x01\x02\x02\x02\x00\x06\x00\x05\x06\x02\x06\x03\x04\x0b\x09\x01" +
		"\x00\x02\x00\x01%\x01\x09\x01\x00\x02\x00\x01\x03\x01\x07\x0d\x01\x1dJ\x05\x09\x04\x03\x1eE\x01\x00" +
		"\x08\x09\xa6\x015\x02\x08\x17\x05\"@\x03\x00\x0b\x09&8\x07\x09\x06\x13\x1c\x1a\x02\x0e\x04\x09\x06" +
		"\x06\xb9\x01:eI\x15\x07\x02\x00\x02\x07\x01\x01\x01\x1d\x01\x01\x02\x08\x0c\x09F\x07\x02-\x02\x07" +
		"\x01\x01\x1b>\x08\x00\x08I\x03\x00\x12Hg\x07X \x0f\x09\x06\x08\x01,\x01\x08\x0f\x09\x18\x1d\x02\x15" +
		"\x01\x0dI\x06\x01\x01\x01+\x03\x00\x01\x01\x01\x08\x08\x09\x06\x05\x01\x01\x01$\x01\x01\x01\x05\x07" +
		"\x09\x06+\x04\x09\xf6\x01\x16\x09\x10\x01(\x03\x04\x0d\x0aU\x00O\x99\x07fn\x11\xc3\x01\xcc\x14`\x0f" +
		"\xaf\x08\x10\x15\x0a\x9a\x1f\x05\xc6\x04\xb959\xc6\x0d\xb8\x04\x07\x1e\x01\x09\x06N\x01\x09\x06\x1d" +
		"\x02\x04\x0b6\x09\x03\x0c\x09\x09\x14\x05\x12\xb0\x03,\x03\x09\xc6\x01? \x18\x02\x18,J\x048\x07\x10@" +
		"\x01\x01\x01\x0b\x06\x09\xd59)\x1far\xfdC\x03\x01\x06\x01\x01\x01\xa2\x02\x0f\x00\x1d\x02\x02\x00" +
		"\x0e\x03\x08\x8b\x03\x84\x12j\x05\x0c\x03\x08\x07\x09\x03\x01\xd1 \x09\x86\x04-\x02\x16\x9e\x04\x04" +
		"\x03\x05\x08\x07\x02\x06\x1e\x03\x94\x01\x02\xbb\x03T\x01F\x01\x01\x02\x00\x02\x01\x02\x03\x01\x0b" +
		"\x01\x00\x01\x06\x01@\x01\x03\x02\x07\x01\x06\x01\x1b\x01\x03\x01\x04\x01\x00\x03\x06\x01\xd3\x02" +
		"\x02\x18\x01\x18\x01\x1e\x01\x18\x01\x1e\x01\x18\x01\x1e\x01\x18\x01\x1e\x01\x18\x01\x07\x021\x80" +
		"\x046\x041\x08\x00\x0e\x00\x16\x04\x01\x0e\xd0\x08\x1e\x06\x05\xd5\x01\x06\x01\x10\x02\x06\x01\x01" +
		"\x01\x04\x05=!\x00p,\x03\x0d\x02\x09\x04\x00\xc1\x02\x1e\x119\xd6\x03)\xd6\x01*\xc5\x01\x1e\x01\x15" +
		"\x08\x01\xe0\x01\x06\x01\x03\x01\x01\x01\x0e\x01\xc4\x01\x0b\x06)K\x04\x09\xa6\x09\x03\x01\x1a\x01" +
		"\x01\x01\x00\x02\x00\x01\x09\x01\x03\x01\x00\x01\x00\x06\x00\x04\x00\x01\x00\x01\x00\x01\x02\x01\x01" +
		"\x01\x00\x02\x00\x01\x00\x01\x00\x01\x00\x01\x00\x01\x01\x01\x00\x02\x03\x01\x06\x01\x03\x01\x03\x01" +
		"\x00\x01\x09\x01\x10\x05\x02\x01\x04\x01\x10\xb4\x1a\x09\x86\x08\xdf\xcd\x02 \x9d\"\x02\x8d-\x02\xb0" +
		":\x0f\xed\x04\xa2\x13\x9d\x04\xe2\x0b\xca&\x05\xa9B\x86\x99+\xef\x01"},
	{"ID_Start", "A\x19\x06\x19/\x00\x0a\x00\x04\x00\x05\x16\x01\x1e\x01\xc9\x03\x04\x0b\x0e\x04\x07\x00\x01\x00\x81" +
		"\x01\x04\x01\x01\x02\x03\x01\x00\x06\x00\x01\x02\x01\x00\x01\x13\x01R\x01\x8a\x01\x08\xa5\x01\x01%" +
		"\x02\x00\x06(G\x1a\x04\x03-*#\x01\x01b\x01\x00\x0f\x01\x07\x01\x0a\x02\x02\x00\x10\x00\x01\x1d\x1dX" +
		"\x0b\x00\x18 \x09\x01\x04\x00\x05\x15\x04\x00\x09\x00\x03\x00\x17\x18\x07\x0a\x05\x17\x01\x06\x10):5" +
		"\x03\x00\x12\x00\x07\x09\x0f\x0f\x04\x07\x02\x01\x02\x15\x01\x06\x01\x00\x03\x03\x03\x00\x10\x00\x0d" +
		"\x01\x01\x02\x0e\x01\x0a\x00\x08\x05\x04\x01\x02\x15\x01\x06\x01\x01\x01\x01\x01\x01\x1f\x03\x01\x00" +
		"\x13\x02\x10\x08\x01\x02\x01\x15\x01\x06\x01\x01\x01\x04\x03\x00\x12\x00\x0f\x01\x17\x00\x0b\x07\x02" +
		"\x01\x02\x15\x01\x06\x01\x01\x01\x04\x03\x00\x1e\x01\x01\x02\x0f\x00\x11\x00\x01\x05\x03\x02\x01\x03" +
		"\x03\x01\x01\x00\x01\x01\x03\x01\x03\x02\x03\x0b\x16\x004\x07\x01\x02\x01\x16\x01\x0f\x03\x00\x1a" +
		"\x02\x01\x01\x02\x01\x1e\x00\x04\x07\x01\x02\x01\x16\x01\x09\x01\x04\x03\x00\x1e\x02\x01\x01\x0f\x01" +
		"\x11\x08\x01\x02\x01(\x02\x00\x10\x00\x05\x02\x08\x02\x18\x05\x05\x11\x03\x17\x01\x08\x01\x00\x02" +
		"\x06:/\x01\x01\x0c\x06:\x01\x01\x00\x01\x04\x01\x17\x01\x00\x01\x09\x01\x01\x09\x00\x02\x04\x01\x00" +
		"\x15\x03 \x00?\x07\x01#\x1b\x04s*\x14\x00\x10\x05\x04\x03\x03\x00\x03\x01\x07\x02\x04\x0c\x0c\x00" +
		"\x11%\x01\x00\x05\x00\x02*\x01\xcc\x02\x01\x03\x02\x06\x01\x00\x01\x03\x02(\x01\x03\x02 \x01\x03\x02" +
		"\x06\x01\x00\x01\x03\x02\x0e\x018\x01\x03\x02B%\x0f\x10U\x02\x05\x03\xeb\x04\x02\x10\x01\x19\x05J" +
		"\x03\x0a\x07\x11\x0d\x12\x0e\x11\x0e\x0c\x01\x02\x0f3#\x00\x04\x00CX\x07(\x01\x00\x05E\x0a\x1e1\x1d" +
		"\x02\x04\x0b+\x04\x196\x16\x094R\x00].\x11\x076\x1d\x0d\x01\x0a+\x1a#)\x02\x0a#\x02\x0a\x05*\x02\x02" +
		")\x03\x01\x05\x01\x01\x03\x00\x05\xbf\x01@\x95\x02\x02\x05\x02%\x02\x05\x02\x07\x01\x00\x01\x00\x01" +
		"\x00\x01\x1e\x024\x01\x06\x01\x00\x03\x02\x01\x06\x03\x03\x02\x05\x04\x0c\x05\x02\x01\x06t\x00\x0d" +
		"\x00\x10\x0ce\x00\x04\x00\x02\x09\x01\x00\x02\x05\x06\x00\x01\x00\x01\x00\x01\x0f\x02\x03\x05\x04" +
		"\x04\x00\x11(\xf7\x14\xe4\x01\x06\x03\x03\x01\x0c%\x01\x00\x05\x00\x027\x07\x00\x10\x16\x09\x06\x01" +
		"\x06\x01\x06\x01\x06\x01\x06\x01\x06\x01\x06\x01\x06\xa6\x04\x02\x19\x08\x07\x04\x02\x04\x04U\x04" +
		"\x04\x01Y\x01\x03\x05*\x01]\x11\x1f0\x0f\x80\x04\xbf3@\x8c\xad\x01C-\x02\x8c\x02\x03\x0f\x0a\x01\x14" +
		".\x10\x1e\x02O'\x08\x02f\x02Q\x14\x10\x01\x02\x01\x03\x01\x16\x1d3\x0e1>\x05\x03\x00\x01\x01\x0b\x1b" +
		"\x0a\x16\x19\x1c\x07.\x1c\x00\x10\x04\x01\x09\x0a\x04\x01(\x17\x02\x01\x07\x14\x16\x03\x00\x031\x01" +
		"\x00\x03\x01\x02\x04\x02\x00\x01\x00\x18\x02\x02\x0a\x07\x02\x0c\x05\x02\x05\x02\x05\x09\x06\x01\x06" +
		"\x01*\x01\x0d\x06r\x1d\xa3W\x0c\x16\x040\x84B\xed\x02\x02i&\x06\x0c\x04\x05\x00\x01\x09\x01\x0c\x01" +
		"\x04\x01\x00\x01\x01\x01\x01\x01k!\xea\x02\x12?\x025(\x0bt\x04\x01\x86\x01$\x19\x06\x19\x0bX\x03\x05" +
		"\x02\x05\x02\x05\x02\x02#\x0b\x01\x19\x01\x12\x01\x01\x01\x0e\x02\x0d\"zE4\x8b\x02\x1c\x030/\x1f\x0d" +
		"\x1d\x05%\x0a\x1d\x02#\x04\x07\x01\x04*\x9d\x01\x12#\x04#\x04'\x083\x0c\x0a\x01\x0e\x01\x06\x01\x01" +
		"\x01\x0a\x01\x0e\x01\x06\x01\x01\x033\x0c\xb6\x02\x09\x15\x0a\x07\x18\x05\x01)\x01\x08E\x05\x02\x00" +
		"\x01+\x01\x01\x03\x00\x02\x16\x0a\x16\x09\x1eA\x12\x01\x01\x0a\x15\x0a\x19\x06\x19&7\x06\x01@\x00" +
		"\x0f\x03\x01\x02\x01\x1c*\x1c\x03\x1c#\x07\x01\x1b\x1b5\x0a\x15\x0a\x12\x0d\x11nH72\x0d2\x0d#&\x1b" +
		"\x09\x16\xfa\x01)\x06\x01\x10\x058\x1c\x0a\x00\x08\x15*\x11.\x14\x1b\x16\x0c49\x01\x02\x00\x0d, \x18" +
		"\x1a#\x1d\x00\x02\x00\x08\"\x03\x00\x0c/\x0e\x03\x15\x00\x01\x00#\x11\x01\x18\x13\x01?\x06\x01\x00" +
		"\x01\x03\x01\x0e\x01\x09\x07.&\x07\x02\x01\x02\x15\x01\x06\x01\x01\x01\x04\x03\x00\x12\x00\x0c\x04" +
		"\x1e\x09\x01\x00\x02\x00\x01%\x01\x00\x19\x00\x01\x00,4\x12\x03\x14\x02\x1e/\x14\x01\x01\x00\xb8\x01" +
		".)\x03$/\x14\x00;*\x0d\x00G\x1a%\x06\xb9\x01+t?\x1f\x07\x02\x00\x02\x07\x01\x01\x01\x17\x0f\x00\x01" +
		"\x00^\x07\x02&\x10\x00\x01\x00\x1c\x00\x0a'\x07\x00\x15\x00\x0b-\x13\x00\x12H\xc7\x01 \x1f\x08\x01$" +
		"\x11\x001\x1dp\x06\x01\x01\x01%\x15\x00\x19\x05\x01\x01\x01\x1f\x0e\x00\x17+\x84\x02\x12\x0f\x00\x01" +
		"\x0c\x01!|\x00O\x99\x07fn\x11\xc3\x01\xcc\x14`\x0f\xaf\x08\x11\x05\x19\x9a\x1f\x05\xc6\x04\xb95\x1d" +
		"\xe2\x0d\xb8\x04\x07\x1e\x11N\x11\x1d\x12/\x10\x03\x1f\x14\x05\x12\xb0\x03,\xd3\x01? \x18\x02\x18,J" +
		"\x05\x00B\x0c@\x01\x01\x00\x0e\x04\x09\xd59)\x1far\xfdC\x03\x01\x06\x01\x01\x01\xa2\x02\x0f\x00\x1d" +
		"\x02\x02\x00\x0e\x03\x08\x8b\x03\x84\x12j\x05\x0c\x03\x08\x07\x09\xe6.T\x01F\x01\x01\x02\x00\x02\x01" +
		"\x02\x03\x01\x0b\x01\x00\x01\x06\x01@\x01\x03\x02\x07\x01\x06\x01\x1b\x01\x03\x01\x04\x01\x00\x03" +
		"\x06\x01\xd3\x02\x02\x18\x01\x18\x01\x1e\x01\x18\x01\x1e\x01\x18\x01\x1e\x01\x18\x01\x1e\x01\x18\x01" +
		"\x07\xb4\x0e\x1e\x06\x05\x85\x02=\x92\x01,\x0a\x06\x10\x00\xc1\x02\x1d\x12+\xe4\x03\x1b\xe4\x01\x1d" +
		"\x02\x00\xcf\x01\x1e\x01\x02\x01\x01\x01\x06\x02\x04\x09\x01\xe0\x01\x06\x01\x03\x01\x01\x01\x0e\x01" +
		"\xc4\x01;C\x07\x00\xb4\x09\x03\x01\x1a\x01\x01\x01\x00\x02\x00\x01\x09\x01\x03\x01\x00\x01\x00\x06" +
		"\x00\x04\x00\x01\x00\x01\x00\x01\x02\x01\x01\x01\x00\x02\x00\x01\x00\x01\x00\x01\x00\x01\x00\x01\x01" +
		"\x01\x00\x02\x03\x01\x06\x01\x03\x01\x03\x01\x00\x01\x09\x01\x10\x05\x02\x01\x04\x01\x10\xc4\"\xdf" +
		"\xcd\x02 \x9d\"\x02\x8d-\x02\xb0:\x0f\xed\x04\xa2\x13\x9d\x04\xe2\x0b\xca&\x05\xa9B"},
	{"Ideographic", "\x86`\x01\x19\x08\x0e\x02\xc5\x07\xbf3@\xff\xa3\x01\x80\xb2\x01\xed\x02\x02i\x8a\xea\x01\x00\x0d\x04" +
		"\x09\xd59)\x1far\xfdF\x8b\x03\x84\x9a\x01\xdf\xcd\x02 \x9d\"\x02\x8d-\x02\xb0:\x0f\xed\x04\xa2\x13" +
		"\x9d\x04\xe2\x0b\xca&\x05\xa9B"},
	{"Join_Control", "\x8c@\x01"},
	{"Logical_Order_Exception", "\xc0\x1c\x04{\x04\xf0\x15\x02\x02\x00\xfa\xa1\x02\x01\x02\x00\x01\x01"},
	{"Lowercase", "a\x19/\x00\x0a\x00\x04\x00$\x17\x01\x07\x01\x00\x01\x00\x01\x00\x01\x00\x01\x00\x01\x00\x01\x00\x01" +
		"\x00\x01\x00\x01\x00\x01\x00\x01\x00\x01\x00\x01\x00\x01\x00\x01\x00\x01\x00\x01\x00\x01\x00\x01\x00" +
		"\x01\x00\x01\x00\x01\x00\x01\x00\x01\x00\x01\x00\x01\x00\x01\x01\x01\x00\x01\x00\x01\x00\x01\x00\x01" +
		"\x00\x01\x00\x01\x00\x01\x01\x01\x00\x01\x00\x01\x00\x01\x00\x01\x00\x01\x00\x01\x00\x01\x00\x01\x00" +
		"\x01\x00\x01\x00\x01\x00\x01\x00\x01\x00\x01\x00\x01\x00\x01\x00\x01\x00\x01\x00\x01\x00\x01\x00\x01" +
		"\x00\x01\x00\x02\x00\x01\x00\x01\x02\x02\x00\x01\x00\x02\x00\x03\x01\x04\x00\x02\x00\x03\x02\x02\x00" +
		"\x02\x00\x01\x00\x01\x00\x02\x00\x01\x01\x01\x00\x02\x00\x03\x00\x01\x00\x02\x01\x02\x02\x06\x00\x02" +
		"\x00\x02\x00\x01\x00\x01\x00\x01\x00\x01\x00\x01\x00\x01\x00\x01\x00\x01\x01\x01\x00\x01\x00\x01\x00" +
		"\x01\x00\x01\x00\x01\x00\x01\x00\x01\x00\x01\x01\x02\x00\x01\x00\x03\x00\x01\x00\x01\x00\x01\x00\x01" +
		"\x00\x01\x00\x01\x00\x01\x00\x01\x00\x01\x00\x01\x00\x01\x00\x01\x00\x01\x00\x01\x00\x01\x00\x01\x00" +
		"\x01\x00\x01\x00\x01\x00\x01\x00\x01\x00\x01\x00\x01\x00\x01\x00\x01\x00\x01\x00\x01\x00\x01\x00\x01" +
		"\x06\x02\x00\x02\x01\x01\x00\x04\x00\x01\x00\x01\x00\x01\x00\x01D\x02\"\x07\x01\x1e\x04`\x00+\x00" +
		"\x01\x00\x03\x00\x02\x03\x12\x00\x1b\"\x01\x01\x03\x02\x01\x00\x01\x00\x01\x00\x01\x00\x01\x00\x01" +
		"\x00\x01\x00\x01\x00\x01\x00\x01\x00\x01\x00\x01\x04\x01\x00\x02\x00\x02\x013/\x01\x00\x01\x00\x01" +
		"\x00\x01\x00\x01\x00\x01\x00\x01\x00\x01\x00\x01\x00\x01\x00\x01\x00\x01\x00\x01\x00\x01\x00\x01\x00" +
		"\x01\x00\x01\x00\x09\x00\x01\x00\x01\x00\x01\x00\x01\x00\x01\x00\x01\x00\x01\x00\x01\x00\x01\x00\x01" +
		"\x00\x01\x00\x01\x00\x01\x00\x01\x00\x01\x00\x01\x00\x01\x00\x01\x00\x01\x00\x01\x00\x01\x00\x01\x00" +
		"\x01\x00\x01\x00\x01\x00\x01\x00\x02\x00\x01\x00\x01\x00\x01\x00\x01\x00\x01\x00\x01\x01\x01\x00\x01" +
		"\x00\x01\x00\x01\x00\x01\x00\x01\x00\x01\x00\x01\x00\x01\x00\x01\x00\x01\x00\x01\x00\x01\x00\x01\x00" +
		"\x01\x00\x01\x00\x01\x00\x01\x00\x01\x00\x01\x00\x01\x00\x01\x00\x01\x00\x01\x00\x01\x00\x01\x00\x01" +
		"\x00\x01\x00\x01\x00\x01\x00\x01\x00\x01\x00\x01\x00\x01\x00\x01\x00\x01\x00\x01\x00\x01\x00\x01\x00" +
		"\x01\x00\x01\x00\x01\x00\x01\x00\x01\x00\x01\x00\x01\x00\x01\x00\x01\x000(\xc7\x16*\x01\x03\xf8\x05" +
		"\x05\x82\x11\x08\x01\x00u\xbf\x01A\x00\x01\x00\x01\x00\x01\x00\x01\x00\x01\x00\x01\x00\x01\x00\x01" +
		"\x00\x01\x00\x01\x00\x01\x00\x01\x00\x01\x00\x01\x00\x01\x00\x01\x00\x01\x00\x01\x00\x01\x00\x01\x00" +
		"\x01\x00\x01\x00\x01\x00\x01\x00\x01\x00\x01\x00\x01\x00\x01\x00\x01\x00\x01\x00\x01\x00\x01\x00\x01" +
		"\x00\x01\x00\x01\x00\x01\x00\x01\x00\x01\x00\x01\x00\x01\x00\x01\x00\x01\x00\x01\x00\x01\x00\x01\x00" +
		"\x01\x00\x01\x00\x01\x00\x01\x00\x01\x00\x01\x00\x01\x00\x01\x00\x01\x00\x01\x00\x01\x00\x01\x00\x01" +
		"\x00\x01\x00\x01\x00\x01\x00\x01\x00\x01\x00\x01\x00\x01\x00\x01\x00\x01\x00\x01\x00\x01\x00\x01\x00" +
		"\x01\x00\x01\x00\x01\x00\x01\x08\x01\x00\x01\x00\x01\x00\x01\x00\x01\x00\x01\x00\x01\x00\x01\x00\x01" +
		"\x00\x01\x00\x01\x00\x01\x00\x01\x00\x01\x00\x01\x00\x01\x00\x01\x00\x01\x00\x01\x00\x01\x00\x01\x00" +
		"\x01\x00\x01\x00\x01\x00\x01\x00\x01\x00\x01\x00\x01\x00\x01\x00\x01\x00\x01\x00\x01\x00\x01\x00\x01" +
		"\x00\x01\x00\x01\x00\x01\x00\x01\x00\x01\x00\x01\x00\x01\x00\x01\x00\x01\x00\x01\x00\x01\x00\x01\x00" +
		"\x01\x00\x01\x00\x01\x08\x08\x05\x0a\x07\x08\x07\x08\x05\x0a\x07\x08\x07\x08\x0d\x02\x07\x08\x07\x08" +
		"\x07\x08\x04\x01\x01\x06\x00\x03\x02\x01\x01\x08\x03\x02\x01\x08\x07\x0a\x02\x01\x01y\x00\x0d\x00" +
		"\x10\x0cm\x00\x03\x01\x03\x00\x1b\x00\x04\x00\x04\x00\x02\x01\x08\x03\x04\x00!\x0f\x04\x00\xcb\x06" +
		"\x19\xc6\x0e/\x01\x00\x03\x01\x01\x00\x01\x00\x01\x00\x04\x00\x01\x01\x01\x07\x03\x00\x01\x00\x01" +
		"\x00\x01\x00\x01\x00\x01\x00\x01\x00\x01\x00\x01\x00\x01\x00\x01\x00\x01\x00\x01\x00\x01\x00\x01\x00" +
		"\x01\x00\x01\x00\x01\x00\x01\x00\x01\x00\x01\x00\x01\x00\x01\x00\x01\x00\x01\x00\x01\x00\x01\x00\x01" +
		"\x00\x01\x00\x01\x00\x01\x00\x01\x00\x01\x00\x01\x00\x01\x00\x01\x00\x01\x00\x01\x00\x01\x00\x01\x00" +
		"\x01\x00\x01\x00\x01\x00\x01\x00\x01\x00\x01\x00\x01\x00\x01\x00\x01\x00\x01\x01\x07\x00\x01\x00\x04" +
		"\x00\x0c%\x01\x00\x05\x00\x93\xf2\x01\x00\x01\x00\x01\x00\x01\x00\x01\x00\x01\x00\x01\x00\x01\x00" +
		"\x01\x00\x01\x00\x01\x00\x01\x00\x01\x00\x01\x00\x01\x00\x01\x00\x01\x00\x01\x00\x01\x00\x01\x00\x01" +
		"\x00\x01\x00\x01\x00\x13\x00\x01\x00\x01\x00\x01\x00\x01\x00\x01\x00\x01\x00\x01\x00\x01\x00\x01\x00" +
		"\x01\x00\x01\x00\x01\x00\x01\x02\x85\x01\x00\x01\x00\x01\x00\x01\x00\x01\x00\x01\x00\x01\x02\x01\x00" +
		"\x01\x00\x01\x00\x01\x00\x01\x00\x01\x00\x01\x00\x01\x00\x01\x00\x01\x00\x01\x00\x01\x00\x01\x00\x01" +
		"\x00\x01\x00\x01\x00\x01\x00\x01\x00\x01\x00\x01\x00\x01\x00\x01\x00\x01\x00\x01\x00\x01\x00\x01\x00" +
		"\x01\x00\x01\x00\x01\x00\x01\x00\x01\x09\x01\x00\x01\x00\x02\x00\x01\x00\x01\x00\x01\x00\x01\x00\x04" +
		"\x00\x01\x00\x02\x00\x01\x02\x01\x00\x01\x00\x01\x00\x01\x00\x01\x00\x01\x00\x01\x00\x01\x00\x01\x00" +
		"\x01\x00\x05\x00\x05\x00\x01\x00\x01\x00\x01\x00\x01\x00\x01\x00\x01\x00\x01\x00\x04\x00\x01\x00\x02" +
		"\x00\x01\x00\x01\x00\x01\x00\x01\x00\x01\x00\x01\x00\x01\x00\x15\x03\x01\x00\x01\x02\xb5\x06*\x01" +
		"\x0d\x06O\xc0\x9e\x01\x06\x0c\x04\xa9\x08\x19\xcd\x09'\x88\x01#\x9b\x01\x0a\x01\x0e\x01\x06\x01\x01" +
		"\xc3\x03\x00\x02\x02\x01)\x01\x08\x85\x0a2}\x15\xba\x16\x1f\x80\xab\x01\x1f;\x18\xc6\xca\x01\x19\x1a" +
		"\x06\x01\x11\x1a\x19\x1a\x03\x01\x00\x01\x06\x01\x0a\x1a\x19\x1a\x19\x1a\x19\x1a\x19\x1a\x19\x1a\x19" +
		"\x1a\x19\x1a\x19\x1a\x1b\x1c\x18\x01\x05\x1a\x18\x01\x05\x1a\x18\x01\x05\x1a\x18\x01\x05\x1a\x18\x01" +
		"\x05\x01\x00\xb4\x0e\x09\x01\x13\x06\x05\x85\x02=\xb4\x11!"},
	{"Math", "+\x00\x10\x02\x1f\x00\x1d\x00\x01\x00-\x00\x04\x00%\x00\x1f\x00\xd8\x05\x02\x02\x00\x1a\x01\x02\x02" +
		"\x8f\x04\x02\x8d4\x00\x1b\x02\x0b\x00\x03\x00\x0d\x00\x0e\x03\x15\x04\x0b\x04A\x0c\x04\x00\x03\x01" +
		"\x04\x04\x12\x00\x04\x00\x02\x09\x01\x00\x02\x05\x06\x00\x03\x01\x02\x01\x01\x02\x01\x05\x03\x0d\x01" +
		"\x00D\x17\x01\x05\x01\x01\x04\x01\x04\x1f\x01\x00\x06\x01\x0e\x8b\x02\x08\x03\x14\x01Z\x00\x1e\x1a" +
		"\x01\x00\x18\x00\x0b\x06\xbd\x03\x01\x0c\x09\x04\x05\x04\x01\x02\x01\x03\x04\x0e\x00\x01\x00\x02\x05" +
		"\x0b\x07\x05\x019\x00\x01\x00\x1d\x03\x09\x02\xd0\x02?\x80\x02\xff\x030\x14\x02\x05\xdc\x9f\x03\x00" +
		"\xb7\x06\x05\x01\x00\xa2\x01\x00\x10\x02\x1d\x00\x01\x00\x1d\x00\x01\x00\x83\x01\x00\x06\x03\xa1\x1b" +
		"\x01\xe0\x82\x03\x00\x8f\x0aT\x01F\x01\x01\x02\x00\x02\x01\x02\x03\x01\x0b\x01\x00\x01\x06\x01@\x01" +
		"\x03\x02\x07\x01\x06\x01\x1b\x01\x03\x01\x04\x01\x00\x03\x06\x01\xd3\x02\x02\xa3\x02\x021\x80,\x03" +
		"\x01\x1a\x01\x01\x01\x00\x02\x00\x01\x09\x01\x03\x01\x00\x01\x00\x06\x00\x04\x00\x01\x00\x01\x00\x01" +
		"\x02\x01\x01\x01\x00\x02\x00\x01\x00\x01\x00\x01\x00\x01\x00\x01\x01\x01\x00\x02\x03\x01\x06\x01\x03" +
		"\x01\x03\x01\x00\x01\x09\x01\x10\x05\x02\x01\x04\x01\x104\x01\xde\x13\x08"},
	{"Noncharacter_Code_Point", "\xd0\xfb\x03\x1f\x8e\x04\x01\xfe\xff\x03\x01\xfe\xff\x03\x01\xfe\xff\x03\x01\xfe\xff\x03\x01\xfe\xff" +
		"\x03\x01\xfe\xff\x03\x01\xfe\xff\x03\x01\xfe\xff\x03\x01\xfe\xff\x03\x01\xfe\xff\x03\x01\xfe\xff\x03" +
		"\x01\xfe\xff\x03\x01\xfe\xff\x03\x01\xfe\xff\x03\x01\xfe\xff\x03\x01\xfe\xff\x03\x01"},
	{"Pattern_Syntax", "!\x0e\x0a\x06\x1a\x03\x01\x00\x1a\x03\"\x06\x01\x00\x01\x01\x01\x00\x01\x01\x04\x00\x04\x00\x03\x00" +
		"\x17\x00\x1f\x00\x98>\x17\x08\x0e\x02\x12\x01\x09\xb1\x02\xcf\x05\xa0\x01\xf5\x04\x1e\xeb\x08\x80" +
		"\x04\x7f\x81\x03\x02\x04\x18\x0f\x00\x8d\x9a\x03\x01\x85\x02\x01"},
	{"Pattern_White_Space", "\x09\x04\x12\x00d\x00\x88?\x01\x18\x01"},
	{"Quotation_Mark", "\"\x00\x04\x00\x83\x01\x00\x0f\x00\xdc>\x07\x19\x01\x87\x1c\x00\xc9\x03\x03\x0d\x02\xa1\x9c\x03\x03" +
		"\xbd\x01\x00\x04\x00Z\x01"},
	{"Radical", "\x80]\x19\x01X\x0c\xd5\x01"},
	{"Regional_Indicator", "\xe6\xe3\x07\x19"},
	{"Sentence_Terminal", "!\x00\x0c\x00\x10\x00\xc9\x0a\x00\x93\x01\x02\xb4\x01\x00+\x02\xf6\x01\x00=\x00\x01\x00\x03\x01\xa5" +
		"\x02\x01\xe4\x0d\x01\x96\x06\x00\x04\x01\x85\x06\x00\xc6\x01\x01\x9d\x01\x01-\x00\x05\x00\xba\x02" +
		"\x01\xe2\x02\x03\xa2\x01\x01\x0a\x01\x02\x01\x1d\x02\xbb\x01\x01A\x01\xa4\x07\x00\x17\x01\x09\x02" +
		"\xaf\x19\x02\xb2\x02\x00\x0d\x00\x16\x01\xad\x03\x00\xfc\xe9\x01\x00\x8e\x02\x01\xe3\x01\x00\x03\x00" +
		"\xfe\x02\x01V\x01_\x00\x98\x01\x01\x93\x01\x02\x90\x01\x01\xf9\x01\x00\xa6\xa4\x01\x00\x02\x01;\x00" +
		"\x03\x01\xa9\x01\x00\x0c\x00\x10\x00A\x00\xf4\x15\x01\xfd\x09\x04,\x03\xbd\x01\x01u\x03\x7f\x02\x81" +
		"\x01\x01\x06\x00\x10\x01X\x01\x01\x01l\x00\xaa\x02\x01u\x01\xf5\x02\x01\x05\x0ei\x01\xf9\x01\x02\x85" +
		"\x04\x00\x01\x00\xfb\x01\x01W\x01\xa4\x03\x01\xb4\x05\x01J\x01\xa9\x96\x01\x01\x85\x01\x00A\x01\x0b" +
		"\x00\xa9\x04\x01\xa8\x02\x00\x86\x9c\x01\x00\xe8;\x00"},
	{"Soft_Dotted", "i\x01\xc4\x01\x00\x99\x02\x00\x1e\x004\x00\x14\x00\xc0\x02\x00b\x00\x01\x00\x892\x003\x00\x0d\x00" +
		"\x03\x00\x84\x01\x00\x9d\x01\x00\xa5\x03\x00\xd6\x01\x01\xb2\x16\x00\xa5\xcf\x06\x012\x012\x012\x012" +
		"\x012\x012\x012\x012\x012\x012\x012\x012\x01\x86\x11\x00\xb1\x02\x01\x1a\x00"},
	{"Terminal_Punctuation", "!\x00\x0a\x00\x01\x00\x0b\x01\x03\x00\xbe\x06\x00\x08\x00\x81\x04\x009\x00H\x00\x0e\x00\x01\x02\xb4" +
		"\x01\x00+\x0a\x01\x00\xeb\x01\x016\x05\x01\x07\x1f\x00\x85\x02\x01\xf4\x09\x01\xac\x01\x00\x04\x05" +
		"\xb7\x02\x01\x95\x06\x07\x85\x06\x00|\x02G\x01\x9d\x01\x02\x03\x00'\x03\x02\x01\xba\x02\x01\xe2\x02" +
		"\x03\xa2\x01\x01\x0a\x01\x01\x02\x1d\x02\xbb\x01\x04>\x01\xa4\x07\x00\x17\x01\x09\x02\xaf\x19\x02" +
		"\xb2\x02\x00\x0d\x00\x04\x00\x0a\x00\x01\x01\x03\x01\xac\x03\x01\xfb\xe9\x01\x01\x8d\x02\x02\xe3\x01" +
		"\x04\xfe\x02\x01V\x01_\x00\x97\x01\x02\x93\x01\x02\x7f\x00\x10\x01\xf9\x01\x00\xa6\xa4\x01\x00\x02" +
		"\x019\x02\x01\x03\xa9\x01\x00\x0a\x00\x01\x00\x0b\x01\x03\x00A\x00\x02\x00\xba\x08\x000\x00\x86\x09" +
		"\x00\xc7\x01\x00\xb6\x02\x01\x98\x01\x05D\x05Y\x03\xb8\x07\x04,\x03\xbd\x01\x06p\x03\x7f\x02\x81\x01" +
		"\x01\x06\x00\x10\x01X\x04l\x00\xaa\x02\x01u\x02\x0c\x01\xe6\x02\x03\x03\x0ei\x01\xf9\x01\x02\x85\x04" +
		"\x00\x01\x00\xfb\x01\x01W\x01\x04\x01\x9e\x03\x02-\x00\x85\x05\x01J\x01\xab\x0a\x04\xf9\x8b\x01\x01" +
		"\x85\x01\x00A\x02\x0a\x00\xa9\x04\x01\xa7\x02\x01\x86\x9c\x01\x00\xe7;\x03"},
	{"Unified_Ideograph", "\x80h\xbf3@\xff\xa3\x01\x8e\xb4\x01\x01\x01\x00\x01\x01\x0a\x00\x01\x00\x01\x01\x02\x02\xd6\x8b\x04" +
		"\xdf\xcd\x02 \x9d\"\x02\x8d-\x02\xb0:\x0f\xed\x04\xa2#\xca&\x05\xa9B"},
	{"Uppercase", "A\x19e\x16\x01\x06!\x00\x01\x00\x01\x00\x01\x00\x01\x00\x01\x00\x01\x00\x01\x00\x01\x00\x01\x00\x01" +
		"\x00\x01\x00\x01\x00\x01\x00\x01\x00\x01\x00\x01\x00\x01\x00\x01\x00\x01\x00\x01\x00\x01\x00\x01\x00" +
		"\x01\x00\x01\x00\x01\x00\x01\x00\x01\x00\x02\x00\x01\x00\x01\x00\x01\x00\x01\x00\x01\x00\x01\x00\x01" +
		"\x00\x02\x00\x01\x00\x01\x00\x01\x00\x01\x00\x01\x00\x01\x00\x01\x00\x01\x00\x01\x00\x01\x00\x01\x00" +
		"\x01\x00\x01\x00\x01\x00\x01\x00\x01\x00\x01\x00\x01\x00\x01\x00\x01\x00\x01\x00\x01\x00\x01\x01\x01" +
		"\x00\x01\x00\x03\x01\x01\x00\x01\x01\x01\x02\x02\x03\x01\x01\x01\x02\x03\x01\x01\x01\x01\x00\x01\x00" +
		"\x01\x01\x01\x00\x02\x00\x01\x01\x01\x02\x01\x00\x01\x01\x03\x00\x07\x00\x02\x00\x02\x00\x02\x00\x01" +
		"\x00\x01\x00\x01\x00\x01\x00\x01\x00\x01\x00\x01\x00\x02\x00\x01\x00\x01\x00\x01\x00\x01\x00\x01\x00" +
		"\x01\x00\x01\x00\x01\x00\x02\x00\x02\x00\x01\x02\x01\x00\x01\x00\x01\x00\x01\x00\x01\x00\x01\x00\x01" +
		"\x00\x01\x00\x01\x00\x01\x00\x01\x00\x01\x00\x01\x00\x01\x00\x01\x00\x01\x00\x01\x00\x01\x00\x01\x00" +
		"\x01\x00\x01\x00\x01\x00\x01\x00\x01\x00\x01\x00\x01\x00\x01\x00\x01\x00\x01\x00\x07\x01\x01\x01\x02" +
		"\x00\x01\x03\x01\x00\x01\x00\x01\x00\x01\x00\xa1\x02\x00\x01\x00\x03\x00\x08\x00\x06\x00\x01\x02\x01" +
		"\x00\x01\x01\x01\x10\x01\x08#\x00\x02\x02\x03\x00\x01\x00\x01\x00\x01\x00\x01\x00\x01\x00\x01\x00" +
		"\x01\x00\x01\x00\x01\x00\x01\x00\x01\x00\x05\x00\x02\x00\x01\x01\x0220\x00\x01\x00\x01\x00\x01\x00" +
		"\x01\x00\x01\x00\x01\x00\x01\x00\x01\x00\x01\x00\x01\x00\x01\x00\x01\x00\x01\x00\x01\x00\x01\x00\x01" +
		"\x00\x09\x00\x01\x00\x01\x00\x01\x00\x01\x00\x01\x00\x01\x00\x01\x00\x01\x00\x01\x00\x01\x00\x01\x00" +
		"\x01\x00\x01\x00\x01\x00\x01\x00\x01\x00\x01\x00\x01\x00\x01\x00\x01\x00\x01\x00\x01\x00\x01\x00\x01" +
		"\x00\x01\x00\x01\x00\x01\x01\x01\x00\x01\x00\x01\x00\x01\x00\x01\x00\x01\x00\x02\x00\x01\x00\x01\x00" +
		"\x01\x00\x01\x00\x01\x00\x01\x00\x01\x00\x01\x00\x01\x00\x01\x00\x01\x00\x01\x00\x01\x00\x01\x00\x01" +
		"\x00\x01\x00\x01\x00\x01\x00\x01\x00\x01\x00\x01\x00\x01\x00\x01\x00\x01\x00\x01\x00\x01\x00\x01\x00" +
		"\x01\x00\x01\x00\x01\x00\x01\x00\x01\x00\x01\x00\x01\x00\x01\x00\x01\x00\x01\x00\x01\x00\x01\x00\x01" +
		"\x00\x01\x00\x01\x00\x01\x00\x01\x00\x01\x00\x01\x00\x01\x00\x02%\xc9\x16%\x01\x00\x05\x00\xd2\x05U" +
		"\x93\x11\x00\x06*\x02\x02\xc0\x02\x00\x01\x00\x01\x00\x01\x00\x01\x00\x01\x00\x01\x00\x01\x00\x01" +
		"\x00\x01\x00\x01\x00\x01\x00\x01\x00\x01\x00\x01\x00\x01\x00\x01\x00\x01\x00\x01\x00\x01\x00\x01\x00" +
		"\x01\x00\x01\x00\x01\x00\x01\x00\x01\x00\x01\x00\x01\x00\x01\x00\x01\x00\x01\x00\x01\x00\x01\x00\x01" +
		"\x00\x01\x00\x01\x00\x01\x00\x01\x00\x01\x00\x01\x00\x01\x00\x01\x00\x01\x00\x01\x00\x01\x00\x01\x00" +
		"\x01\x00\x01\x00\x01\x00\x01\x00\x01\x00\x01\x00\x01\x00\x01\x00\x01\x00\x01\x00\x01\x00\x01\x00\x01" +
		"\x00\x01\x00\x01\x00\x01\x00\x01\x00\x01\x00\x01\x00\x01\x00\x01\x00\x01\x00\x01\x00\x01\x00\x01\x00" +
		"\x01\x00\x01\x00\x01\x00\x01\x00\x09\x00\x01\x00\x01\x00\x01\x00\x01\x00\x01\x00\x01\x00\x01\x00\x01" +
		"\x00\x01\x00\x01\x00\x01\x00\x01\x00\x01\x00\x01\x00\x01\x00\x01\x00\x01\x00\x01\x00\x01\x00\x01\x00" +
		"\x01\x00\x01\x00\x01\x00\x01\x00\x01\x00\x01\x00\x01\x00\x01\x00\x01\x00\x01\x00\x01\x00\x01\x00\x01" +
		"\x00\x01\x00\x01\x00\x01\x00\x01\x00\x01\x00\x01\x00\x01\x00\x01\x00\x01\x00\x01\x00\x01\x00\x01\x00" +
		"\x01\x00\x01\x00\x01\x00\x09\x07\x08\x05\x0a\x07\x08\x07\x08\x05\x0b\x00\x01\x00\x01\x00\x01\x00\x08" +
		"\x07H\x03\x0c\x03\x0c\x03\x0c\x04\x0b\x03\x86\x02\x00\x04\x00\x03\x02\x02\x02\x02\x00\x03\x04\x06" +
		"\x00\x01\x00\x01\x00\x01\x03\x02\x03\x0a\x01\x05\x00\x1a\x0f\x13\x00\xb2\x06\x19\xb0\x0e/0\x00\x01" +
		"\x02\x02\x00\x01\x00\x01\x00\x01\x03\x01\x00\x02\x00\x08\x02\x01\x00\x01\x00\x01\x00\x01\x00\x01\x00" +
		"\x01\x00\x01\x00\x01\x00\x01\x00\x01\x00\x01\x00\x01\x00\x01\x00\x01\x00\x01\x00\x01\x00\x01\x00\x01" +
		"\x00\x01\x00\x01\x00\x01\x00\x01\x00\x01\x00\x01\x00\x01\x00\x01\x00\x01\x00\x01\x00\x01\x00\x01\x00" +
		"\x01\x00\x01\x00\x01\x00\x01\x00\x01\x00\x01\x00\x01\x00\x01\x00\x01\x00\x01\x00\x01\x00\x01\x00\x01" +
		"\x00\x01\x00\x01\x00\x01\x00\x01\x00\x01\x00\x01\x00\x08\x00\x01\x00\x04\x00\xcd\xf2\x01\x00\x01\x00" +
		"\x01\x00\x01\x00\x01\x00\x01\x00\x01\x00\x01\x00\x01\x00\x01\x00\x01\x00\x01\x00\x01\x00\x01\x00\x01" +
		"\x00\x01\x00\x01\x00\x01\x00\x01\x00\x01\x00\x01\x00\x01\x00\x01\x00\x13\x00\x01\x00\x01\x00\x01\x00" +
		"\x01\x00\x01\x00\x01\x00\x01\x00\x01\x00\x01\x00\x01\x00\x01\x00\x01\x00\x01\x00\x87\x01\x00\x01\x00" +
		"\x01\x00\x01\x00\x01\x00\x01\x00\x01\x00\x03\x00\x01\x00\x01\x00\x01\x00\x01\x00\x01\x00\x01\x00\x01" +
		"\x00\x01\x00\x01\x00\x01\x00\x01\x00\x01\x00\x01\x00\x01\x00\x01\x00\x01\x00\x01\x00\x01\x00\x01\x00" +
		"\x01\x00\x01\x00\x01\x00\x01\x00\x01\x00\x01\x00\x01\x00\x01\x00\x01\x00\x01\x00\x01\x00\x0a\x00\x01" +
		"\x00\x01\x01\x01\x00\x01\x00\x01\x00\x01\x00\x04\x00\x01\x00\x02\x00\x01\x00\x03\x00\x01\x00\x01\x00" +
		"\x01\x00\x01\x00\x01\x00\x01\x00\x01\x00\x01\x00\x01\x00\x01\x04\x01\x04\x01\x00\x01\x00\x01\x00\x01" +
		"\x00\x01\x00\x01\x00\x01\x00\x01\x03\x01\x00\x01\x01\x01\x00\x01\x00\x01\x00\x01\x00\x01\x00\x01\x00" +
		"\x01\x00\x01\x00\x18\x00\xab\xae\x01\x19\xc5\x09'\x88\x01#\x9c\x01\x0a\x01\x0e\x01\x06\x01\x01\xea" +
		"\x0d2\x9d\x01\x15\xba\x16\x1f\x80\xab\x01\x1f@\x18\xc7\xca\x01\x19\x1a\x19\x1a\x19\x1a\x00\x01\x01" +
		"\x02\x00\x02\x01\x02\x03\x01\x07\x1a\x19\x1a\x01\x01\x03\x02\x07\x01\x06\x1b\x01\x01\x03\x01\x04\x01" +
		"\x00\x03\x06\x1b\x19\x1a\x19\x1a\x19\x1a\x19\x1a\x19\x1a\x19\x1e\x18!\x18!\x18!\x18!\x18!\x00\xb5\"!" +
		"\x8e\x10\x19\x06\x19\x06\x19"},
	{"Variation_Selector", "\x8b0\x02\x01\x00\xf0\xcb\x03\x0f\xf0\x854\xef\x01"},
	{"White_Space", "\x09\x04\x12\x00d\x00\x1a\x00\xdf+\x00\xff\x12\x0a\x1d\x01\x05\x00/\x00\xa0\x1f\x00"},
	{"XID_Continue", "0\x09\x07\x19\x04\x00\x01\x19/\x00\x0a\x00\x01\x00\x02\x00\x05\x16\x01\x1e\x01\xc9\x03\x04\x0b\x0e" +
		"\x04\x07\x00\x01\x00\x11t\x01\x01\x03\x02\x01\x00\x06\x04\x01\x00\x01\x13\x01R\x01\x8a\x01\x01\x04" +
		"\x02\xa5\x01\x01%\x02\x00\x06(\x08,\x01\x00\x01\x01\x01\x01\x01\x00\x08\x1a\x04\x03\x1d\x0a\x05I\x04" +
		"e\x01\x07\x02\x09\x01\x12\x02\x00\x10:\x02d\x0e5\x04\x00\x02\x00\x02-\x12\x1b\x04\x0a\x05\x17\x01" +
		"\x06\x07J\x01\x80\x01\x02\x09\x01\x12\x01\x07\x02\x01\x02\x15\x01\x06\x01\x00\x03\x03\x02\x08\x02" +
		"\x01\x02\x03\x08\x00\x04\x01\x01\x04\x02\x0b\x0a\x00\x01\x00\x02\x02\x01\x05\x04\x01\x02\x15\x01\x06" +
		"\x01\x01\x01\x01\x01\x01\x02\x00\x01\x04\x04\x01\x02\x02\x03\x00\x07\x03\x01\x00\x07\x0f\x0b\x02\x01" +
		"\x08\x01\x02\x01\x15\x01\x06\x01\x01\x01\x04\x02\x09\x01\x02\x01\x02\x02\x00\x0f\x03\x02\x09\x09\x06" +
		"\x01\x02\x01\x07\x02\x01\x02\x15\x01\x06\x01\x01\x01\x04\x02\x08\x02\x01\x02\x02\x07\x02\x04\x01\x01" +
		"\x04\x02\x09\x01\x00\x10\x01\x01\x05\x03\x02\x01\x03\x03\x01\x01\x00\x01\x01\x03\x01\x03\x02\x03\x0b" +
		"\x04\x04\x03\x02\x01\x03\x02\x00\x06\x00\x0e\x09\x10\x0c\x01\x02\x01\x16\x01\x0f\x02\x08\x01\x02\x01" +
		"\x03\x07\x01\x01\x02\x01\x01\x02\x03\x02\x09\x10\x03\x01\x07\x01\x02\x01\x16\x01\x09\x01\x04\x02\x08" +
		"\x01\x02\x01\x03\x07\x01\x05\x02\x01\x03\x02\x09\x01\x02\x0c\x0c\x01\x02\x012\x01\x02\x01\x04\x05" +
		"\x03\x07\x04\x02\x09\x0a\x05\x01\x02\x01\x11\x03\x17\x01\x08\x01\x00\x02\x06\x03\x00\x04\x05\x01\x00" +
		"\x01\x07\x06\x09\x02\x01\x0d9\x05\x0e\x01\x09'\x01\x01\x00\x01\x04\x01\x17\x01\x00\x01\x16\x02\x04" +
		"\x01\x00\x01\x06\x01\x09\x02\x03 \x00\x17\x01\x06\x09\x0b\x00\x01\x00\x01\x00\x04\x09\x01#\x04\x13" +
		"\x01\x11\x01#\x09\x009I\x06M\x02%\x01\x00\x05\x00\x02*\x01\xcc\x02\x01\x03\x02\x06\x01\x00\x01\x03" +
		"\x02(\x01\x03\x02 \x01\x03\x02\x06\x01\x00\x01\x03\x02\x0e\x018\x01\x03\x02B\x02\x02\x09\x08\x0e\x0f" +
		"\x10U\x02\x05\x03\xeb\x04\x02\x10\x01\x19\x05J\x03\x0a\x07\x15\x09\x15\x0b\x13\x0c\x0c\x01\x02\x01" +
		"\x01\x0cS\x03\x00\x04\x01\x02\x09!\x02\x01\x0a\x06X\x07*\x05E\x0a\x1e\x01\x0b\x04\x0b\x0a'\x02\x04" +
		"\x0b+\x04\x19\x06\x0a%\x1b\x04>\x01\x1c\x02\x0a\x06\x09\x0d\x00\x08\x0d\x01\x1e\x02\x0b\x14L\x03\x09" +
		"\x11\x08\x0cs\x0c7\x08\x09\x030\x02\x0a\x05*\x02\x02\x10\x02\x01&\x05\x95\x04\x02\x05\x02%\x02\x05" +
		"\x02\x07\x01\x00\x01\x00\x01\x00\x01\x1e\x024\x01\x06\x01\x00\x03\x02\x01\x06\x03\x03\x02\x05\x04" +
		"\x0c\x05\x02\x01\x06\x0f\x011\x01\x13\x00\x1c\x00\x0d\x00\x10\x0c3\x0c\x04\x00\x03\x0b\x11\x00\x04" +
		"\x00\x02\x09\x01\x00\x02\x05\x06\x00\x01\x00\x01\x00\x01\x0f\x02\x03\x05\x04\x04\x00\x11(\xf7\x14" +
		"\xe4\x01\x06\x08\x0c%\x01\x00\x05\x00\x027\x07\x00\x0f\x17\x09\x06\x01\x06\x01\x06\x01\x06\x01\x06" +
		"\x01\x06\x01\x06\x01\x06\x01\x1f\x85\x04\x02\x19\x0e\x01\x04\x02\x04\x04U\x02\x01\x02\x02\x01^\x05*" +
		"\x01]\x11\x1f0\x0f\x80\x04\xbf3@\x8c\xad\x01C-\x02\x8c\x02\x03\x1b\x14/\x04\x09\x01r%\x08\x02f\x02Q" +
		"\x146\x04\x00\x133\x0cE\x0a\x09\x06\x17\x03\x00\x010\x02#\x0c\x1c\x03@\x0e\x0a\x06\x1e\x016\x09\x0d" +
		"\x02\x09\x06\x16\x03H\x18\x02\x02\x0f\x02\x04\x0a\x05\x02\x05\x02\x05\x09\x06\x01\x06\x01*\x01\x0d" +
		"\x06z\x01\x01\x02\x09\x06\xa3W\x0c\x16\x040\x84B\xed\x02\x02i&\x06\x0c\x04\x05\x0b\x01\x0c\x01\x04" +
		"\x01\x00\x01\x01\x01\x01\x01k!\x8a\x01\x06\xd9\x01\x12?\x025(\x09\x06\x0f\x10\x0f\x03\x01\x18\x02!" +
		"\x00\x01\x00\x03\x00\x01\x00\x01\x00\x01\x00\x01}\x13\x09\x07\x19\x04\x00\x01\x19\x0aY\x03\x05\x02" +
		"\x05\x02\x05\x02\x02#\x0b\x01\x19\x01\x12\x01\x01\x01\x0e\x02\x0d\"zE4\x88\x01\x00\x82\x01\x1c\x030" +
		"\x0f\x00\x1f\x1f\x0d\x1d\x05*\x05\x1d\x02#\x04\x07\x01\x04*\x9d\x01\x02\x09\x06#\x04#\x04'\x083\x0c" +
		"\x0a\x01\x0e\x01\x06\x01\x01\x01\x0a\x01\x0e\x01\x06\x01\x01\x033\x0c\xb6\x02\x09\x15\x0a\x07\x18" +
		"\x05\x01)\x01\x08E\x05\x02\x00\x01+\x01\x01\x03\x00\x02\x16\x0a\x16\x09\x1eA\x12\x01\x01\x0a\x15\x0a" +
		"\x19\x06\x19&7\x06\x01@\x03\x01\x01\x05\x07\x01\x02\x01\x1c\x02\x02\x04\x00 \x1c\x03\x1c#\x07\x01" +
		"\x1d\x195\x0a\x15\x0a\x12\x0d\x11nH72\x0d2\x0d'\x08\x09\x06%\x03\x04\x01\x16\xfa\x01)\x01\x01\x03" +
		"\x01\x10\x052\"\x0a\x00\x08 \x1f\x15*\x14\x1b\x16\x09F\x1f\x0f\x09;\x07\x00\x0d\x18\x07\x09\x064\x01" +
		"\x09\x04\x03\x08#\x02\x00\x09D\x04\x03\x01\x0c\x01\x00#\x11\x01$\x06\x03>\x06\x01\x00\x01\x03\x01" +
		"\x0e\x01\x09\x07:\x05\x09\x06\x03\x01\x07\x02\x01\x02\x15\x01\x06\x01\x01\x01\x04\x01\x09\x02\x01" +
		"\x02\x02\x02\x00\x06\x00\x05\x06\x02\x06\x03\x04\x0b\x09\x01\x00\x02\x00\x01%\x01\x09\x01\x00\x02" +
		"\x00\x01\x03\x01\x07\x0d\x01\x1dJ\x05\x09\x04\x03\x1eE\x01\x00\x08\x09\xa6\x015\x02\x08\x17\x05\"@" +
		"\x03\x00\x0b\x09&8\x07\x09\x06\x13\x1c\x1a\x02\x0e\x04\x09\x06\x06\xb9\x01:eI\x15\x07\x02\x00\x02" +
		"\x07\x01\x01\x01\x1d\x01\x01\x02\x08\x0c\x09F\x07\x02-\x02\x07\x01\x01\x1b>\x08\x00\x08I\x03\x00\x12" +
		"Hg\x07X \x0f\x09\x06\x08\x01,\x01\x08\x0f\x09\x18\x1d\x02\x15\x01\x0dI\x06\x01\x01\x01+\x03\x00\x01" +
		"\x01\x01\x08\x08\x09\x06\x05\x01\x01\x01$\x01\x01\x01\x05\x07\x09\x06+\x04\x09\xf6\x01\x16\x09\x10" +
		"\x01(\x03\x04\x0d\x0aU\x00O\x99\x07fn\x11\xc3\x01\xcc\x14`\x0f\xaf\x08\x10\x15\x0a\x9a\x1f\x05\xc6" +
		"\x04\xb959\xc6\x0d\xb8\x04\x07\x1e\x01\x09\x06N\x01\x09\x06\x1d\x02\x04\x0b6\x09\x03\x0c\x09\x09\x14" +
		"\x05\x12\xb0\x03,\x03\x09\xc6\x01? \x18\x02\x18,J\x048\x07\x10@\x01\x01\x01\x0b\x06\x09\xd59)\x1far" +
		"\xfdC\x03\x01\x06\x01\x01\x01\xa2\x02\x0f\x00\x1d\x02\x02\x00\x0e\x03\x08\x8b\x03\x84\x12j\x05\x0c" +
		"\x03\x08\x07\x09\x03\x01\xd1 \x09\x86\x04-\x02\x16\x9e\x04\x04\x03\x05\x08\x07\x02\x06\x1e\x03\x94" +
		"\x01\x02\xbb\x03T\x01F\x01\x01\x02\x00\x02\x01\x02\x03\x01\x0b\x01\x00\x01\x06\x01@\x01\x03\x02\x07" +
		"\x01\x06\x01\x1b\x01\x03\x01\x04\x01\x00\x03\x06\x01\xd3\x02\x02\x18\x01\x18\x01\x1e\x01\x18\x01\x1e" +
		"\x01\x18\x01\x1e\x01\x18\x01\x1e\x01\x18\x01\x07\x021\x80\x046\x041\x08\x00\x0e\x00\x16\x04\x01\x0e" +
		"\xd0\x08\x1e\x06\x05\xd5\x01\x06\x01\x10\x02\x06\x01\x01\x01\x04\x05=!\x00p,\x03\x0d\x02\x09\x04\x00" +
		"\xc1\x02\x1e\x119\xd6\x03)\xd6\x01*\xc5\x01\x1e\x01\x15\x08\x01\xe0\x01\x06\x01\x03\x01\x01\x01\x0e" +
		"\x01\xc4\x01\x0b\x06)K\x04\x09\xa6\x09\x03\x01\x1a\x01\x01\x01\x00\x02\x00\x01\x09\x01\x03\x01\x00" +
		"\x01\x00\x06\x00\x04\x00\x01\x00\x01\x00\x01\x02\x01\x01\x01\x00\x02\x00\x01\x00\x01\x00\x01\x00\x01" +
		"\x00\x01\x01\x01\x00\x02\x03\x01\x06\x01\x03\x01\x03\x01\x00\x01\x09\x01\x10\x05\x02\x01\x04\x01\x10" +
		"\xb4\x1a\x09\x86\x08\xdf\xcd\x02 \x9d\"\x02\x8d-\x02\xb0:\x0f\xed\x04\xa2\x13\x9d\x04\xe2\x0b\xca&" +
		"\x05\xa9B\x86\x99+\xef\x01"},
	{"XID_Start", "A\x19\x06\x19/\x00\x0a\x00\x04\x00\x05\x16\x01\x1e\x01\xc9\x03\x04\x0b\x0e\x04\x07\x00\x01\x00\x81" +
		"\x01\x04\x01\x01\x03\x02\x01\x00\x06\x00\x01\x02\x01\x00\x01\x13\x01R\x01\x8a\x01\x08\xa5\x01\x01%" +
		"\x02\x00\x06(G\x1a\x04\x03-*#\x01\x01b\x01\x00\x0f\x01\x07\x01\x0a\x02\x02\x00\x10\x00\x01\x1d\x1dX" +
		"\x0b\x00\x18 \x09\x01\x04\x00\x05\x15\x04\x00\x09\x00\x03\x00\x17\x18\x07\x0a\x05\x17\x01\x06\x10):5" +
		"\x03\x00\x12\x00\x07\x09\x0f\x0f\x04\x07\x02\x01\x02\x15\x01\x06\x01\x00\x03\x03\x03\x00\x10\x00\x0d" +
		"\x01\x01\x02\x0e\x01\x0a\x00\x08\x05\x04\x01\x02\x15\x01\x06\x01\x01\x01\x01\x01\x01\x1f\x03\x01\x00" +
		"\x13\x02\x10\x08\x01\x02\x01\x15\x01\x06\x01\x01\x01\x04\x03\x00\x12\x00\x0f\x01\x17\x00\x0b\x07\x02" +
		"\x01\x02\x15\x01\x06\x01\x01\x01\x04\x03\x00\x1e\x01\x01\x02\x0f\x00\x11\x00\x01\x05\x03\x02\x01\x03" +
		"\x03\x01\x01\x00\x01\x01\x03\x01\x03\x02\x03\x0b\x16\x004\x07\x01\x02\x01\x16\x01\x0f\x03\x00\x1a" +
		"\x02\x01\x01\x02\x01\x1e\x00\x04\x07\x01\x02\x01\x16\x01\x09\x01\x04\x03\x00\x1e\x02\x01\x01\x0f\x01" +
		"\x11\x08\x01\x02\x01(\x02\x00\x10\x00\x05\x02\x08\x02\x18\x05\x05\x11\x03\x17\x01\x08\x01\x00\x02" +
		"\x06:/\x01\x00\x0d\x06:\x01\x01\x00\x01\x04\x01\x17\x01\x00\x01\x09\x01\x00\x0a\x00\x02\x04\x01\x00" +
		"\x15\x03 \x00?\x07\x01#\x1b\x04s*\x14\x00\x10\x05\x04\x03\x03\x00\x03\x01\x07\x02\x04\x0c\x0c\x00" +
		"\x11%\x01\x00\x05\x00\x02*\x01\xcc\x02\x01\x03\x02\x06\x01\x00\x01\x03\x02(\x01\x03\x02 \x01\x03\x02" +
		"\x06\x01\x00\x01\x03\x02\x0e\x018\x01\x03\x02B%\x0f\x10U\x02\x05\x03\xeb\x04\x02\x10\x01\x19\x05J" +
		"\x03\x0a\x07\x11\x0d\x12\x0e\x11\x0e\x0c\x01\x02\x0f3#\x00\x04\x00CX\x07(\x01\x00\x05E\x0a\x1e1\x1d" +
		"\x02\x04\x0b+\x04\x196\x16\x094R\x00].\x11\x076\x1d\x0d\x01\x0a+\x1a#)\x02\x0a#\x02\x0a\x05*\x02\x02" +
		")\x03\x01\x05\x01\x01\x03\x00\x05\xbf\x01@\x95\x02\x02\x05\x02%\x02\x05\x02\x07\x01\x00\x01\x00\x01" +
		"\x00\x01\x1e\x024\x01\x06\x01\x00\x03\x02\x01\x06\x03\x03\x02\x05\x04\x0c\x05\x02\x01\x06t\x00\x0d" +
		"\x00\x10\x0ce\x00\x04\x00\x02\x09\x01\x00\x02\x05\x06\x00\x01\x00\x01\x00\x01\x0f\x02\x03\x05\x04" +
		"\x04\x00\x11(\xf7\x14\xe4\x01\x06\x03\x03\x01\x0c%\x01\x00\x05\x00\x027\x07\x00\x10\x16\x09\x06\x01" +
		"\x06\x01\x06\x01\x06\x01\x06\x01\x06\x01\x06\x01\x06\xa6\x04\x02\x19\x08\x07\x04\x02\x04\x04U\x06" +
		"\x02\x01Y\x01\x03\x05*\x01]\x11\x1f0\x0f\x80\x04\xbf3@\x8c\xad\x01C-\x02\x8c\x02\x03\x0f\x0a\x01\x14" +
		".\x10\x1e\x02O'\x08\x02f\x02Q\x14\x10\x01\x02\x01\x03\x01\x16\x1d3\x0e1>\x05\x03\x00\x01\x01\x0b\x1b" +
		"\x0a\x16\x19\x1c\x07.\x1c\x00\x10\x04\x01\x09\x0a\x04\x01(\x17\x02\x01\x07\x14\x16\x03\x00\x031\x01" +
		"\x00\x03\x01\x02\x04\x02\x00\x01\x00\x18\x02\x02\x0a\x07\x02\x0c\x05\x02\x05\x02\x05\x09\x06\x01\x06" +
		"\x01*\x01\x0d\x06r\x1d\xa3W\x0c\x16\x040\x84B\xed\x02\x02i&\x06\x0c\x04\x05\x00\x01\x09\x01\x0c\x01" +
		"\x04\x01\x00\x01\x01\x01\x01\x01k!\x8a\x01\x06\xd9\x01\x12?\x025(\x09w\x00\x01\x00\x03\x00\x01\x00" +
		"\x01\x00\x01\x00\x01}$\x19\x06\x19\x0b7\x02\x1e\x03\x05\x02\x05\x02\x05\x02\x02#\x0b\x01\x19\x01\x12" +
		"\x01\x01\x01\x0e\x02\x0d\"zE4\x8b\x02\x1c\x030/\x1f\x0d\x1d\x05%\x0a\x1d\x02#\x04\x07\x01\x04*\x9d" +
		"\x01\x12#\x04#\x04'\x083\x0c\x0a\x01\x0e\x01\x06\x01\x01\x01\x0a\x01\x0e\x01\x06\x01\x01\x033\x0c" +
		"\xb6\x02\x09\x15\x0a\x07\x18\x05\x01)\x01\x08E\x05\x02\x00\x01+\x01\x01\x03\x00\x02\x16\x0a\x16\x09" +
		"\x1eA\x12\x01\x01\x0a\x15\x0a\x19\x06\x19&7\x06\x01@\x00\x0f\x03\x01\x02\x01\x1c*\x1c\x03\x1c#\x07" +
		"\x01\x1b\x1b5\x0a\x15\x0a\x12\x0d\x11nH72\x0d2\x0d#&\x1b\x09\x16\xfa\x01)\x06\x01\x10\x058\x1c\x0a" +
		"\x00\x08\x15*\x11.\x14\x1b\x16\x0c49\x01\x02\x00\x0d, \x18\x1a#\x1d\x00\x02\x00\x08\"\x03\x00\x0c/" +
		"\x0e\x03\x15\x00\x01\x00#\x11\x01\x18\x13\x01?\x06\x01\x00\x01\x03\x01\x0e\x01\x09\x07.&\x07\x02\x01" +
		"\x02\x15\x01\x06\x01\x01\x01\x04\x03\x00\x12\x00\x0c\x04\x1e\x09\x01\x00\x02\x00\x01%\x01\x00\x19" +
		"\x00\x01\x00,4\x12\x03\x14\x02\x1e/\x14\x01\x01\x00\xb8\x01.)\x03$/\x14\x00;*\x0d\x00G\x1a%\x06\xb9" +
		"\x01+t?\x1f\x07\x02\x00\x02\x07\x01\x01\x01\x17\x0f\x00\x01\x00^\x07\x02&\x10\x00\x01\x00\x1c\x00" +
		"\x0a'\x07\x00\x15\x00\x0b-\x13\x00\x12H\xc7\x01 \x1f\x08\x01$\x11\x001\x1dp\x06\x01\x01\x01%\x15\x00" +
		"\x19\x05\x01\x01\x01\x1f\x0e\x00\x17+\x84\x02\x12\x0f\x00\x01\x0c\x01!|\x00O\x99\x07fn\x11\xc3\x01" +
		"\xcc\x14`\x0f\xaf\x08\x11\x05\x19\x9a\x1f\x05\xc6\x04\xb95\x1d\xe2\x0d\xb8\x04\x07\x1e\x11N\x11\x1d" +
		"\x12/\x10\x03\x1f\x14\x05\x12\xb0\x03,\xd3\x01? \x18\x02\x18,J\x05\x00B\x0c@\x01\x01\x00\x0e\x04\x09" +
		"\xd59)\x1far\xfdC\x03\x01\x06\x01\x01\x01\xa2\x02\x0f\x00\x1d\x02\x02\x00\x0e\x03\x08\x8b\x03\x84" +
		"\x12j\x05\x0c\x03\x08\x07\x09\xe6.T\x01F\x01\x01\x02\x00\x02\x01\x02\x03\x01\x0b\x01\x00\x01\x06\x01" +
		"@\x01\x03\x02\x07\x01\x06\x01\x1b\x01\x03\x01\x04\x01\x00\x03\x06\x01\xd3\x02\x02\x18\x01\x18\x01" +
		"\x1e\x01\x18\x01\x1e\x01\x18\x01\x1e\x01\x18\x01\x1e\x01\x18\x01\x07\xb4\x0e\x1e\x06\x05\x85\x02=" +
		"\x92\x01,\x0a\x06\x10\x00\xc1\x02\x1d\x12+\xe4\x03\x1b\xe4\x01\x1d\x02\x00\xcf\x01\x1e\x01\x02\x01" +
		"\x01\x01\x06\x02\x04\x09\x01\xe0\x01\x06\x01\x03\x01\x01\x01\x0e\x01\xc4\x01;C\x07\x00\xb4\x09\x03" +
		"\x01\x1a\x01\x01\x01\x00\x02\x00\x01\x09\x01\x03\x01\x00\x01\x00\x06\x00\x04\x00\x01\x00\x01\x00\x01" +
		"\x02\x01\x01\x01\x00\x02\x00\x01\x00\x01\x00\x01\x00\x01\x00\x01\x01\x01\x00\x02\x03\x01\x06\x01\x03" +
		"\x01\x03\x01\x00\x01\x09\x01\x10\x05\x02\x01\x04\x01\x10\xc4\"\xdf\xcd\x02 \x9d\"\x02\x8d-\x02\xb0:" +
		"\x0f\xed\x04\xa2\x13\x9d\x04\xe2\x0b\xca&\x05\xa9B"},
}

// ucdBinaryAliases maps the names and aliases of table 67 to the
// canonical name.
var ucdBinaryAliases = [...]ucdAlias{
	{"AHex", "ASCII_Hex_Digit"},
	{"ASCII", "ASCII"},
	{"ASCII_Hex_Digit", "ASCII_Hex_Digit"},
	{"Alpha", "Alphabetic"},
	{"Alphabetic", "Alphabetic"},
	{"Any", "Any"},
	{"Assigned", "Assigned"},
	{"Bidi_C", "Bidi_Control"},
	{"Bidi_Control", "Bidi_Control"},
	{"Bidi_M", "Bidi_Mirrored"},
	{"Bidi_Mirrored", "Bidi_Mirrored"},
	{"CI", "Case_Ignorable"},
	{"CWCF", "Changes_When_Casefolded"},
	{"CWCM", "Changes_When_Casemapped"},
	{"CWKCF", "Changes_When_NFKC_Casefolded"},
	{"CWL", "Changes_When_Lowercased"},
	{"CWT", "Changes_When_Titlecased"},
	{"CWU", "Changes_When_Uppercased"},
	{"Case_Ignorable", "Case_Ignorable"},
	{"Cased", "Cased"},
	{"Changes_When_Casefolded", "Changes_When_Casefolded"},
	{"Changes_When_Casemapped", "Changes_When_Casemapped"},
	{"Changes_When_Lowercased", "Changes_When_Lowercased"},
	{"Changes_When_NFKC_Casefolded", "Changes_When_NFKC_Casefolded"},
	{"Changes_When_Titlecased", "Changes_When_Titlecased"},
	{"Changes_When_Uppercased", "Changes_When_Uppercased"},
	{"DI", "Default_Ignorable_Code_Point"},
	{"Dash", "Dash"},
	{"Default_Ignorable_Code_Point", "Default_Ignorable_Code_Point"},
	{"Dep", "Deprecated"},
	{"Deprecated", "Deprecated"},
	{"Dia", "Diacritic"},
	{"Diacritic", "Diacritic"},
	{"EBase", "Emoji_Modifier_Base"},
	{"EComp", "Emoji_Component"},
	{"EMod", "Emoji_Modifier"},
	{"EPres", "Emoji_Presentation"},
	{"Emoji", "Emoji"},
	{"Emoji_Component", "Emoji_Component"},
	{"Emoji_Modifier", "Emoji_Modifier"},
	{"Emoji_Modifier_Base", "Emoji_Modifier_Base"},
	{"Emoji_Presentation", "Emoji_Presentation"},
	{"Ext", "Extender"},
	{"ExtPict", "Extended_Pictographic"},
	{"Extended_Pictographic", "Extended_Pictographic"},
	{"Extender", "Extender"},
	{"Gr_Base", "Grapheme_Base"},
	{"Gr_Ext", "Grapheme_Extend"},
	{"Grapheme_Base", "Grapheme_Base"},
	{"Grapheme_Extend", "Grapheme_Extend"},
	{"Hex", "Hex_Digit"},
	{"Hex_Digit", "Hex_Digit"},
	{"IDC", "ID_Continue"},
	{"IDS", "ID_Start"},
	{"IDSB", "IDS_Binary_Operator"},
	{"IDST", "IDS_Trinary_Operator"},
	{"IDS_Binary_Operator", "IDS_Binary_Operator"},
	{"IDS_Trinary_Operator", "IDS_Trinary_Operator"},
	{"ID_Continue", "ID_Continue"},
	{"ID_Start", "ID_Start"},
	{"Ideo", "Ideographic"},
	{"Ideographic", "Ideographic"},
	{"Join_C", "Join_Control"},
	{"Join_Control", "Join_Control"},
	{"LOE", "Logical_Order_Exception"},
	{"Logical_Order_Exception", "Logical_Order_Exception"},
	{"Lower", "Lowercase"},
	{"Lowercase", "Lowercase"},
	{"Math", "Math"},
	{"NChar", "Noncharacter_Code_Point"},
	{"Noncharacter_Code_Point", "Noncharacter_Code_Point"},
	{"Pat_Syn", "Pattern_Syntax"},
	{"Pat_WS", "Pattern_White_Space"},
	{"Pattern_Syntax", "Pattern_Syntax"},
	{"Pattern_White_Space", "Pattern_White_Space"},
	{"QMark", "Quotation_Mark"},
	{"Quotation_Mark", "Quotation_Mark"},
	{"RI", "Regional_Indicator"},
	{"Radical", "Radical"},
	{"Regional_Indicator", "Regional_Indicator"},
	{"SD", "Soft_Dotted"},
	{"STerm", "Sentence_Terminal"},
	{"Sentence_Terminal", "Sentence_Terminal"},
	{"Soft_Dotted", "Soft_Dotted"},
	{"Term", "Terminal_Punctuation"},
	{"Terminal_Punctuation", "Terminal_Punctuation"},
	{"UIdeo", "Unified_Ideograph"},
	{"Unified_Ideograph", "Unified_Ideograph"},
	{"Upper", "Uppercase"},
	{"Uppercase", "Uppercase"},
	{"VS", "Variation_Selector"},
	{"Variation_Selector", "Variation_Selector"},
	{"White_Space", "White_Space"},
	{"XIDC", "XID_Continue"},
	{"XIDS", "XID_Start"},
	{"XID_Continue", "XID_Continue"},
	{"XID_Start", "XID_Start"},
	{"space", "White_Space"},
}

// ucdSimpleFolding is simple case folding (CaseFolding.txt C and S) in
// decodeMap format.
const ucdSimpleFolding = "A@\x00@\x00@\x00@\x00@\x00@\x00@\x00@\x00@\x00@\x00@\x00@\x00@\x00@\x00@\x00@\x00@\x00@\x00@\x00@" +
	"\x00@\x00@\x00@\x00@\x00@\x00@Z\x8e\x0c\x0a@\x00@\x00@\x00@\x00@\x00@\x00@\x00@\x00@\x00@\x00@\x00@" +
	"\x00@\x00@\x00@\x00@\x00@\x00@\x00@\x00@\x00@\x00@\x00@\x01@\x00@\x00@\x00@\x00@\x00@\x00@!\x02\x01" +
	"\x02\x01\x02\x01\x02\x01\x02\x01\x02\x01\x02\x01\x02\x01\x02\x01\x02\x01\x02\x01\x02\x01\x02\x01\x02" +
	"\x01\x02\x01\x02\x01\x02\x01\x02\x01\x02\x01\x02\x01\x02\x01\x02\x01\x02\x01\x02\x03\x02\x01\x02\x01" +
	"\x02\x02\x02\x01\x02\x01\x02\x01\x02\x01\x02\x01\x02\x01\x02\x01\x02\x02\x02\x01\x02\x01\x02\x01\x02" +
	"\x01\x02\x01\x02\x01\x02\x01\x02\x01\x02\x01\x02\x01\x02\x01\x02\x01\x02\x01\x02\x01\x02\x01\x02\x01" +
	"\x02\x01\x02\x01\x02\x01\x02\x01\x02\x01\x02\x01\x02\x01\xf1\x01\x00\x02\x01\x02\x01\x02\x01\x97\x04" +
	"\x01\xa4\x03\x00\x02\x01\x02\x01\x9c\x03\x00\x02\x01\x9a\x03\x00\x9a\x03\x00\x02\x02\x9e\x01\x00\x94" +
	"\x03\x00\x96\x03\x00\x02\x01\x9a\x03\x00\x9e\x03\x01\xa6\x03\x00\xa2\x03\x00\x02\x03\xa6\x03\x00\xaa" +
	"\x03\x01\xac\x03\x00\x02\x01\x02\x01\x02\x01\xb4\x03\x00\x02\x01\xb4\x03\x02\x02\x01\xb4\x03\x00\x02" +
	"\x01\xb2\x03\x00\xb2\x03\x00\x02\x01\x02\x01\xb6\x03\x00\x02\x03\x02\x07\x04\x00\x02\x01\x04\x00\x02" +
	"\x01\x04\x00\x02\x01\x02\x01\x02\x01\x02\x01\x02\x01\x02\x01\x02\x01\x02\x01\x02\x02\x02\x01\x02\x01" +
	"\x02\x01\x02\x01\x02\x01\x02\x01\x02\x01\x02\x01\x02\x02\x04\x00\x02\x01\x02\x01\xc1\x01\x00o\x00" +
	"\x02\x01\x02\x01\x02\x01\x02\x01\x02\x01\x02\x01\x02\x01\x02\x01\x02\x01\x02\x01\x02\x01\x02\x01\x02" +
	"\x01\x02\x01\x02\x01\x02\x01\x02\x01\x02\x01\x02\x01\x02\x01\x83\x02\x01\x02\x01\x02\x01\x02\x01\x02" +
	"\x01\x02\x01\x02\x01\x02\x01\x02\x01\x02\x07\xd6\xa8\x01\x00\x02\x01\xc5\x02\x00\xd0\xa8\x01\x02\x02" +
	"\x01\x85\x03\x00\x8a\x01\x00\x8e\x01\x00\x02\x01\x02\x01\x02\x01\x02\x01\x02\xf6\x01\xe8\x01*\x02" +
	"\x01\x02\x03\x02\x08\xe8\x01\x06L\x01J\x00J\x00J\x01\x80\x01\x01~\x00~\x01@\x00@\x00@\x00@\x00@\x00@" +
	"\x00@\x00@\x00@\x00@\x00@\x00@\x00@\x00@\x00@\x00@\x00@\x01@\x00@\x00@\x00@\x00@\x00@\x00@\x00@\x00@" +
	"\x16\x02\x0c\x10\x00;\x001\x03\x1d\x00+\x01\x02\x01\x02\x01\x02\x01\x02\x01\x02\x01\x02\x01\x02\x01" +
	"\x02\x01\x02\x01\x02\x01\x02\x01\x02\x01k\x00_\x02w\x00\x7f\x01\x02\x01\x0d\x00\x02\x02\x83\x02\x00" +
	"\x83\x02\x00\x83\x02\x00\xa0\x01\x00\xa0\x01\x00\xa0\x01\x00\xa0\x01\x00\xa0\x01\x00\xa0\x01\x00\xa0" +
	"\x01\x00\xa0\x01\x00\xa0\x01\x00\xa0\x01\x00\xa0\x01\x00\xa0\x01\x00\xa0\x01\x00\xa0\x01\x00\xa0\x01" +
	"\x00\xa0\x01\x00@\x00@\x00@\x00@\x00@\x00@\x00@\x00@\x00@\x00@\x00@\x00@\x00@\x00@\x00@\x00@\x00@" +
	"\x00@\x00@\x00@\x00@\x00@\x00@\x00@\x00@\x00@\x00@\x00@\x00@\x00@\x00@\x00@0\x02\x01\x02\x01\x02\x01" +
	"\x02\x01\x02\x01\x02\x01\x02\x01\x02\x01\x02\x01\x02\x01\x02\x01\x02\x01\x02\x01\x02\x01\x02\x01\x02" +
	"\x01\x02\x09\x02\x01\x02\x01\x02\x01\x02\x01\x02\x01\x02\x01\x02\x01\x02\x01\x02\x01\x02\x01\x02\x01" +
	"\x02\x01\x02\x01\x02\x01\x02\x01\x02\x01\x02\x01\x02\x01\x02\x01\x02\x01\x02\x01\x02\x01\x02\x01\x02" +
	"\x01\x02\x01\x02\x01\x02\x01\x1e\x00\x02\x01\x02\x01\x02\x01\x02\x01\x02\x01\x02\x01\x02\x02\x02\x01" +
	"\x02\x01\x02\x01\x02\x01\x02\x01\x02\x01\x02\x01\x02\x01\x02\x01\x02\x01\x02\x01\x02\x01\x02\x01\x02" +
	"\x01\x02\x01\x02\x01\x02\x01\x02\x01\x02\x01\x02\x01\x02\x01\x02\x01\x02\x01\x02\x01\x02\x01\x02\x01" +
	"\x02\x01\x02\x01\x02\x01\x02\x01\x02\x01\x02\x01\x02\x01\x02\x01\x02\x01\x02\x01\x02\x01\x02\x01\x02" +
	"\x01\x02\x01\x02\x01\x02\x01\x02\x01\x02\x01\x02\x01\x02\x01\x02\x01\x02\x02`\x00`\x00`\x00`\x00`" +
	"\x00`\x00`\x00`\x00`\x00`\x00`\x00`\x00`\x00`\x00`\x00`\x00`\x00`\x00`\x00`\x00`\x00`\x00`\x00`\x00`" +
	"\x00`\x00`\x00`\x00`\x00`\x00`\x00`\x00`\x00`\x00`\x00`\x00`\x00`\xc9\x16\xc0q\x00\xc0q\x00\xc0q\x00" +
	"\xc0q\x00\xc0q\x00\xc0q\x00\xc0q\x00\xc0q\x00\xc0q\x00\xc0q\x00\xc0q\x00\xc0q\x00\xc0q\x00\xc0q\x00" +
	"\xc0q\x00\xc0q\x00\xc0q\x00\xc0q\x00\xc0q\x00\xc0q\x00\xc0q\x00\xc0q\x00\xc0q\x00\xc0q\x00\xc0q\x00" +
	"\xc0q\x00\xc0q\x00\xc0q\x00\xc0q\x00\xc0q\x00\xc0q\x00\xc0q\x00\xc0q\x00\xc0q\x00\xc0q\x00\xc0q\x00" +
	"\xc0q\x00\xc0q\x01\xc0q\x05\xc0q\xaa\x06\x0f\x00\x0f\x00\x0f\x00\x0f\x00\x0f\x00\x0f\x82\x11\x9ba" +
	"\x00\x99a\x00\x87a\x00\x83a\x00\x83a\x00\x85a\x00\xf7`\x00\xc7`\x00\x86\xa7\x04\x00\x02\x06\xff.\x00" +
	"\xff.\x00\xff.\x00\xff.\x00\xff.\x00\xff.\x00\xff.\x00\xff.\x00\xff.\x00\xff.\x00\xff.\x00\xff.\x00" +
	"\xff.\x00\xff.\x00\xff.\x00\xff.\x00\xff.\x00\xff.\x00\xff.\x00\xff.\x00\xff.\x00\xff.\x00\xff.\x00" +
	"\xff.\x00\xff.\x00\xff.\x00\xff.\x00\xff.\x00\xff.\x00\xff.\x00\xff.\x00\xff.\x00\xff.\x00\xff.\x00" +
	"\xff.\x00\xff.\x00\xff.\x00\xff.\x00\xff.\x00\xff.\x00\xff.\x00\xff.\x00\xff.\x02\xff.\x00\xff.\x00" +
	"\xff.\xc0\x02\x02\x01\x02\x01\x02\x01\x02\x01\x02\x01\x02\x01\x02\x01\x02\x01\x02\x01\x02\x01\x02" +
	"\x01\x02\x01\x02\x01\x02\x01\x02\x01\x02\x01\x02\x01\x02\x01\x02\x01\x02\x01\x02\x01\x02\x01\x02\x01" +
	"\x02\x01\x02\x01\x02\x01\x02\x01\x02\x01\x02\x01\x02\x01\x02\x01\x02\x01\x02\x01\x02\x01\x02\x01\x02" +
	"\x01\x02\x01\x02\x01\x02\x01\x02\x01\x02\x01\x02\x01\x02\x01\x02\x01\x02\x01\x02\x01\x02\x01\x02\x01" +
	"\x02\x01\x02\x01\x02\x01\x02\x01\x02\x01\x02\x01\x02\x01\x02\x01\x02\x01\x02\x01\x02\x01\x02\x01\x02" +
	"\x01\x02\x01\x02\x01\x02\x01\x02\x01\x02\x01\x02\x01\x02\x01\x02\x01\x02\x01\x02\x01\x02\x01\x02\x01" +
	"\x02\x01\x02\x06s\x02\xfdv\x01\x02\x01\x02\x01\x02\x01\x02\x01\x02\x01\x02\x01\x02\x01\x02\x01\x02" +
	"\x01\x02\x01\x02\x01\x02\x01\x02\x01\x02\x01\x02\x01\x02\x01\x02\x01\x02\x01\x02\x01\x02\x01\x02\x01" +
	"\x02\x01\x02\x01\x02\x01\x02\x01\x02\x01\x02\x01\x02\x01\x02\x01\x02\x01\x02\x01\x02\x01\x02\x01\x02" +
	"\x01\x02\x01\x02\x01\x02\x01\x02\x01\x02\x01\x02\x01\x02\x01\x02\x01\x02\x01\x02\x01\x02\x01\x02\x01" +
	"\x02\x01\x02\x09\x0f\x00\x0f\x00\x0f\x00\x0f\x00\x0f\x00\x0f\x00\x0f\x00\x0f\x08\x0f\x00\x0f\x00\x0f" +
	"\x00\x0f\x00\x0f\x00\x0f\x0a\x0f\x00\x0f\x00\x0f\x00\x0f\x00\x0f\x00\x0f\x00\x0f\x00\x0f\x08\x0f\x00" +
	"\x0f\x00\x0f\x00\x0f\x00\x0f\x00\x0f\x00\x0f\x00\x0f\x08\x0f\x00\x0f\x00\x0f\x00\x0f\x00\x0f\x00\x0f" +
	"\x0b\x0f\x01\x0f\x01\x0f\x01\x0f\x08\x0f\x00\x0f\x00\x0f\x00\x0f\x00\x0f\x00\x0f\x00\x0f\x00\x0f\x18" +
	"\x0f\x00\x0f\x00\x0f\x00\x0f\x00\x0f\x00\x0f\x00\x0f\x00\x0f\x08\x0f\x00\x0f\x00\x0f\x00\x0f\x00\x0f" +
	"\x00\x0f\x00\x0f\x00\x0f\x08\x0f\x00\x0f\x00\x0f\x00\x0f\x00\x0f\x00\x0f\x00\x0f\x00\x0f\x08\x0f\x00" +
	"\x0f\x00\x93\x01\x00\x93\x01\x00\x11\x01\x89p\x09\xab\x01\x00\xab\x01\x00\xab\x01\x00\xab\x01\x00" +
	"\x11\x06\x85q\x04\x0f\x00\x0f\x00\xc7\x01\x00\xc7\x01\x07\xe5p\x04\x0f\x00\x0f\x00\xdf\x01\x00\xdf" +
	"\x01\x00\x0d\x0b\xff\x01\x00\xff\x01\x00\xfb\x01\x00\xfb\x01\x00\x11\xa9\x02\xb9u\x03\xfd\x82\x01" +
	"\x00\x8b\x81\x01\x068- \x00 \x00 \x00 \x00 \x00 \x00 \x00 \x00 \x00 \x00 \x00 \x00 \x00 \x00 \x00 " +
	"\x13\x02\xb2\x064\x004\x004\x004\x004\x004\x004\x004\x004\x004\x004\x004\x004\x004\x004\x004\x004" +
	"\x004\x004\x004\x004\x004\x004\x004\x004\x004\xb0\x0e`\x00`\x00`\x00`\x00`\x00`\x00`\x00`\x00`\x00`" +
	"\x00`\x00`\x00`\x00`\x00`\x00`\x00`\x00`\x00`\x00`\x00`\x00`\x00`\x00`\x00`\x00`\x00`\x00`\x00`\x00`" +
	"\x00`\x00`\x00`\x00`\x00`\x00`\x00`\x00`\x00`\x00`\x00`\x00`\x00`\x00`\x00`\x00`\x00`\x00`0\x02\x01" +
	"\xed\xa7\x01\x00\xcb;\x00\xcd\xa7\x01\x02\x02\x01\x02\x01\x02\x01\xb7\xa8\x01\x00\xf9\xa7\x01\x00" +
	"\xbd\xa8\x01\x00\xbb\xa8\x01\x01\x02\x02\x02\x08\xfd\xa8\x01\x00\xfd\xa8\x01\x00\x02\x01\x02\x01\x02" +
	"\x01\x02\x01\x02\x01\x02\x01\x02\x01\x02\x01\x02\x01\x02\x01\x02\x01\x02\x01\x02\x01\x02\x01\x02\x01" +
	"\x02\x01\x02\x01\x02\x01\x02\x01\x02\x01\x02\x01\x02\x01\x02\x01\x02\x01\x02\x01\x02\x01\x02\x01\x02" +
	"\x01\x02\x01\x02\x01\x02\x01\x02\x01\x02\x01\x02\x01\x02\x01\x02\x01\x02\x01\x02\x01\x02\x01\x02\x01" +
	"\x02\x01\x02\x01\x02\x01\x02\x01\x02\x01\x02\x01\x02\x01\x02\x01\x02\x01\x02\x08\x02\x01\x02\x04\x02" +
	"\xcd\xf2\x01\x02\x01\x02\x01\x02\x01\x02\x01\x02\x01\x02\x01\x02\x01\x02\x01\x02\x01\x02\x01\x02\x01" +
	"\x02\x01\x02\x01\x02\x01\x02\x01\x02\x01\x02\x01\x02\x01\x02\x01\x02\x01\x02\x01\x02\x01\x02\x13\x02" +
	"\x01\x02\x01\x02\x01\x02\x01\x02\x01\x02\x01\x02\x01\x02\x01\x02\x01\x02\x01\x02\x01\x02\x01\x02\x01" +
	"\x02\x87\x01\x02\x01\x02\x01\x02\x01\x02\x01\x02\x01\x02\x01\x02\x03\x02\x01\x02\x01\x02\x01\x02\x01" +
	"\x02\x01\x02\x01\x02\x01\x02\x01\x02\x01\x02\x01\x02\x01\x02\x01\x02\x01\x02\x01\x02\x01\x02\x01\x02" +
	"\x01\x02\x01\x02\x01\x02\x01\x02\x01\x02\x01\x02\x01\x02\x01\x02\x01\x02\x01\x02\x01\x02\x01\x02\x01" +
	"\x02\x01\x02\x0a\x02\x01\x02\x01\x87\xa8\x04\x00\x02\x01\x02\x01\x02\x01\x02\x01\x02\x04\x02\x01\xcf" +
	"\x94\x05\x02\x02\x01\x02\x03\x02\x01\x02\x01\x02\x01\x02\x01\x02\x01\x02\x01\x02\x01\x02\x01\x02\x01" +
	"\x02\x01\x87\x95\x05\x00\x9d\x95\x05\x00\x95\x95\x05\x00\x81\x95\x05\x00\x87\x95\x05\x01\xa3\x94\x05" +
	"\x00\xd3\x94\x05\x00\xa9\x94\x05\x00\xc0\x0e\x00\x02\x01\x02\x01\x02\x01\x02\x01\x02\x01\x02\x01\x02" +
	"\x01\x02\x01_\x00\x85\x95\x05\x00\xef\xa8\x04\x00\x02\x01\x02\x01\xcd\x95\x05\x00\x02\x01\x02\x01" +
	"\x02\x01\x02\x01\x02\x01\x02\x01\x02\x01\x02\x01\x81\x99\x05\x18\x02\xfa\x06\x9f\xdf\x04\x00\x9f\xdf" +
	"\x04\x00\x9f\xdf\x04\x00\x9f\xdf\x04\x00\x9f\xdf\x04\x00\x9f\xdf\x04\x00\x9f\xdf\x04\x00\x9f\xdf\x04" +
	"\x00\x9f\xdf\x04\x00\x9f\xdf\x04\x00\x9f\xdf\x04\x00\x9f\xdf\x04\x00\x9f\xdf\x04\x00\x9f\xdf\x04\x00" +
	"\x9f\xdf\x04\x00\x9f\xdf\x04\x00\x9f\xdf\x04\x00\x9f\xdf\x04\x00\x9f\xdf\x04\x00\x9f\xdf\x04\x00\x9f" +
	"\xdf\x04\x00\x9f\xdf\x04\x00\x9f\xdf\x04\x00\x9f\xdf\x04\x00\x9f\xdf\x04\x00\x9f\xdf\x04\x00\x9f\xdf" +
	"\x04\x00\x9f\xdf\x04\x00\x9f\xdf\x04\x00\x9f\xdf\x04\x00\x9f\xdf\x04\x00\x9f\xdf\x04\x00\x9f\xdf\x04" +
	"\x00\x9f\xdf\x04\x00\x9f\xdf\x04\x00\x9f\xdf\x04\x00\x9f\xdf\x04\x00\x9f\xdf\x04\x00\x9f\xdf\x04\x00" +
	"\x9f\xdf\x04\x00\x9f\xdf\x04\x00\x9f\xdf\x04\x00\x9f\xdf\x04\x00\x9f\xdf\x04\x00\x9f\xdf\x04\x00\x9f" +
	"\xdf\x04\x00\x9f\xdf\x04\x00\x9f\xdf\x04\x00\x9f\xdf\x04\x00\x9f\xdf\x04\x00\x9f\xdf\x04\x00\x9f\xdf" +
	"\x04\x00\x9f\xdf\x04\x00\x9f\xdf\x04\x00\x9f\xdf\x04\x00\x9f\xdf\x04\x00\x9f\xdf\x04\x00\x9f\xdf\x04" +
	"\x00\x9f\xdf\x04\x00\x9f\xdf\x04\x00\x9f\xdf\x04\x00\x9f\xdf\x04\x00\x9f\xdf\x04\x00\x9f\xdf\x04\x00" +
	"\x9f\xdf\x04\x00\x9f\xdf\x04\x00\x9f\xdf\x04\x00\x9f\xdf\x04\x00\x9f\xdf\x04\x00\x9f\xdf\x04\x00\x9f" +
	"\xdf\x04\x00\x9f\xdf\x04\x00\x9f\xdf\x04\x00\x9f\xdf\x04\x00\x9f\xdf\x04\x00\x9f\xdf\x04\x00\x9f\xdf" +
	"\x04\x00\x9f\xdf\x04\x00\x9f\xdf\x04\x00\x9f\xdf\x04\xc5\x9e\x01\x02\x9b\x08@\x00@\x00@\x00@\x00@" +
	"\x00@\x00@\x00@\x00@\x00@\x00@\x00@\x00@\x00@\x00@\x00@\x00@\x00@\x00@\x00@\x00@\x00@\x00@\x00@\x00@" +
	"\x00@\xc5\x09P\x00P\x00P\x00P\x00P\x00P\x00P\x00P\x00P\x00P\x00P\x00P\x00P\x00P\x00P\x00P\x00P\x00P" +
	"\x00P\x00P\x00P\x00P\x00P\x00P\x00P\x00P\x00P\x00P\x00P\x00P\x00P\x00P\x00P\x00P\x00P\x00P\x00P\x00P" +
	"\x00P\x00P\x88\x01P\x00P\x00P\x00P\x00P\x00P\x00P\x00P\x00P\x00P\x00P\x00P\x00P\x00P\x00P\x00P\x00P" +
	"\x00P\x00P\x00P\x00P\x00P\x00P\x00P\x00P\x00P\x00P\x00P\x00P\x00P\x00P\x00P\x00P\x00P\x00P\x00P\x9c" +
	"\x01N\x00N\x00N\x00N\x00N\x00N\x00N\x00N\x00N\x00N\x00N\x01N\x00N\x00N\x00N\x00N\x00N\x00N\x00N\x00N" +
	"\x00N\x00N\x00N\x00N\x00N\x00N\x01N\x00N\x00N\x00N\x00N\x00N\x00N\x01N\x00N\xea\x0d\x80\x01\x00\x80" +
	"\x01\x00\x80\x01\x00\x80\x01\x00\x80\x01\x00\x80\x01\x00\x80\x01\x00\x80\x01\x00\x80\x01\x00\x80\x01" +
	"\x00\x80\x01\x00\x80\x01\x00\x80\x01\x00\x80\x01\x00\x80\x01\x00\x80\x01\x00\x80\x01\x00\x80\x01\x00" +
	"\x80\x01\x00\x80\x01\x00\x80\x01\x00\x80\x01\x00\x80\x01\x00\x80\x01\x00\x80\x01\x00\x80\x01\x00\x80" +
	"\x01\x00\x80\x01\x00\x80\x01\x00\x80\x01\x00\x80\x01\x00\x80\x01\x00\x80\x01\x00\x80\x01\x00\x80\x01" +
	"\x00\x80\x01\x00\x80\x01\x00\x80\x01\x00\x80\x01\x00\x80\x01\x00\x80\x01\x00\x80\x01\x00\x80\x01\x00" +
	"\x80\x01\x00\x80\x01\x00\x80\x01\x00\x80\x01\x00\x80\x01\x00\x80\x01\x00\x80\x01\x00\x80\x01\x9d\x01" +
	"@\x00@\x00@\x00@\x00@\x00@\x00@\x00@\x00@\x00@\x00@\x00@\x00@\x00@\x00@\x00@\x00@\x00@\x00@\x00@\x00" +
	"@\x00@\xba\x16@\x00@\x00@\x00@\x00@\x00@\x00@\x00@\x00@\x00@\x00@\x00@\x00@\x00@\x00@\x00@\x00@\x00@" +
	"\x00@\x00@\x00@\x00@\x00@\x00@\x00@\x00@\x00@\x00@\x00@\x00@\x00@\x00@\x80\xab\x01@\x00@\x00@\x00@" +
	"\x00@\x00@\x00@\x00@\x00@\x00@\x00@\x00@\x00@\x00@\x00@\x00@\x00@\x00@\x00@\x00@\x00@\x00@\x00@\x00@" +
	"\x00@\x00@\x00@\x00@\x00@\x00@\x00@\x00@@6\x006\x006\x006\x006\x006\x006\x006\x006\x006\x006\x006" +
	"\x006\x006\x006\x006\x006\x006\x006\x006\x006\x006\x006\x006\x006\xc7\xf4\x01D\x00D\x00D\x00D\x00D" +
	"\x00D\x00D\x00D\x00D\x00D\x00D\x00D\x00D\x00D\x00D\x00D\x00D\x00D\x00D\x00D\x00D\x00D\x00D\x00D\x00D" +
	"\x00D\x00D\x00D\x00D\x00D\x00D\x00D\x00D\x00D"

// ucdCanonNonUnicode is Canonicalize without u/v (toUppercase restricted
// to single code units that do not map non-ASCII to ASCII) in decodeMap
// format; unlisted code units map to themselves.
const ucdCanonNonUnicode = "a?\x00?\x00?\x00?\x00?\x00?\x00?\x00?\x00?\x00?\x00?\x00?\x00?\x00?\x00?\x00?\x00?\x00?\x00?\x00?" +
	"\x00?\x00?\x00?\x00?\x00?\x00?:\xce\x0b*?\x00?\x00?\x00?\x00?\x00?\x00?\x00?\x00?\x00?\x00?\x00?\x00" +
	"?\x00?\x00?\x00?\x00?\x00?\x00?\x00?\x00?\x00?\x00?\x01?\x00?\x00?\x00?\x00?\x00?\x00?\x00\xf2\x01" +
	"\x01\x01\x01\x01\x01\x01\x01\x01\x01\x01\x01\x01\x01\x01\x01\x01\x01\x01\x01\x01\x01\x01\x01\x01\x01" +
	"\x01\x01\x01\x01\x01\x01\x01\x01\x01\x01\x01\x01\x01\x01\x01\x01\x01\x01\x01\x01\x01\x01\x01\x03\x01" +
	"\x01\x01\x01\x01\x02\x01\x01\x01\x01\x01\x01\x01\x01\x01\x01\x01\x01\x01\x01\x01\x02\x01\x01\x01\x01" +
	"\x01\x01\x01\x01\x01\x01\x01\x01\x01\x01\x01\x01\x01\x01\x01\x01\x01\x01\x01\x01\x01\x01\x01\x01\x01" +
	"\x01\x01\x01\x01\x01\x01\x01\x01\x01\x01\x01\x01\x01\x01\x01\x01\x02\x01\x01\x01\x01\x01\x01\x86\x03" +
	"\x02\x01\x01\x01\x02\x01\x03\x01\x05\x01\x02\xc2\x01\x03\x01\x00\xc6\x02\x00\x82\x99\x05\x02\x84\x02" +
	"\x02\x01\x01\x01\x01\x01\x02\x01\x04\x01\x02\x01\x03\x01\x01\x01\x02\x01\x03\x01\x01p\x05\x01\x00" +
	"\x03\x01\x01\x00\x03\x01\x01\x00\x03\x01\x01\x01\x01\x01\x01\x01\x01\x01\x01\x01\x01\x01\x01\x01\x01" +
	"\x00\x9d\x01\x01\x01\x01\x01\x01\x01\x01\x01\x01\x01\x01\x01\x01\x01\x01\x01\x01\x01\x02\x01\x00\x03" +
	"\x01\x01\x03\x01\x01\x01\x01\x01\x01\x01\x01\x01\x01\x01\x01\x01\x01\x01\x01\x01\x01\x01\x01\x01\x01" +
	"\x01\x01\x01\x01\x01\x01\x01\x01\x01\x01\x01\x01\x01\x01\x01\x01\x01\x03\x01\x01\x01\x01\x01\x01\x01" +
	"\x01\x01\x01\x01\x01\x01\x01\x01\x01\x01\x08\x01\x02\xfe\xa8\x01\x00\xfe\xa8\x01\x01\x01\x04\x01\x01" +
	"\x01\x01\x01\x01\x01\x01\x01\x00\xbe\xa8\x01\x00\xb8\xa8\x01\x00\xbc\xa8\x01\x00\xa3\x03\x00\x9b\x03" +
	"\x01\x99\x03\x00\x99\x03\x01\x93\x03\x01\x95\x03\x00\x9e\x95\x05\x03\x99\x03\x00\x96\x95\x05\x01\x9d" +
	"\x03\x00\xce\x95\x05\x00\xd0\x94\x05\x00\x88\x95\x05\x01\xa1\x03\x00\xa5\x03\x00\x88\x95\x05\x00\xee" +
	"\xa7\x01\x00\x82\x95\x05\x02\xa5\x03\x01\xfa\xa7\x01\x00\xa9\x03\x02\xab\x03\x07\xce\xa7\x01\x02\xb3" +
	"\x03\x01\x86\x95\x05\x00\xb3\x03\x03\xd4\x94\x05\x00\xb3\x03\x00\x89\x01\x00\xb1\x03\x00\xb1\x03\x00" +
	"\x8d\x01\x05\xb5\x03\x0a\xaa\x94\x05\x00\xa4\x94\x05\xa6\x01\xa8\x01+\x01\x01\x01\x03\x01\x03\x84" +
	"\x02\x00\x84\x02\x00\x84\x02.K\x00I\x00I\x00I\x01?\x00?\x00?\x00?\x00?\x00?\x00?\x00?\x00?\x00?\x00?" +
	"\x00?\x00?\x00?\x00?\x00?\x00?\x00=\x00?\x00?\x00?\x00?\x00?\x00?\x00?\x00?\x00?\x00\x7f\x00}\x00}" +
	"\x01{\x00q\x03]\x00k\x00\x0f\x01\x01\x01\x01\x01\x01\x01\x01\x01\x01\x01\x01\x01\x01\x01\x01\x01\x01" +
	"\x01\x01\x01\x01\x01\x01\x00\xab\x01\x00\x9f\x01\x00\x0e\x00\xe7\x01\x01\xbf\x01\x02\x01\x02\x014?" +
	"\x00?\x00?\x00?\x00?\x00?\x00?\x00?\x00?\x00?\x00?\x00?\x00?\x00?\x00?\x00?\x00?\x00?\x00?\x00?\x00?" +
	"\x00?\x00?\x00?\x00?\x00?\x00?\x00?\x00?\x00?\x00?\x00?\x00\x9f\x01\x00\x9f\x01\x00\x9f\x01\x00\x9f" +
	"\x01\x00\x9f\x01\x00\x9f\x01\x00\x9f\x01\x00\x9f\x01\x00\x9f\x01\x00\x9f\x01\x00\x9f\x01\x00\x9f\x01" +
	"\x00\x9f\x01\x00\x9f\x01\x00\x9f\x01\x00\x9f\x01\x01\x01\x01\x01\x01\x01\x01\x01\x01\x01\x01\x01\x01" +
	"\x01\x01\x01\x01\x01\x01\x01\x01\x01\x01\x01\x01\x01\x01\x01\x01\x01\x01\x01\x01\x01\x09\x01\x01\x01" +
	"\x01\x01\x01\x01\x01\x01\x01\x01\x01\x01\x01\x01\x01\x01\x01\x01\x01\x01\x01\x01\x01\x01\x01\x01\x01" +
	"\x01\x01\x01\x01\x01\x01\x01\x01\x01\x01\x01\x01\x01\x01\x01\x01\x01\x01\x01\x01\x01\x01\x01\x01\x01" +
	"\x02\x01\x01\x01\x01\x01\x01\x01\x01\x01\x01\x01\x01\x01\x00\x1d\x01\x01\x01\x01\x01\x01\x01\x01\x01" +
	"\x01\x01\x01\x01\x01\x01\x01\x01\x01\x01\x01\x01\x01\x01\x01\x01\x01\x01\x01\x01\x01\x01\x01\x01\x01" +
	"\x01\x01\x01\x01\x01\x01\x01\x01\x01\x01\x01\x01\x01\x01\x01\x01\x01\x01\x01\x01\x01\x01\x01\x01\x01" +
	"\x01\x01\x01\x01\x01\x01\x01\x01\x01\x01\x01\x01\x01\x01\x01\x01\x01\x01\x01\x01\x01\x01\x01\x01\x01" +
	"\x01\x01\x01\x01\x01\x01\x01\x01\x01\x01\x01\x011_\x00_\x00_\x00_\x00_\x00_\x00_\x00_\x00_\x00_\x00_" +
	"\x00_\x00_\x00_\x00_\x00_\x00_\x00_\x00_\x00_\x00_\x00_\x00_\x00_\x00_\x00_\x00_\x00_\x00_\x00_\x00_" +
	"\x00_\x00_\x00_\x00_\x00_\x00_\x00_\xc9\x16\x80/\x00\x80/\x00\x80/\x00\x80/\x00\x80/\x00\x80/\x00" +
	"\x80/\x00\x80/\x00\x80/\x00\x80/\x00\x80/\x00\x80/\x00\x80/\x00\x80/\x00\x80/\x00\x80/\x00\x80/\x00" +
	"\x80/\x00\x80/\x00\x80/\x00\x80/\x00\x80/\x00\x80/\x00\x80/\x00\x80/\x00\x80/\x00\x80/\x00\x80/\x00" +
	"\x80/\x00\x80/\x00\x80/\x00\x80/\x00\x80/\x00\x80/\x00\x80/\x00\x80/\x00\x80/\x00\x80/\x00\x80/\x00" +
	"\x80/\x00\x80/\x00\x80/\x00\x80/\x02\x80/\x00\x80/\x00\x80/\xf8\x05\x0f\x00\x0f\x00\x0f\x00\x0f\x00" +
	"\x0f\x00\x0f\x82\x11\xdba\x00\xd9a\x00\xc7a\x00\xc3a\x00\xc3a\x00\xc5a\x00\xb7a\x00\xc9`\x00\x84\xa7" +
	"\x04\x01\x01\xee\x01\x88\xa8\x04\x03\xcc;\x10\xf0\xa8\x04r\x01\x01\x01\x01\x01\x01\x01\x01\x01\x01" +
	"\x01\x01\x01\x01\x01\x01\x01\x01\x01\x01\x01\x01\x01\x01\x01\x01\x01\x01\x01\x01\x01\x01\x01\x01\x01" +
	"\x01\x01\x01\x01\x01\x01\x01\x01\x01\x01\x01\x01\x01\x01\x01\x01\x01\x01\x01\x01\x01\x01\x01\x01\x01" +
	"\x01\x01\x01\x01\x01\x01\x01\x01\x01\x01\x01\x01\x01\x01\x01\x01\x01\x01\x01\x01\x01\x01\x01\x01\x01" +
	"\x01\x01\x01\x01\x01\x01\x01\x01\x01\x01\x01\x01\x01\x01\x01\x01\x01\x01\x01\x01\x01\x01\x01\x01\x01" +
	"\x01\x01\x01\x01\x01\x01\x01\x01\x01\x01\x01\x01\x01\x01\x01\x01\x01\x01\x01\x01\x01\x01\x01\x01\x01" +
	"\x01\x01\x01\x01\x01\x01\x01\x01\x01\x01\x01\x01\x01\x01\x05u\x05\x01\x01\x01\x01\x01\x01\x01\x01" +
	"\x01\x01\x01\x01\x01\x01\x01\x01\x01\x01\x01\x01\x01\x01\x01\x01\x01\x01\x01\x01\x01\x01\x01\x01\x01" +
	"\x01\x01\x01\x01\x01\x01\x01\x01\x01\x01\x01\x01\x01\x01\x01\x01\x01\x01\x01\x01\x01\x01\x01\x01\x01" +
	"\x01\x01\x01\x01\x01\x01\x01\x01\x01\x01\x01\x01\x01\x01\x01\x01\x01\x01\x01\x01\x01\x01\x01\x01\x01" +
	"\x01\x01\x01\x01\x01\x01\x01\x01\x01\x01\x01\x01\x00\x10\x00\x10\x00\x10\x00\x10\x00\x10\x00\x10\x00" +
	"\x10\x00\x10\x08\x10\x00\x10\x00\x10\x00\x10\x00\x10\x00\x10\x0a\x10\x00\x10\x00\x10\x00\x10\x00\x10" +
	"\x00\x10\x00\x10\x00\x10\x08\x10\x00\x10\x00\x10\x00\x10\x00\x10\x00\x10\x00\x10\x00\x10\x08\x10\x00" +
	"\x10\x00\x10\x00\x10\x00\x10\x00\x10\x0b\x10\x01\x10\x01\x10\x01\x10\x08\x10\x00\x10\x00\x10\x00\x10" +
	"\x00\x10\x00\x10\x00\x10\x00\x10\x08\x94\x01\x00\x94\x01\x00\xac\x01\x00\xac\x01\x00\xac\x01\x00\xac" +
	"\x01\x00\xc8\x01\x00\xc8\x01\x00\x80\x02\x00\x80\x02\x00\xe0\x01\x00\xe0\x01\x00\xfc\x01\x00\xfc\x01" +
	"2\x10\x00\x10\x0c\xc9p\x11\x10\x00\x10\x0e\x10\x00\x10\x03\x0e\xe8\x027!\x1f\x00\x1f\x00\x1f\x00\x1f" +
	"\x00\x1f\x00\x1f\x00\x1f\x00\x1f\x00\x1f\x00\x1f\x00\x1f\x00\x1f\x00\x1f\x00\x1f\x00\x1f\x00\x1f\x04" +
	"\x01\xcb\x063\x003\x003\x003\x003\x003\x003\x003\x003\x003\x003\x003\x003\x003\x003\x003\x003\x003" +
	"\x003\x003\x003\x003\x003\x003\x003\x003\xc6\x0e_\x00_\x00_\x00_\x00_\x00_\x00_\x00_\x00_\x00_\x00_" +
	"\x00_\x00_\x00_\x00_\x00_\x00_\x00_\x00_\x00_\x00_\x00_\x00_\x00_\x00_\x00_\x00_\x00_\x00_\x00_\x00_" +
	"\x00_\x00_\x00_\x00_\x00_\x00_\x00_\x00_\x00_\x00_\x00_\x00_\x00_\x00_\x00_\x00_\x00_\x01\x01\x03" +
	"\xd5\xa8\x01\x00\xcf\xa8\x01\x01\x01\x01\x01\x01\x01\x06\x01\x02\x01\x0a\x01\x01\x01\x01\x01\x01\x01" +
	"\x01\x01\x01\x01\x01\x01\x01\x01\x01\x01\x01\x01\x01\x01\x01\x01\x01\x01\x01\x01\x01\x01\x01\x01\x01" +
	"\x01\x01\x01\x01\x01\x01\x01\x01\x01\x01\x01\x01\x01\x01\x01\x01\x01\x01\x01\x01\x01\x01\x01\x01\x01" +
	"\x01\x01\x01\x01\x01\x01\x01\x01\x01\x01\x01\x01\x01\x01\x01\x01\x01\x01\x01\x01\x01\x01\x01\x01\x01" +
	"\x01\x01\x01\x01\x01\x01\x01\x01\x01\x01\x01\x01\x01\x01\x01\x01\x01\x08\x01\x01\x01\x04\x01\x0c\xbf" +
	"q\x00\xbfq\x00\xbfq\x00\xbfq\x00\xbfq\x00\xbfq\x00\xbfq\x00\xbfq\x00\xbfq\x00\xbfq\x00\xbfq\x00\xbfq" +
	"\x00\xbfq\x00\xbfq\x00\xbfq\x00\xbfq\x00\xbfq\x00\xbfq\x00\xbfq\x00\xbfq\x00\xbfq\x00\xbfq\x00\xbfq" +
	"\x00\xbfq\x00\xbfq\x00\xbfq\x00\xbfq\x00\xbfq\x00\xbfq\x00\xbfq\x00\xbfq\x00\xbfq\x00\xbfq\x00\xbfq" +
	"\x00\xbfq\x00\xbfq\x00\xbfq\x00\xbfq\x01\xbfq\x05\xbfq\x93\xf2\x01\x01\x01\x01\x01\x01\x01\x01\x01" +
	"\x01\x01\x01\x01\x01\x01\x01\x01\x01\x01\x01\x01\x01\x01\x01\x01\x01\x01\x01\x01\x01\x01\x01\x01\x01" +
	"\x01\x01\x01\x01\x01\x01\x01\x01\x01\x01\x01\x01\x13\x01\x01\x01\x01\x01\x01\x01\x01\x01\x01\x01\x01" +
	"\x01\x01\x01\x01\x01\x01\x01\x01\x01\x01\x01\x01\x01\x01\x01\x87\x01\x01\x01\x01\x01\x01\x01\x01\x01" +
	"\x01\x01\x01\x01\x01\x03\x01\x01\x01\x01\x01\x01\x01\x01\x01\x01\x01\x01\x01\x01\x01\x01\x01\x01\x01" +
	"\x01\x01\x01\x01\x01\x01\x01\x01\x01\x01\x01\x01\x01\x01\x01\x01\x01\x01\x01\x01\x01\x01\x01\x01\x01" +
	"\x01\x01\x01\x01\x01\x01\x01\x01\x01\x01\x01\x01\x01\x01\x01\x01\x01\x0a\x01\x01\x01\x02\x01\x01\x01" +
	"\x01\x01\x01\x01\x01\x01\x04\x01\x04\x01\x01\x01\x00`\x02\x01\x01\x01\x01\x01\x01\x01\x01\x01\x01" +
	"\x01\x01\x01\x01\x01\x01\x01\x01\x01\x0b\x01\x01\x01\x01\x01\x01\x01\x01\x01\x01\x01\x01\x01\x01\x01" +
	"\x04\x01\x01\x01\x02\x01\x01\x01\x01\x01\x01\x01\x01\x01\x01\x01\x01\x01\x01\x01\x1a\x01\xdc\x06\xbf" +
	"\x0e\x1c\x9f\xdf\x04\x00\x9f\xdf\x04\x00\x9f\xdf\x04\x00\x9f\xdf\x04\x00\x9f\xdf\x04\x00\x9f\xdf\x04" +
	"\x00\x9f\xdf\x04\x00\x9f\xdf\x04\x00\x9f\xdf\x04\x00\x9f\xdf\x04\x00\x9f\xdf\x04\x00\x9f\xdf\x04\x00" +
	"\x9f\xdf\x04\x00\x9f\xdf\x04\x00\x9f\xdf\x04\x00\x9f\xdf\x04\x00\x9f\xdf\x04\x00\x9f\xdf\x04\x00\x9f" +
	"\xdf\x04\x00\x9f\xdf\x04\x00\x9f\xdf\x04\x00\x9f\xdf\x04\x00\x9f\xdf\x04\x00\x9f\xdf\x04\x00\x9f\xdf" +
	"\x04\x00\x9f\xdf\x04\x00\x9f\xdf\x04\x00\x9f\xdf\x04\x00\x9f\xdf\x04\x00\x9f\xdf\x04\x00\x9f\xdf\x04" +
	"\x00\x9f\xdf\x04\x00\x9f\xdf\x04\x00\x9f\xdf\x04\x00\x9f\xdf\x04\x00\x9f\xdf\x04\x00\x9f\xdf\x04\x00" +
	"\x9f\xdf\x04\x00\x9f\xdf\x04\x00\x9f\xdf\x04\x00\x9f\xdf\x04\x00\x9f\xdf\x04\x00\x9f\xdf\x04\x00\x9f" +
	"\xdf\x04\x00\x9f\xdf\x04\x00\x9f\xdf\x04\x00\x9f\xdf\x04\x00\x9f\xdf\x04\x00\x9f\xdf\x04\x00\x9f\xdf" +
	"\x04\x00\x9f\xdf\x04\x00\x9f\xdf\x04\x00\x9f\xdf\x04\x00\x9f\xdf\x04\x00\x9f\xdf\x04\x00\x9f\xdf\x04" +
	"\x00\x9f\xdf\x04\x00\x9f\xdf\x04\x00\x9f\xdf\x04\x00\x9f\xdf\x04\x00\x9f\xdf\x04\x00\x9f\xdf\x04\x00" +
	"\x9f\xdf\x04\x00\x9f\xdf\x04\x00\x9f\xdf\x04\x00\x9f\xdf\x04\x00\x9f\xdf\x04\x00\x9f\xdf\x04\x00\x9f" +
	"\xdf\x04\x00\x9f\xdf\x04\x00\x9f\xdf\x04\x00\x9f\xdf\x04\x00\x9f\xdf\x04\x00\x9f\xdf\x04\x00\x9f\xdf" +
	"\x04\x00\x9f\xdf\x04\x00\x9f\xdf\x04\x00\x9f\xdf\x04\x00\x9f\xdf\x04\x00\x9f\xdf\x04\x81\xa7\x01?" +
	"\x00?\x00?\x00?\x00?\x00?\x00?\x00?\x00?\x00?\x00?\x00?\x00?\x00?\x00?\x00?\x00?\x00?\x00?\x00?\x00?" +
	"\x00?\x00?\x00?\x00?\x00?"

// ucdStringProperties holds the properties of strings of the v flag: the
// single code points (decodeRanges) and the sequences (decodeSequences).
var ucdStringProperties = [...]ucdStringTable{
	{"Basic_Emoji", "\x9aF\x01\xcd\x01\x03\x03\x00\x02\x00\x89\x04\x01\x15\x012\x0b+\x00\x13\x00\x0d\x00\x08\x01\x11\x01" +
		"\x05\x01\x08\x00\x05\x00\x15\x00\x07\x01\x01\x00\x04\x00\x02\x00\x07\x00\x04\x01\x1c\x00#\x00\x01" +
		"\x00\x04\x02\x01\x00=\x02\x18\x00\x0e\x00\xdb\x06\x013\x00\x04\x00\xae\x89\x07\x00\xca\x01\x00\xbe" +
		"\x01\x00\x02\x09f\x00\x18\x00\x14\x00\x02\x04\x01\x02\x15\x01\xae\x01 \x0c\x08\x01E\x01\x15\x0c*\x04" +
		"\x04\x0c\x10\x03\x00\x03F\x01\x00\x01\xba\x01\x02>\x0d\x03\x01\x17\x12\x00\x1a\x01\x0d\x00VT0E\x06" +
		"\x00\x03\x02\x02\x03\x03\x03\x0b\x01\x07\x08\xe3\x01\x0b\x04\x00\x9b\x02.\x01\x09\x01\xb8\x01p\x0c" +
		"\x03\x0a\x038\x01\x00\x04\x0f\x02\x0b\x04\x09", "\x02\xa9\x01\x8f\xfc\x03\x02\xae\x01\x8f\xfc\x03\x02\xbc@\x8f\xfc\x03\x02\xc9@\x8f\xfc\x03\x02\xa2B" +
		"\x8f\xfc\x03\x02\xb9B\x8f\xfc\x03\x02\x94C\x8f\xfc\x03\x02\x95C\x8f\xfc\x03\x02\x96C\x8f\xfc\x03\x02" +
		"\x97C\x8f\xfc\x03\x02\x98C\x8f\xfc\x03\x02\x99C\x8f\xfc\x03\x02\xa9C\x8f\xfc\x03\x02\xaaC\x8f\xfc" +
		"\x03\x02\xa8F\x8f\xfc\x03\x02\xcfG\x8f\xfc\x03\x02\xedG\x8f\xfc\x03\x02\xeeG\x8f\xfc\x03\x02\xefG" +
		"\x8f\xfc\x03\x02\xf1G\x8f\xfc\x03\x02\xf2G\x8f\xfc\x03\x02\xf8G\x8f\xfc\x03\x02\xf9G\x8f\xfc\x03\x02" +
		"\xfaG\x8f\xfc\x03\x02\xc2I\x8f\xfc\x03\x02\xaaK\x8f\xfc\x03\x02\xabK\x8f\xfc\x03\x02\xb6K\x8f\xfc" +
		"\x03\x02\xc0K\x8f\xfc\x03\x02\xfbK\x8f\xfc\x03\x02\xfcK\x8f\xfc\x03\x02\x80L\x8f\xfc\x03\x02\x81L" +
		"\x8f\xfc\x03\x02\x82L\x8f\xfc\x03\x02\x83L\x8f\xfc\x03\x02\x84L\x8f\xfc\x03\x02\x8eL\x8f\xfc\x03\x02" +
		"\x91L\x8f\xfc\x03\x02\x98L\x8f\xfc\x03\x02\x9dL\x8f\xfc\x03\x02\xa0L\x8f\xfc\x03\x02\xa2L\x8f\xfc" +
		"\x03\x02\xa3L\x8f\xfc\x03\x02\xa6L\x8f\xfc\x03\x02\xaaL\x8f\xfc\x03\x02\xaeL\x8f\xfc\x03\x02\xafL" +
		"\x8f\xfc\x03\x02\xb8L\x8f\xfc\x03\x02\xb9L\x8f\xfc\x03\x02\xbaL\x8f\xfc\x03\x02\xc0L\x8f\xfc\x03\x02" +
		"\xc2L\x8f\xfc\x03\x02\xdfL\x8f\xfc\x03\x02\xe0L\x8f\xfc\x03\x02\xe3L\x8f\xfc\x03\x02\xe5L\x8f\xfc" +
		"\x03\x02\xe6L\x8f\xfc\x03\x02\xe8L\x8f\xfc\x03\x02\xfbL\x8f\xfc\x03\x02\xfeL\x8f\xfc\x03\x02\x92M" +
		"\x8f\xfc\x03\x02\x94M\x8f\xfc\x03\x02\x95M\x8f\xfc\x03\x02\x96M\x8f\xfc\x03\x02\x97M\x8f\xfc\x03\x02" +
		"\x99M\x8f\xfc\x03\x02\x9bM\x8f\xfc\x03\x02\x9cM\x8f\xfc\x03\x02\xa0M\x8f\xfc\x03\x02\xa7M\x8f\xfc" +
		"\x03\x02\xb0M\x8f\xfc\x03\x02\xb1M\x8f\xfc\x03\x02\xc8M\x8f\xfc\x03\x02\xcfM\x8f\xfc\x03\x02\xd1M" +
		"\x8f\xfc\x03\x02\xd3M\x8f\xfc\x03\x02\xe9M\x8f\xfc\x03\x02\xf0M\x8f\xfc\x03\x02\xf1M\x8f\xfc\x03\x02" +
		"\xf4M\x8f\xfc\x03\x02\xf7M\x8f\xfc\x03\x02\xf8M\x8f\xfc\x03\x02\xf9M\x8f\xfc\x03\x02\x82N\x8f\xfc" +
		"\x03\x02\x88N\x8f\xfc\x03\x02\x89N\x8f\xfc\x03\x02\x8cN\x8f\xfc\x03\x02\x8dN\x8f\xfc\x03\x02\x8fN" +
		"\x8f\xfc\x03\x02\x92N\x8f\xfc\x03\x02\x94N\x8f\xfc\x03\x02\x96N\x8f\xfc\x03\x02\x9dN\x8f\xfc\x03\x02" +
		"\xa1N\x8f\xfc\x03\x02\xb3N\x8f\xfc\x03\x02\xb4N\x8f\xfc\x03\x02\xc4N\x8f\xfc\x03\x02\xc7N\x8f\xfc" +
		"\x03\x02\xe3N\x8f\xfc\x03\x02\xe4N\x8f\xfc\x03\x02\xa1O\x8f\xfc\x03\x02\xb4R\x8f\xfc\x03\x02\xb5R" +
		"\x8f\xfc\x03\x02\x85V\x8f\xfc\x03\x02\x86V\x8f\xfc\x03\x02\x87V\x8f\xfc\x03\x02\xb0`\x8f\xfc\x03\x02" +
		"\xbd`\x8f\xfc\x03\x02\x97e\x8f\xfc\x03\x02\x99e\x8f\xfc\x03\x02\xf0\xe2\x07\x8f\xfc\x03\x02\xf1\xe2" +
		"\x07\x8f\xfc\x03\x02\xfe\xe2\x07\x8f\xfc\x03\x02\xff\xe2\x07\x8f\xfc\x03\x02\x82\xe4\x07\x8f\xfc\x03" +
		"\x02\xb7\xe4\x07\x8f\xfc\x03\x02\xa1\xe6\x07\x8f\xfc\x03\x02\xa4\xe6\x07\x8f\xfc\x03\x02\xa5\xe6\x07" +
		"\x8f\xfc\x03\x02\xa6\xe6\x07\x8f\xfc\x03\x02\xa7\xe6\x07\x8f\xfc\x03\x02\xa8\xe6\x07\x8f\xfc\x03\x02" +
		"\xa9\xe6\x07\x8f\xfc\x03\x02\xaa\xe6\x07\x8f\xfc\x03\x02\xab\xe6\x07\x8f\xfc\x03\x02\xac\xe6\x07\x8f" +
		"\xfc\x03\x02\xb6\xe6\x07\x8f\xfc\x03\x02\xfd\xe6\x07\x8f\xfc\x03\x02\x96\xe7\x07\x8f\xfc\x03\x02\x97" +
		"\xe7\x07\x8f\xfc\x03\x02\x99\xe7\x07\x8f\xfc\x03\x02\x9a\xe7\x07\x8f\xfc\x03\x02\x9b\xe7\x07\x8f\xfc" +
		"\x03\x02\x9e\xe7\x07\x8f\xfc\x03\x02\x9f\xe7\x07\x8f\xfc\x03\x02\xcb\xe7\x07\x8f\xfc\x03\x02\xcc\xe7" +
		"\x07\x8f\xfc\x03\x02\xcd\xe7\x07\x8f\xfc\x03\x02\xce\xe7\x07\x8f\xfc\x03\x02\xd4\xe7\x07\x8f\xfc\x03" +
		"\x02\xd5\xe7\x07\x8f\xfc\x03\x02\xd6\xe7\x07\x8f\xfc\x03\x02\xd7\xe7\x07\x8f\xfc\x03\x02\xd8\xe7\x07" +
		"\x8f\xfc\x03\x02\xd9\xe7\x07\x8f\xfc\x03\x02\xda\xe7\x07\x8f\xfc\x03\x02\xdb\xe7\x07\x8f\xfc\x03\x02" +
		"\xdc\xe7\x07\x8f\xfc\x03\x02\xdd\xe7\x07\x8f\xfc\x03\x02\xde\xe7\x07\x8f\xfc\x03\x02\xdf\xe7\x07\x8f" +
		"\xfc\x03\x02\xf3\xe7\x07\x8f\xfc\x03\x02\xf5\xe7\x07\x8f\xfc\x03\x02\xf7\xe7\x07\x8f\xfc\x03\x02\xbf" +
		"\xe8\x07\x8f\xfc\x03\x02\xc1\xe8\x07\x8f\xfc\x03\x02\xfd\xe9\x07\x8f\xfc\x03\x02\xc9\xea\x07\x8f\xfc" +
		"\x03\x02\xca\xea\x07\x8f\xfc\x03\x02\xef\xea\x07\x8f\xfc\x03\x02\xf0\xea\x07\x8f\xfc\x03\x02\xf3\xea" +
		"\x07\x8f\xfc\x03\x02\xf4\xea\x07\x8f\xfc\x03\x02\xf5\xea\x07\x8f\xfc\x03\x02\xf6\xea\x07\x8f\xfc\x03" +
		"\x02\xf7\xea\x07\x8f\xfc\x03\x02\xf8\xea\x07\x8f\xfc\x03\x02\xf9\xea\x07\x8f\xfc\x03\x02\x87\xeb\x07" +
		"\x8f\xfc\x03\x02\x8a\xeb\x07\x8f\xfc\x03\x02\x8b\xeb\x07\x8f\xfc\x03\x02\x8c\xeb\x07\x8f\xfc\x03\x02" +
		"\x8d\xeb\x07\x8f\xfc\x03\x02\x90\xeb\x07\x8f\xfc\x03\x02\xa5\xeb\x07\x8f\xfc\x03\x02\xa8\xeb\x07\x8f" +
		"\xfc\x03\x02\xb1\xeb\x07\x8f\xfc\x03\x02\xb2\xeb\x07\x8f\xfc\x03\x02\xbc\xeb\x07\x8f\xfc\x03\x02\xc2" +
		"\xeb\x07\x8f\xfc\x03\x02\xc3\xeb\x07\x8f\xfc\x03\x02\xc4\xeb\x07\x8f\xfc\x03\x02\xd1\xeb\x07\x8f\xfc" +
		"\x03\x02\xd2\xeb\x07\x8f\xfc\x03\x02\xd3\xeb\x07\x8f\xfc\x03\x02\xdc\xeb\x07\x8f\xfc\x03\x02\xdd\xeb" +
		"\x07\x8f\xfc\x03\x02\xde\xeb\x07\x8f\xfc\x03\x02\xe1\xeb\x07\x8f\xfc\x03\x02\xe3\xeb\x07\x8f\xfc\x03" +
		"\x02\xe8\xeb\x07\x8f\xfc\x03\x02\xef\xeb\x07\x8f\xfc\x03\x02\xf3\xeb\x07\x8f\xfc\x03\x02\xfa\xeb\x07" +
		"\x8f\xfc\x03\x02\xcb\xed\x07\x8f\xfc\x03\x02\xcd\xed\x07\x8f\xfc\x03\x02\xce\xed\x07\x8f\xfc\x03\x02" +
		"\xcf\xed\x07\x8f\xfc\x03\x02\xe0\xed\x07\x8f\xfc\x03\x02\xe1\xed\x07\x8f\xfc\x03\x02\xe2\xed\x07\x8f" +
		"\xfc\x03\x02\xe3\xed\x07\x8f\xfc\x03\x02\xe4\xed\x07\x8f\xfc\x03\x02\xe5\xed\x07\x8f\xfc\x03\x02\xe9" +
		"\xed\x07\x8f\xfc\x03\x02\xf0\xed\x07\x8f\xfc\x03\x02\xf3\xed\x07\x8f\xfc\x03"},
	{"Emoji_Keycap_Sequence", "", "\x03#\x8f\xfc\x03\xe3A\x03*\x8f\xfc\x03\xe3A\x030\x8f\xfc\x03\xe3A\x031\x8f\xfc\x03\xe3A\x032\x8f" +
		"\xfc\x03\xe3A\x033\x8f\xfc\x03\xe3A\x034\x8f\xfc\x03\xe3A\x035\x8f\xfc\x03\xe3A\x036\x8f\xfc\x03\xe3" +
		"A\x037\x8f\xfc\x03\xe3A\x038\x8f\xfc\x03\xe3A\x039\x8f\xfc\x03\xe3A"},
	{"RGI_Emoji_Flag_Sequence", "", "\x02\xe6\xe3\x07\xe8\xe3\x07\x02\xe6\xe3\x07\xe9\xe3\x07\x02\xe6\xe3\x07\xea\xe3\x07\x02\xe6\xe3\x07" +
		"\xeb\xe3\x07\x02\xe6\xe3\x07\xec\xe3\x07\x02\xe6\xe3\x07\xee\xe3\x07\x02\xe6\xe3\x07\xf1\xe3\x07\x02" +
		"\xe6\xe3\x07\xf2\xe3\x07\x02\xe6\xe3\x07\xf4\xe3\x07\x02\xe6\xe3\x07\xf6\xe3\x07\x02\xe6\xe3\x07\xf7" +
		"\xe3\x07\x02\xe6\xe3\x07\xf8\xe3\x07\x02\xe6\xe3\x07\xf9\xe3\x07\x02\xe6\xe3\x07\xfa\xe3\x07\x02\xe6" +
		"\xe3\x07\xfc\xe3\x07\x02\xe6\xe3\x07\xfd\xe3\x07\x02\xe6\xe3\x07\xff\xe3\x07\x02\xe7\xe3\x07\xe6\xe3" +
		"\x07\x02\xe7\xe3\x07\xe7\xe3\x07\x02\xe7\xe3\x07\xe9\xe3\x07\x02\xe7\xe3\x07\xea\xe3\x07\x02\xe7\xe3" +
		"\x07\xeb\xe3\x07\x02\xe7\xe3\x07\xec\xe3\x07\x02\xe7\xe3\x07\xed\xe3\x07\x02\xe7\xe3\x07\xee\xe3\x07" +
		"\x02\xe7\xe3\x07\xef\xe3\x07\x02\xe7\xe3\x07\xf1\xe3\x07\x02\xe7\xe3\x07\xf2\xe3\x07\x02\xe7\xe3\x07" +
		"\xf3\xe3\x07\x02\xe7\xe3\x07\xf4\xe3\x07\x02\xe7\xe3\x07\xf6\xe3\x07\x02\xe7\xe3\x07\xf7\xe3\x07\x02" +
		"\xe7\xe3\x07\xf8\xe3\x07\x02\xe7\xe3\x07\xf9\xe3\x07\x02\xe7\xe3\x07\xfb\xe3\x07\x02\xe7\xe3\x07\xfc" +
		"\xe3\x07\x02\xe7\xe3\x07\xfe\xe3\x07\x02\xe7\xe3\x07\xff\xe3\x07\x02\xe8\xe3\x07\xe6\xe3\x07\x02\xe8" +
		"\xe3\x07\xe8\xe3\x07\x02\xe8\xe3\x07\xe9\xe3\x07\x02\xe8\xe3\x07\xeb\xe3\x07\x02\xe8\xe3\x07\xec\xe3" +
		"\x07\x02\xe8\xe3\x07\xed\xe3\x07\x02\xe8\xe3\x07\xee\xe3\x07\x02\xe8\xe3\x07\xf0\xe3\x07\x02\xe8\xe3" +
		"\x07\xf1\xe3\x07\x02\xe8\xe3\x07\xf2\xe3\x07\x02\xe8\xe3\x07\xf3\xe3\x07\x02\xe8\xe3\x07\xf4\xe3\x07" +
		"\x02\xe8\xe3\x07\xf5\xe3\x07\x02\xe8\xe3\x07\xf6\xe3\x07\x02\xe8\xe3\x07\xf7\xe3\x07\x02\xe8\xe3\x07" +
		"\xfa\xe3\x07\x02\xe8\xe3\x07\xfb\xe3\x07\x02\xe8\xe3\x07\xfc\xe3\x07\x02\xe8\xe3\x07\xfd\xe3\x07\x02" +
		"\xe8\xe3\x07\xfe\xe3\x07\x02\xe8\xe3\x07\xff\xe3\x07\x02\xe9\xe3\x07\xea\xe3\x07\x02\xe9\xe3\x07\xec" +
		"\xe3\x07\x02\xe9\xe3\x07\xef\xe3\x07\x02\xe9\xe3\x07\xf0\xe3\x07\x02\xe9\xe3\x07\xf2\xe3\x07\x02\xe9" +
		"\xe3\x07\xf4\xe3\x07\x02\xe9\xe3\x07\xff\xe3\x07\x02\xea\xe3\x07\xe6\xe3\x07\x02\xea\xe3\x07\xe8\xe3" +
		"\x07\x02\xea\xe3\x07\xea\xe3\x07\x02\xea\xe3\x07\xec\xe3\x07\x02\xea\xe3\x07\xed\xe3\x07\x02\xea\xe3" +
		"\x07\xf7\xe3\x07\x02\xea\xe3\x07\xf8\xe3\x07\x02\xea\xe3\x07\xf9\xe3\x07\x02\xea\xe3\x07\xfa\xe3\x07" +
		"\x02\xeb\xe3\x07\xee\xe3\x07\x02\xeb\xe3\x07\xef\xe3\x07\x02\xeb\xe3\x07\xf0\xe3\x07\x02\xeb\xe3\x07" +
		"\xf2\xe3\x07\x02\xeb\xe3\x07\xf4\xe3\x07\x02\xeb\xe3\x07\xf7\xe3\x07\x02\xec\xe3\x07\xe6\xe3\x07\x02" +
		"\xec\xe3\x07\xe7\xe3\x07\x02\xec\xe3\x07\xe9\xe3\x07\x02\xec\xe3\x07\xea\xe3\x07\x02\xec\xe3\x07\xeb" +
		"\xe3\x07\x02\xec\xe3\x07\xec\xe3\x07\x02\xec\xe3\x07\xed\xe3\x07\x02\xec\xe3\x07\xee\xe3\x07\x02\xec" +
		"\xe3\x07\xf1\xe3\x07\x02\xec\xe3\x07\xf2\xe3\x07\x02\xec\xe3\x07\xf3\xe3\x07\x02\xec\xe3\x07\xf5\xe3" +
		"\x07\x02\xec\xe3\x07\xf6\xe3\x07\x02\xec\xe3\x07\xf7\xe3\x07\x02\xec\xe3\x07\xf8\xe3\x07\x02\xec\xe3" +
		"\x07\xf9\xe3\x07\x02\xec\xe3\x07\xfa\xe3\x07\x02\xec\xe3\x07\xfc\xe3\x07\x02\xec\xe3\x07\xfe\xe3\x07" +
		"\x02\xed\xe3\x07\xf0\xe3\x07\x02\xed\xe3\x07\xf2\xe3\x07\x02\xed\xe3\x07\xf3\xe3\x07\x02\xed\xe3\x07" +
		"\xf7\xe3\x07\x02\xed\xe3\x07\xf9\xe3\x07\x02\xed\xe3\x07\xfa\xe3\x07\x02\xee\xe3\x07\xe8\xe3\x07\x02" +
		"\xee\xe3\x07\xe9\xe3\x07\x02\xee\xe3\x07\xea\xe3\x07\x02\xee\xe3\x07\xf1\xe3\x07\x02\xee\xe3\x07\xf2" +
		"\xe3\x07\x02\xee\xe3\x07\xf3\xe3\x07\x02\xee\xe3\x07\xf4\xe3\x07\x02\xee\xe3\x07\xf6\xe3\x07\x02\xee" +
		"\xe3\x07\xf7\xe3\x07\x02\xee\xe3\x07\xf8\xe3\x07\x02\xee\xe3\x07\xf9\xe3\x07\x02\xef\xe3\x07\xea\xe3" +
		"\x07\x02\xef\xe3\x07\xf2\xe3\x07\x02\xef\xe3\x07\xf4\xe3\x07\x02\xef\xe3\x07\xf5\xe3\x07\x02\xf0\xe3" +
		"\x07\xea\xe3\x07\x02\xf0\xe3\x07\xec\xe3\x07\x02\xf0\xe3\x07\xed\xe3\x07\x02\xf0\xe3\x07\xee\xe3\x07" +
		"\x02\xf0\xe3\x07\xf2\xe3\x07\x02\xf0\xe3\x07\xf3\xe3\x07\x02\xf0\xe3\x07\xf5\xe3\x07\x02\xf0\xe3\x07" +
		"\xf7\xe3\x07\x02\xf0\xe3\x07\xfc\xe3\x07\x02\xf0\xe3\x07\xfe\xe3\x07\x02\xf0\xe3\x07\xff\xe3\x07\x02" +
		"\xf1\xe3\x07\xe6\xe3\x07\x02\xf1\xe3\x07\xe7\xe3\x07\x02\xf1\xe3\x07\xe8\xe3\x07\x02\xf1\xe3\x07\xee" +
		"\xe3\x07\x02\xf1\xe3\x07\xf0\xe3\x07\x02\xf1\xe3\x07\xf7\xe3\x07\x02\xf1\xe3\x07\xf8\xe3\x07\x02\xf1" +
		"\xe3\x07\xf9\xe3\x07\x02\xf1\xe3\x07\xfa\xe3\x07\x02\xf1\xe3\x07\xfb\xe3\x07\x02\xf1\xe3\x07\xfe\xe3" +
		"\x07\x02\xf2\xe3\x07\xe6\xe3\x07\x02\xf2\xe3\x07\xe8\xe3\x07\x02\xf2\xe3\x07\xe9\xe3\x07\x02\xf2\xe3" +
		"\x07\xea\xe3\x07\x02\xf2\xe3\x07\xeb\xe3\x07\x02\xf2\xe3\x07\xec\xe3\x07\x02\xf2\xe3\x07\xed\xe3\x07" +
		"\x02\xf2\xe3\x07\xf0\xe3\x07\x02\xf2\xe3\x07\xf1\xe3\x07\x02\xf2\xe3\x07\xf2\xe3\x07\x02\xf2\xe3\x07" +
		"\xf3\xe3\x07\x02\xf2\xe3\x07\xf4\xe3\x07\x02\xf2\xe3\x07\xf5\xe3\x07\x02\xf2\xe3\x07\xf6\xe3\x07\x02" +
		"\xf2\xe3\x07\xf7\xe3\x07\x02\xf2\xe3\x07\xf8\xe3\x07\x02\xf2\xe3\x07\xf9\xe3\x07\x02\xf2\xe3\x07\xfa" +
		"\xe3\x07\x02\xf2\xe3\x07\xfb\xe3\x07\x02\xf2\xe3\x07\xfc\xe3\x07\x02\xf2\xe3\x07\xfd\xe3\x07\x02\xf2" +
		"\xe3\x07\xfe\xe3\x07\x02\xf2\xe3\x07\xff\xe3\x07\x02\xf3\xe3\x07\xe6\xe3\x07\x02\xf3\xe3\x07\xe8\xe3" +
		"\x07\x02\xf3\xe3\x07\xea\xe3\x07\x02\xf3\xe3\x07\xeb\xe3\x07\x02\xf3\xe3\x07\xec\xe3\x07\x02\xf3\xe3" +
		"\x07\xee\xe3\x07\x02\xf3\xe3\x07\xf1\xe3\x07\x02\xf3\xe3\x07\xf4\xe3\x07\x02\xf3\xe3\x07\xf5\xe3\x07" +
		"\x02\xf3\xe3\x07\xf7\xe3\x07\x02\xf3\xe3\x07\xfa\xe3\x07\x02\xf3\xe3\x07\xff\xe3\x07\x02\xf4\xe3\x07" +
		"\xf2\xe3\x07\x02\xf5\xe3\x07\xe6\xe3\x07\x02\xf5\xe3\x07\xea\xe3\x07\x02\xf5\xe3\x07\xeb\xe3\x07\x02" +
		"\xf5\xe3\x07\xec\xe3\x07\x02\xf5\xe3\x07\xed\xe3\x07\x02\xf5\xe3\x07\xf0\xe3\x07\x02\xf5\xe3\x07\xf1" +
		"\xe3\x07\x02\xf5\xe3\x07\xf2\xe3\x07\x02\xf5\xe3\x07\xf3\xe3\x07\x02\xf5\xe3\x07\xf7\xe3\x07\x02\xf5" +
		"\xe3\x07\xf8\xe3\x07\x02\xf5\xe3\x07\xf9\xe3\x07\x02\xf5\xe3\x07\xfc\xe3\x07\x02\xf5\xe3\x07\xfe\xe3" +
		"\x07\x02\xf6\xe3\x07\xe6\xe3\x07\x02\xf7\xe3\x07\xea\xe3\x07\x02\xf7\xe3\x07\xf4\xe3\x07\x02\xf7\xe3" +
		"\x07\xf8\xe3\x07\x02\xf7\xe3\x07\xfa\xe3\x07\x02\xf7\xe3\x07\xfc\xe3\x07\x02\xf8\xe3\x07\xe6\xe3\x07" +
		"\x02\xf8\xe3\x07\xe7\xe3\x07\x02\xf8\xe3\x07\xe8\xe3\x07\x02\xf8\xe3\x07\xe9\xe3\x07\x02\xf8\xe3\x07" +
		"\xea\xe3\x07\x02\xf8\xe3\x07\xec\xe3\x07\x02\xf8\xe3\x07\xed\xe3\x07\x02\xf8\xe3\x07\xee\xe3\x07\x02" +
		"\xf8\xe3\x07\xef\xe3\x07\x02\xf8\xe3\x07\xf0\xe3\x07\x02\xf8\xe3\x07\xf1\xe3\x07\x02\xf8\xe3\x07\xf2" +
		"\xe3\x07\x02\xf8\xe3\x07\xf3\xe3\x07\x02\xf8\xe3\x07\xf4\xe3\x07\x02\xf8\xe3\x07\xf7\xe3\x07\x02\xf8" +
		"\xe3\x07\xf8\xe3\x07\x02\xf8\xe3\x07\xf9\xe3\x07\x02\xf8\xe3\x07\xfb\xe3\x07\x02\xf8\xe3\x07\xfd\xe3" +
		"\x07\x02\xf8\xe3\x07\xfe\xe3\x07\x02\xf8\xe3\x07\xff\xe3\x07\x02\xf9\xe3\x07\xe6\xe3\x07\x02\xf9\xe3" +
		"\x07\xe8\xe3\x07\x02\xf9\xe3\x07\xe9\xe3\x07\x02\xf9\xe3\x07\xeb\xe3\x07\x02\xf9\xe3\x07\xec\xe3\x07" +
		"\x02\xf9\xe3\x07\xed\xe3\x07\x02\xf9\xe3\x07\xef\xe3\x07\x02\xf9\xe3\x07\xf0\xe3\x07\x02\xf9\xe3\x07" +
		"\xf1\xe3\x07\x02\xf9\xe3\x07\xf2\xe3\x07\x02\xf9\xe3\x07\xf3\xe3\x07\x02\xf9\xe3\x07\xf4\xe3\x07\x02" +
		"\xf9\xe3\x07\xf7\xe3\x07\x02\xf9\xe3\x07\xf9\xe3\x07\x02\xf9\xe3\x07\xfb\xe3\x07\x02\xf9\xe3\x07\xfc" +
		"\xe3\x07\x02\xf9\xe3\x07\xff\xe3\x07\x02\xfa\xe3\x07\xe6\xe3\x07\x02\xfa\xe3\x07\xec\xe3\x07\x02\xfa" +
		"\xe3\x07\xf2\xe3\x07\x02\xfa\xe3\x07\xf3\xe3\x07\x02\xfa\xe3\x07\xf8\xe3\x07\x02\xfa\xe3\x07\xfe\xe3" +
		"\x07\x02\xfa\xe3\x07\xff\xe3\x07\x02\xfb\xe3\x07\xe6\xe3\x07\x02\xfb\xe3\x07\xe8\xe3\x07\x02\xfb\xe3" +
		"\x07\xea\xe3\x07\x02\xfb\xe3\x07\xec\xe3\x07\x02\xfb\xe3\x07\xee\xe3\x07\x02\xfb\xe3\x07\xf3\xe3\x07" +
		"\x02\xfb\xe3\x07\xfa\xe3\x07\x02\xfc\xe3\x07\xeb\xe3\x07\x02\xfc\xe3\x07\xf8\xe3\x07\x02\xfd\xe3\x07" +
		"\xf0\xe3\x07\x02\xfe\xe3\x07\xea\xe3\x07\x02\xfe\xe3\x07\xf9\xe3\x07\x02\xff\xe3\x07\xe6\xe3\x07\x02" +
		"\xff\xe3\x07\xf2\xe3\x07\x02\xff\xe3\x07\xfc\xe3\x07"},
	{"RGI_Emoji_Modifier_Sequence", "", "\x02\x9dL\xfb\xe7\x07\x02\x9dL\xfc\xe7\x07\x02\x9dL\xfd\xe7\x07\x02\x9dL\xfe\xe7\x07\x02\x9dL\xff" +
		"\xe7\x07\x02\xf9M\xfb\xe7\x07\x02\xf9M\xfc\xe7\x07\x02\xf9M\xfd\xe7\x07\x02\xf9M\xfe\xe7\x07\x02\xf9" +
		"M\xff\xe7\x07\x02\x8aN\xfb\xe7\x07\x02\x8aN\xfc\xe7\x07\x02\x8aN\xfd\xe7\x07\x02\x8aN\xfe\xe7\x07" +
		"\x02\x8aN\xff\xe7\x07\x02\x8bN\xfb\xe7\x07\x02\x8bN\xfc\xe7\x07\x02\x8bN\xfd\xe7\x07\x02\x8bN\xfe" +
		"\xe7\x07\x02\x8bN\xff\xe7\x07\x02\x8cN\xfb\xe7\x07\x02\x8cN\xfc\xe7\x07\x02\x8cN\xfd\xe7\x07\x02\x8c" +
		"N\xfe\xe7\x07\x02\x8cN\xff\xe7\x07\x02\x8dN\xfb\xe7\x07\x02\x8dN\xfc\xe7\x07\x02\x8dN\xfd\xe7\x07" +
		"\x02\x8dN\xfe\xe7\x07\x02\x8dN\xff\xe7\x07\x02\x85\xe7\x07\xfb\xe7\x07\x02\x85\xe7\x07\xfc\xe7\x07" +
		"\x02\x85\xe7\x07\xfd\xe7\x07\x02\x85\xe7\x07\xfe\xe7\x07\x02\x85\xe7\x07\xff\xe7\x07\x02\xc2\xe7\x07" +
		"\xfb\xe7\x07\x02\xc2\xe7\x07\xfc\xe7\x07\x02\xc2\xe7\x07\xfd\xe7\x07\x02\xc2\xe7\x07\xfe\xe7\x07\x02" +
		"\xc2\xe7\x07\xff\xe7\x07\x02\xc3\xe7\x07\xfb\xe7\x07\x02\xc3\xe7\x07\xfc\xe7\x07\x02\xc3\xe7\x07\xfd" +
		"\xe7\x07\x02\xc3\xe7\x07\xfe\xe7\x07\x02\xc3\xe7\x07\xff\xe7\x07\x02\xc4\xe7\x07\xfb\xe7\x07\x02\xc4" +
		"\xe7\x07\xfc\xe7\x07\x02\xc4\xe7\x07\xfd\xe7\x07\x02\xc4\xe7\x07\xfe\xe7\x07\x02\xc4\xe7\x07\xff\xe7" +
		"\x07\x02\xc7\xe7\x07\xfb\xe7\x07\x02\xc7\xe7\x07\xfc\xe7\x07\x02\xc7\xe7\x07\xfd\xe7\x07\x02\xc7\xe7" +
		"\x07\xfe\xe7\x07\x02\xc7\xe7\x07\xff\xe7\x07\x02\xca\xe7\x07\xfb\xe7\x07\x02\xca\xe7\x07\xfc\xe7\x07" +
		"\x02\xca\xe7\x07\xfd\xe7\x07\x02\xca\xe7\x07\xfe\xe7\x07\x02\xca\xe7\x07\xff\xe7\x07\x02\xcb\xe7\x07" +
		"\xfb\xe7\x07\x02\xcb\xe7\x07\xfc\xe7\x07\x02\xcb\xe7\x07\xfd\xe7\x07\x02\xcb\xe7\x07\xfe\xe7\x07\x02" +
		"\xcb\xe7\x07\xff\xe7\x07\x02\xcc\xe7\x07\xfb\xe7\x07\x02\xcc\xe7\x07\xfc\xe7\x07\x02\xcc\xe7\x07\xfd" +
		"\xe7\x07\x02\xcc\xe7\x07\xfe\xe7\x07\x02\xcc\xe7\x07\xff\xe7\x07\x02\xc2\xe8\x07\xfb\xe7\x07\x02\xc2" +
		"\xe8\x07\xfc\xe7\x07\x02\xc2\xe8\x07\xfd\xe7\x07\x02\xc2\xe8\x07\xfe\xe7\x07\x02\xc2\xe8\x07\xff\xe7" +
		"\x07\x02\xc3\xe8\x07\xfb\xe7\x07\x02\xc3\xe8\x07\xfc\xe7\x07\x02\xc3\xe8\x07\xfd\xe7\x07\x02\xc3\xe8" +
		"\x07\xfe\xe7\x07\x02\xc3\xe8\x07\xff\xe7\x07\x02\xc6\xe8\x07\xfb\xe7\x07\x02\xc6\xe8\x07\xfc\xe7\x07" +
		"\x02\xc6\xe8\x07\xfd\xe7\x07\x02\xc6\xe8\x07\xfe\xe7\x07\x02\xc6\xe8\x07\xff\xe7\x07\x02\xc7\xe8\x07" +
		"\xfb\xe7\x07\x02\xc7\xe8\x07\xfc\xe7\x07\x02\xc7\xe8\x07\xfd\xe7\x07\x02\xc7\xe8\x07\xfe\xe7\x07\x02" +
		"\xc7\xe8\x07\xff\xe7\x07\x02\xc8\xe8\x07\xfb\xe7\x07\x02\xc8\xe8\x07\xfc\xe7\x07\x02\xc8\xe8\x07\xfd" +
		"\xe7\x07\x02\xc8\xe8\x07\xfe\xe7\x07\x02\xc8\xe8\x07\xff\xe7\x07\x02\xc9\xe8\x07\xfb\xe7\x07\x02\xc9" +
		"\xe8\x07\xfc\xe7\x07\x02\xc9\xe8\x07\xfd\xe7\x07\x02\xc9\xe8\x07\xfe\xe7\x07\x02\xc9\xe8\x07\xff\xe7" +
		"\x07\x02\xca\xe8\x07\xfb\xe7\x07\x02\xca\xe8\x07\xfc\xe7\x07\x02\xca\xe8\x07\xfd\xe7\x07\x02\xca\xe8" +
		"\x07\xfe\xe7\x07\x02\xca\xe8\x07\xff\xe7\x07\x02\xcb\xe8\x07\xfb\xe7\x07\x02\xcb\xe8\x07\xfc\xe7\x07" +
		"\x02\xcb\xe8\x07\xfd\xe7\x07\x02\xcb\xe8\x07\xfe\xe7\x07\x02\xcb\xe8\x07\xff\xe7\x07\x02\xcc\xe8\x07" +
		"\xfb\xe7\x07\x02\xcc\xe8\x07\xfc\xe7\x07\x02\xcc\xe8\x07\xfd\xe7\x07\x02\xcc\xe8\x07\xfe\xe7\x07\x02" +
		"\xcc\xe8\x07\xff\xe7\x07\x02\xcd\xe8\x07\xfb\xe7\x07\x02\xcd\xe8\x07\xfc\xe7\x07\x02\xcd\xe8\x07\xfd" +
		"\xe7\x07\x02\xcd\xe8\x07\xfe\xe7\x07\x02\xcd\xe8\x07\xff\xe7\x07\x02\xce\xe8\x07\xfb\xe7\x07\x02\xce" +
		"\xe8\x07\xfc\xe7\x07\x02\xce\xe8\x07\xfd\xe7\x07\x02\xce\xe8\x07\xfe\xe7\x07\x02\xce\xe8\x07\xff\xe7" +
		"\x07\x02\xcf\xe8\x07\xfb\xe7\x07\x02\xcf\xe8\x07\xfc\xe7\x07\x02\xcf\xe8\x07\xfd\xe7\x07\x02\xcf\xe8" +
		"\x07\xfe\xe7\x07\x02\xcf\xe8\x07\xff\xe7\x07\x02\xd0\xe8\x07\xfb\xe7\x07\x02\xd0\xe8\x07\xfc\xe7\x07" +
		"\x02\xd0\xe8\x07\xfd\xe7\x07\x02\xd0\xe8\x07\xfe\xe7\x07\x02\xd0\xe8\x07\xff\xe7\x07\x02\xe6\xe8\x07" +
		"\xfb\xe7\x07\x02\xe6\xe8\x07\xfc\xe7\x07\x02\xe6\xe8\x07\xfd\xe7\x07\x02\xe6\xe8\x07\xfe\xe7\x07\x02" +
		"\xe6\xe8\x07\xff\xe7\x07\x02\xe7\xe8\x07\xfb\xe7\x07\x02\xe7\xe8\x07\xfc\xe7\x07\x02\xe7\xe8\x07\xfd" +
		"\xe7\x07\x02\xe7\xe8\x07\xfe\xe7\x07\x02\xe7\xe8\x07\xff\xe7\x07\x02\xe8\xe8\x07\xfb\xe7\x07\x02\xe8" +
		"\xe8\x07\xfc\xe7\x07\x02\xe8\xe8\x07\xfd\xe7\x07\x02\xe8\xe8\x07\xfe\xe7\x07\x02\xe8\xe8\x07\xff\xe7" +
		"\x07\x02\xe9\xe8\x07\xfb\xe7\x07\x02\xe9\xe8\x07\xfc\xe7\x07\x02\xe9\xe8\x07\xfd\xe7\x07\x02\xe9\xe8" +
		"\x07\xfe\xe7\x07\x02\xe9\xe8\x07\xff\xe7\x07\x02\xeb\xe8\x07\xfb\xe7\x07\x02\xeb\xe8\x07\xfc\xe7\x07" +
		"\x02\xeb\xe8\x07\xfd\xe7\x07\x02\xeb\xe8\x07\xfe\xe7\x07\x02\xeb\xe8\x07\xff\xe7\x07\x02\xec\xe8\x07" +
		"\xfb\xe7\x07\x02\xec\xe8\x07\xfc\xe7\x07\x02\xec\xe8\x07\xfd\xe7\x07\x02\xec\xe8\x07\xfe\xe7\x07\x02" +
		"\xec\xe8\x07\xff\xe7\x07\x02\xed\xe8\x07\xfb\xe7\x07\x02\xed\xe8\x07\xfc\xe7\x07\x02\xed\xe8\x07\xfd" +
		"\xe7\x07\x02\xed\xe8\x07\xfe\xe7\x07\x02\xed\xe8\x07\xff\xe7\x07\x02\xee\xe8\x07\xfb\xe7\x07\x02\xee" +
		"\xe8\x07\xfc\xe7\x07\x02\xee\xe8\x07\xfd\xe7\x07\x02\xee\xe8\x07\xfe\xe7\x07\x02\xee\xe8\x07\xff\xe7" +
		"\x07\x02\xef\xe8\x07\xfb\xe7\x07\x02\xef\xe8\x07\xfc\xe7\x07\x02\xef\xe8\x07\xfd\xe7\x07\x02\xef\xe8" +
		"\x07\xfe\xe7\x07\x02\xef\xe8\x07\xff\xe7\x07\x02\xf0\xe8\x07\xfb\xe7\x07\x02\xf0\xe8\x07\xfc\xe7\x07" +
		"\x02\xf0\xe8\x07\xfd\xe7\x07\x02\xf0\xe8\x07\xfe\xe7\x07\x02\xf0\xe8\x07\xff\xe7\x07\x02\xf1\xe8\x07" +
		"\xfb\xe7\x07\x02\xf1\xe8\x07\xfc\xe7\x07\x02\xf1\xe8\x07\xfd\xe7\x07\x02\xf1\xe8\x07\xfe\xe7\x07\x02" +
		"\xf1\xe8\x07\xff\xe7\x07\x02\xf2\xe8\x07\xfb\xe7\x07\x02\xf2\xe8\x07\xfc\xe7\x07\x02\xf2\xe8\x07\xfd" +
		"\xe7\x07\x02\xf2\xe8\x07\xfe\xe7\x07\x02\xf2\xe8\x07\xff\xe7\x07\x02\xf3\xe8\x07\xfb\xe7\x07\x02\xf3" +
		"\xe8\x07\xfc\xe7\x07\x02\xf3\xe8\x07\xfd\xe7\x07\x02\xf3\xe8\x07\xfe\xe7\x07\x02\xf3\xe8\x07\xff\xe7" +
		"\x07\x02\xf4\xe8\x07\xfb\xe7\x07\x02\xf4\xe8\x07\xfc\xe7\x07\x02\xf4\xe8\x07\xfd\xe7\x07\x02\xf4\xe8" +
		"\x07\xfe\xe7\x07\x02\xf4\xe8\x07\xff\xe7\x07\x02\xf5\xe8\x07\xfb\xe7\x07\x02\xf5\xe8\x07\xfc\xe7\x07" +
		"\x02\xf5\xe8\x07\xfd\xe7\x07\x02\xf5\xe8\x07\xfe\xe7\x07\x02\xf5\xe8\x07\xff\xe7\x07\x02\xf6\xe8\x07" +
		"\xfb\xe7\x07\x02\xf6\xe8\x07\xfc\xe7\x07\x02\xf6\xe8\x07\xfd\xe7\x07\x02\xf6\xe8\x07\xfe\xe7\x07\x02" +
		"\xf6\xe8\x07\xff\xe7\x07\x02\xf7\xe8\x07\xfb\xe7\x07\x02\xf7\xe8\x07\xfc\xe7\x07\x02\xf7\xe8\x07\xfd" +
		"\xe7\x07\x02\xf7\xe8\x07\xfe\xe7\x07\x02\xf7\xe8\x07\xff\xe7\x07\x02\xf8\xe8\x07\xfb\xe7\x07\x02\xf8" +
		"\xe8\x07\xfc\xe7\x07\x02\xf8\xe8\x07\xfd\xe7\x07\x02\xf8\xe8\x07\xfe\xe7\x07\x02\xf8\xe8\x07\xff\xe7" +
		"\x07\x02\xfc\xe8\x07\xfb\xe7\x07\x02\xfc\xe8\x07\xfc\xe7\x07\x02\xfc\xe8\x07\xfd\xe7\x07\x02\xfc\xe8" +
		"\x07\xfe\xe7\x07\x02\xfc\xe8\x07\xff\xe7\x07\x02\x81\xe9\x07\xfb\xe7\x07\x02\x81\xe9\x07\xfc\xe7\x07" +
		"\x02\x81\xe9\x07\xfd\xe7\x07\x02\x81\xe9\x07\xfe\xe7\x07\x02\x81\xe9\x07\xff\xe7\x07\x02\x82\xe9\x07" +
		"\xfb\xe7\x07\x02\x82\xe9\x07\xfc\xe7\x07\x02\x82\xe9\x07\xfd\xe7\x07\x02\x82\xe9\x07\xfe\xe7\x07\x02" +
		"\x82\xe9\x07\xff\xe7\x07\x02\x83\xe9\x07\xfb\xe7\x07\x02\x83\xe9\x07\xfc\xe7\x07\x02\x83\xe9\x07\xfd" +
		"\xe7\x07\x02\x83\xe9\x07\xfe\xe7\x07\x02\x83\xe9\x07\xff\xe7\x07\x02\x85\xe9\x07\xfb\xe7\x07\x02\x85" +
		"\xe9\x07\xfc\xe7\x07\x02\x85\xe9\x07\xfd\xe7\x07\x02\x85\xe9\x07\xfe\xe7\x07\x02\x85\xe9\x07\xff\xe7" +
		"\x07\x02\x86\xe9\x07\xfb\xe7\x07\x02\x86\xe9\x07\xfc\xe7\x07\x02\x86\xe9\x07\xfd\xe7\x07\x02\x86\xe9" +
		"\x07\xfe\xe7\x07\x02\x86\xe9\x07\xff\xe7\x07\x02\x87\xe9\x07\xfb\xe7\x07\x02\x87\xe9\x07\xfc\xe7\x07" +
		"\x02\x87\xe9\x07\xfd\xe7\x07\x02\x87\xe9\x07\xfe\xe7\x07\x02\x87\xe9\x07\xff\xe7\x07\x02\x8f\xe9\x07" +
		"\xfb\xe7\x07\x02\x8f\xe9\x07\xfc\xe7\x07\x02\x8f\xe9\x07\xfd\xe7\x07\x02\x8f\xe9\x07\xfe\xe7\x07\x02" +
		"\x8f\xe9\x07\xff\xe7\x07\x02\x91\xe9\x07\xfb\xe7\x07\x02\x91\xe9\x07\xfc\xe7\x07\x02\x91\xe9\x07\xfd" +
		"\xe7\x07\x02\x91\xe9\x07\xfe\xe7\x07\x02\x91\xe9\x07\xff\xe7\x07\x02\xaa\xe9\x07\xfb\xe7\x07\x02\xaa" +
		"\xe9\x07\xfc\xe7\x07\x02\xaa\xe9\x07\xfd\xe7\x07\x02\xaa\xe9\x07\xfe\xe7\x07\x02\xaa\xe9\x07\xff\xe7" +
		"\x07\x02\xf4\xea\x07\xfb\xe7\x07\x02\xf4\xea\x07\xfc\xe7\x07\x02\xf4\xea\x07\xfd\xe7\x07\x02\xf4\xea" +
		"\x07\xfe\xe7\x07\x02\xf4\xea\x07\xff\xe7\x07\x02\xf5\xea\x07\xfb\xe7\x07\x02\xf5\xea\x07\xfc\xe7\x07" +
		"\x02\xf5\xea\x07\xfd\xe7\x07\x02\xf5\xea\x07\xfe\xe7\x07\x02\xf5\xea\x07\xff\xe7\x07\x02\xfa\xea\x07" +
		"\xfb\xe7\x07\x02\xfa\xea\x07\xfc\xe7\x07\x02\xfa\xea\x07\xfd\xe7\x07\x02\xfa\xea\x07\xfe\xe7\x07\x02" +
		"\xfa\xea\x07\xff\xe7\x07\x02\x90\xeb\x07\xfb\xe7\x07\x02\x90\xeb\x07\xfc\xe7\x07\x02\x90\xeb\x07\xfd" +
		"\xe7\x07\x02\x90\xeb\x07\xfe\xe7\x07\x02\x90\xeb\x07\xff\xe7\x07\x02\x95\xeb\x07\xfb\xe7\x07\x02\x95" +
		"\xeb\x07\xfc\xe7\x07\x02\x95\xeb\x07\xfd\xe7\x07\x02\x95\xeb\x07\xfe\xe7\x07\x02\x95\xeb\x07\xff\xe7" +
		"\x07\x02\x96\xeb\x07\xfb\xe7\x07\x02\x96\xeb\x07\xfc\xe7\x07\x02\x96\xeb\x07\xfd\xe7\x07\x02\x96\xeb" +
		"\x07\xfe\xe7\x07\x02\x96\xeb\x07\xff\xe7\x07\x02\xc5\xec\x07\xfb\xe7\x07\x02\xc5\xec\x07\xfc\xe7\x07" +
		"\x02\xc5\xec\x07\xfd\xe7\x07\x02\xc5\xec\x07\xfe\xe7\x07\x02\xc5\xec\x07\xff\xe7\x07\x02\xc6\xec\x07" +
		"\xfb\xe7\x07\x02\xc6\xec\x07\xfc\xe7\x07\x02\xc6\xec\x07\xfd\xe7\x07\x02\xc6\xec\x07\xfe\xe7\x07\x02" +
		"\xc6\xec\x07\xff\xe7\x07\x02\xc7\xec\x07\xfb\xe7\x07\x02\xc7\xec\x07\xfc\xe7\x07\x02\xc7\xec\x07\xfd" +
		"\xe7\x07\x02\xc7\xec\x07\xfe\xe7\x07\x02\xc7\xec\x07\xff\xe7\x07\x02\xcb\xec\x07\xfb\xe7\x07\x02\xcb" +
		"\xec\x07\xfc\xe7\x07\x02\xcb\xec\x07\xfd\xe7\x07\x02\xcb\xec\x07\xfe\xe7\x07\x02\xcb\xec\x07\xff\xe7" +
		"\x07\x02\xcc\xec\x07\xfb\xe7\x07\x02\xcc\xec\x07\xfc\xe7\x07\x02\xcc\xec\x07\xfd\xe7\x07\x02\xcc\xec" +
		"\x07\xfe\xe7\x07\x02\xcc\xec\x07\xff\xe7\x07\x02\xcd\xec\x07\xfb\xe7\x07\x02\xcd\xec\x07\xfc\xe7\x07" +
		"\x02\xcd\xec\x07\xfd\xe7\x07\x02\xcd\xec\x07\xfe\xe7\x07\x02\xcd\xec\x07\xff\xe7\x07\x02\xce\xec\x07" +
		"\xfb\xe7\x07\x02\xce\xec\x07\xfc\xe7\x07\x02\xce\xec\x07\xfd\xe7\x07\x02\xce\xec\x07\xfe\xe7\x07\x02" +
		"\xce\xec\x07\xff\xe7\x07\x02\xcf\xec\x07\xfb\xe7\x07\x02\xcf\xec\x07\xfc\xe7\x07\x02\xcf\xec\x07\xfd" +
		"\xe7\x07\x02\xcf\xec\x07\xfe\xe7\x07\x02\xcf\xec\x07\xff\xe7\x07\x02\xa3\xed\x07\xfb\xe7\x07\x02\xa3" +
		"\xed\x07\xfc\xe7\x07\x02\xa3\xed\x07\xfd\xe7\x07\x02\xa3\xed\x07\xfe\xe7\x07\x02\xa3\xed\x07\xff\xe7" +
		"\x07\x02\xb4\xed\x07\xfb\xe7\x07\x02\xb4\xed\x07\xfc\xe7\x07\x02\xb4\xed\x07\xfd\xe7\x07\x02\xb4\xed" +
		"\x07\xfe\xe7\x07\x02\xb4\xed\x07\xff\xe7\x07\x02\xb5\xed\x07\xfb\xe7\x07\x02\xb5\xed\x07\xfc\xe7\x07" +
		"\x02\xb5\xed\x07\xfd\xe7\x07\x02\xb5\xed\x07\xfe\xe7\x07\x02\xb5\xed\x07\xff\xe7\x07\x02\xb6\xed\x07" +
		"\xfb\xe7\x07\x02\xb6\xed\x07\xfc\xe7\x07\x02\xb6\xed\x07\xfd\xe7\x07\x02\xb6\xed\x07\xfe\xe7\x07\x02" +
		"\xb6\xed\x07\xff\xe7\x07\x02\xc0\xed\x07\xfb\xe7\x07\x02\xc0\xed\x07\xfc\xe7\x07\x02\xc0\xed\x07\xfd" +
		"\xe7\x07\x02\xc0\xed\x07\xfe\xe7\x07\x02\xc0\xed\x07\xff\xe7\x07\x02\xcc\xed\x07\xfb\xe7\x07\x02\xcc" +
		"\xed\x07\xfc\xe7\x07\x02\xcc\xed\x07\xfd\xe7\x07\x02\xcc\xed\x07\xfe\xe7\x07\x02\xcc\xed\x07\xff\xe7" +
		"\x07\x02\x8c\xf2\x07\xfb\xe7\x07\x02\x8c\xf2\x07\xfc\xe7\x07\x02\x8c\xf2\x07\xfd\xe7\x07\x02\x8c\xf2" +
		"\x07\xfe\xe7\x07\x02\x8c\xf2\x07\xff\xe7\x07\x02\x8f\xf2\x07\xfb\xe7\x07\x02\x8f\xf2\x07\xfc\xe7\x07" +
		"\x02\x8f\xf2\x07\xfd\xe7\x07\x02\x8f\xf2\x07\xfe\xe7\x07\x02\x8f\xf2\x07\xff\xe7\x07\x02\x98\xf2\x07" +
		"\xfb\xe7\x07\x02\x98\xf2\x07\xfc\xe7\x07\x02\x98\xf2\x07\xfd\xe7\x07\x02\x98\xf2\x07\xfe\xe7\x07\x02" +
		"\x98\xf2\x07\xff\xe7\x07\x02\x99\xf2\x07\xfb\xe7\x07\x02\x99\xf2\x07\xfc\xe7\x07\x02\x99\xf2\x07\xfd" +
		"\xe7\x07\x02\x99\xf2\x07\xfe\xe7\x07\x02\x99\xf2\x07\xff\xe7\x07\x02\x9a\xf2\x07\xfb\xe7\x07\x02\x9a" +
		"\xf2\x07\xfc\xe7\x07\x02\x9a\xf2\x07\xfd\xe7\x07\x02\x9a\xf2\x07\xfe\xe7\x07\x02\x9a\xf2\x07\xff\xe7" +
		"\x07\x02\x9b\xf2\x07\xfb\xe7\x07\x02\x9b\xf2\x07\xfc\xe7\x07\x02\x9b\xf2\x07\xfd\xe7\x07\x02\x9b\xf2" +
		"\x07\xfe\xe7\x07\x02\x9b\xf2\x07\xff\xe7\x07\x02\x9c\xf2\x07\xfb\xe7\x07\x02\x9c\xf2\x07\xfc\xe7\x07" +
		"\x02\x9c\xf2\x07\xfd\xe7\x07\x02\x9c\xf2\x07\xfe\xe7\x07\x02\x9c\xf2\x07\xff\xe7\x07\x02\x9d\xf2\x07" +
		"\xfb\xe7\x07\x02\x9d\xf2\x07\xfc\xe7\x07\x02\x9d\xf2\x07\xfd\xe7\x07\x02\x9d\xf2\x07\xfe\xe7\x07\x02" +
		"\x9d\xf2\x07\xff\xe7\x07\x02\x9e\xf2\x07\xfb\xe7\x07\x02\x9e\xf2\x07\xfc\xe7\x07\x02\x9e\xf2\x07\xfd" +
		"\xe7\x07\x02\x9e\xf2\x07\xfe\xe7\x07\x02\x9e\xf2\x07\xff\xe7\x07\x02\x9f\xf2\x07\xfb\xe7\x07\x02\x9f" +
		"\xf2\x07\xfc\xe7\x07\x02\x9f\xf2\x07\xfd\xe7\x07\x02\x9f\xf2\x07\xfe\xe7\x07\x02\x9f\xf2\x07\xff\xe7" +
		"\x07\x02\xa6\xf2\x07\xfb\xe7\x07\x02\xa6\xf2\x07\xfc\xe7\x07\x02\xa6\xf2\x07\xfd\xe7\x07\x02\xa6\xf2" +
		"\x07\xfe\xe7\x07\x02\xa6\xf2\x07\xff\xe7\x07\x02\xb0\xf2\x07\xfb\xe7\x07\x02\xb0\xf2\x07\xfc\xe7\x07" +
		"\x02\xb0\xf2\x07\xfd\xe7\x07\x02\xb0\xf2\x07\xfe\xe7\x07\x02\xb0\xf2\x07\xff\xe7\x07\x02\xb1\xf2\x07" +
		"\xfb\xe7\x07\x02\xb1\xf2\x07\xfc\xe7\x07\x02\xb1\xf2\x07\xfd\xe7\x07\x02\xb1\xf2\x07\xfe\xe7\x07\x02" +
		"\xb1\xf2\x07\xff\xe7\x07\x02\xb2\xf2\x07\xfb\xe7\x07\x02\xb2\xf2\x07\xfc\xe7\x07\x02\xb2\xf2\x07\xfd" +
		"\xe7\x07\x02\xb2\xf2\x07\xfe\xe7\x07\x02\xb2\xf2\x07\xff\xe7\x07\x02\xb3\xf2\x07\xfb\xe7\x07\x02\xb3" +
		"\xf2\x07\xfc\xe7\x07\x02\xb3\xf2\x07\xfd\xe7\x07\x02\xb3\xf2\x07\xfe\xe7\x07\x02\xb3\xf2\x07\xff\xe7" +
		"\x07\x02\xb4\xf2\x07\xfb\xe7\x07\x02\xb4\xf2\x07\xfc\xe7\x07\x02\xb4\xf2\x07\xfd\xe7\x07\x02\xb4\xf2" +
		"\x07\xfe\xe7\x07\x02\xb4\xf2\x07\xff\xe7\x07\x02\xb5\xf2\x07\xfb\xe7\x07\x02\xb5\xf2\x07\xfc\xe7\x07" +
		"\x02\xb5\xf2\x07\xfd\xe7\x07\x02\xb5\xf2\x07\xfe\xe7\x07\x02\xb5\xf2\x07\xff\xe7\x07\x02\xb6\xf2\x07" +
		"\xfb\xe7\x07\x02\xb6\xf2\x07\xfc\xe7\x07\x02\xb6\xf2\x07\xfd\xe7\x07\x02\xb6\xf2\x07\xfe\xe7\x07\x02" +
		"\xb6\xf2\x07\xff\xe7\x07\x02\xb7\xf2\x07\xfb\xe7\x07\x02\xb7\xf2\x07\xfc\xe7\x07\x02\xb7\xf2\x07\xfd" +
		"\xe7\x07\x02\xb7\xf2\x07\xfe\xe7\x07\x02\xb7\xf2\x07\xff\xe7\x07\x02\xb8\xf2\x07\xfb\xe7\x07\x02\xb8" +
		"\xf2\x07\xfc\xe7\x07\x02\xb8\xf2\x07\xfd\xe7\x07\x02\xb8\xf2\x07\xfe\xe7\x07\x02\xb8\xf2\x07\xff\xe7" +
		"\x07\x02\xb9\xf2\x07\xfb\xe7\x07\x02\xb9\xf2\x07\xfc\xe7\x07\x02\xb9\xf2\x07\xfd\xe7\x07\x02\xb9\xf2" +
		"\x07\xfe\xe7\x07\x02\xb9\xf2\x07\xff\xe7\x07\x02\xbc\xf2\x07\xfb\xe7\x07\x02\xbc\xf2\x07\xfc\xe7\x07" +
		"\x02\xbc\xf2\x07\xfd\xe7\x07\x02\xbc\xf2\x07\xfe\xe7\x07\x02\xbc\xf2\x07\xff\xe7\x07\x02\xbd\xf2\x07" +
		"\xfb\xe7\x07\x02\xbd\xf2\x07\xfc\xe7\x07\x02\xbd\xf2\x07\xfd\xe7\x07\x02\xbd\xf2\x07\xfe\xe7\x07\x02" +
		"\xbd\xf2\x07\xff\xe7\x07\x02\xbe\xf2\x07\xfb\xe7\x07\x02\xbe\xf2\x07\xfc\xe7\x07\x02\xbe\xf2\x07\xfd" +
		"\xe7\x07\x02\xbe\xf2\x07\xfe\xe7\x07\x02\xbe\xf2\x07\xff\xe7\x07\x02\xf7\xf2\x07\xfb\xe7\x07\x02\xf7" +
		"\xf2\x07\xfc\xe7\x07\x02\xf7\xf2\x07\xfd\xe7\x07\x02\xf7\xf2\x07\xfe\xe7\x07\x02\xf7\xf2\x07\xff\xe7" +
		"\x07\x02\xb5\xf3\x07\xfb\xe7\x07\x02\xb5\xf3\x07\xfc\xe7\x07\x02\xb5\xf3\x07\xfd\xe7\x07\x02\xb5\xf3" +
		"\x07\xfe\xe7\x07\x02\xb5\xf3\x07\xff\xe7\x07\x02\xb6\xf3\x07\xfb\xe7\x07\x02\xb6\xf3\x07\xfc\xe7\x07" +
		"\x02\xb6\xf3\x07\xfd\xe7\x07\x02\xb6\xf3\x07\xfe\xe7\x07\x02\xb6\xf3\x07\xff\xe7\x07\x02\xb8\xf3\x07" +
		"\xfb\xe7\x07\x02\xb8\xf3\x07\xfc\xe7\x07\x02\xb8\xf3\x07\xfd\xe7\x07\x02\xb8\xf3\x07\xfe\xe7\x07\x02" +
		"\xb8\xf3\x07\xff\xe7\x07\x02\xb9\xf3\x07\xfb\xe7\x07\x02\xb9\xf3\x07\xfc\xe7\x07\x02\xb9\xf3\x07\xfd" +
		"\xe7\x07\x02\xb9\xf3\x07\xfe\xe7\x07\x02\xb9\xf3\x07\xff\xe7\x07\x02\xbb\xf3\x07\xfb\xe7\x07\x02\xbb" +
		"\xf3\x07\xfc\xe7\x07\x02\xbb\xf3\x07\xfd\xe7\x07\x02\xbb\xf3\x07\xfe\xe7\x07\x02\xbb\xf3\x07\xff\xe7" +
		"\x07\x02\xcd\xf3\x07\xfb\xe7\x07\x02\xcd\xf3\x07\xfc\xe7\x07\x02\xcd\xf3\x07\xfd\xe7\x07\x02\xcd\xf3" +
		"\x07\xfe\xe7\x07\x02\xcd\xf3\x07\xff\xe7\x07\x02\xce\xf3\x07\xfb\xe7\x07\x02\xce\xf3\x07\xfc\xe7\x07" +
		"\x02\xce\xf3\x07\xfd\xe7\x07\x02\xce\xf3\x07\xfe\xe7\x07\x02\xce\xf3\x07\xff\xe7\x07\x02\xcf\xf3\x07" +
		"\xfb\xe7\x07\x02\xcf\xf3\x07\xfc\xe7\x07\x02\xcf\xf3\x07\xfd\xe7\x07\x02\xcf\xf3\x07\xfe\xe7\x07\x02" +
		"\xcf\xf3\x07\xff\xe7\x07\x02\xd1\xf3\x07\xfb\xe7\x07\x02\xd1\xf3\x07\xfc\xe7\x07\x02\xd1\xf3\x07\xfd" +
		"\xe7\x07\x02\xd1\xf3\x07\xfe\xe7\x07\x02\xd1\xf3\x07\xff\xe7\x07\x02\xd2\xf3\x07\xfb\xe7\x07\x02\xd2" +
		"\xf3\x07\xfc\xe7\x07\x02\xd2\xf3\x07\xfd\xe7\x07\x02\xd2\xf3\x07\xfe\xe7\x07\x02\xd2\xf3\x07\xff\xe7" +
		"\x07\x02\xd3\xf3\x07\xfb\xe7\x07\x02\xd3\xf3\x07\xfc\xe7\x07\x02\xd3\xf3\x07\xfd\xe7\x07\x02\xd3\xf3" +
		"\x07\xfe\xe7\x07\x02\xd3\xf3\x07\xff\xe7\x07\x02\xd4\xf3\x07\xfb\xe7\x07\x02\xd4\xf3\x07\xfc\xe7\x07" +
		"\x02\xd4\xf3\x07\xfd\xe7\x07\x02\xd4\xf3\x07\xfe\xe7\x07\x02\xd4\xf3\x07\xff\xe7\x07\x02\xd5\xf3\x07" +
		"\xfb\xe7\x07\x02\xd5\xf3\x07\xfc\xe7\x07\x02\xd5\xf3\x07\xfd\xe7\x07\x02\xd5\xf3\x07\xfe\xe7\x07\x02" +
		"\xd5\xf3\x07\xff\xe7\x07\x02\xd6\xf3\x07\xfb\xe7\x07\x02\xd6\xf3\x07\xfc\xe7\x07\x02\xd6\xf3\x07\xfd" +
		"\xe7\x07\x02\xd6\xf3\x07\xfe\xe7\x07\x02\xd6\xf3\x07\xff\xe7\x07\x02\xd7\xf3\x07\xfb\xe7\x07\x02\xd7" +
		"\xf3\x07\xfc\xe7\x07\x02\xd7\xf3\x07\xfd\xe7\x07\x02\xd7\xf3\x07\xfe\xe7\x07\x02\xd7\xf3\x07\xff\xe7" +
		"\x07\x02\xd8\xf3\x07\xfb\xe7\x07\x02\xd8\xf3\x07\xfc\xe7\x07\x02\xd8\xf3\x07\xfd\xe7\x07\x02\xd8\xf3" +
		"\x07\xfe\xe7\x07\x02\xd8\xf3\x07\xff\xe7\x07\x02\xd9\xf3\x07\xfb\xe7\x07\x02\xd9\xf3\x07\xfc\xe7\x07" +
		"\x02\xd9\xf3\x07\xfd\xe7\x07\x02\xd9\xf3\x07\xfe\xe7\x07\x02\xd9\xf3\x07\xff\xe7\x07\x02\xda\xf3\x07" +
		"\xfb\xe7\x07\x02\xda\xf3\x07\xfc\xe7\x07\x02\xda\xf3\x07\xfd\xe7\x07\x02\xda\xf3\x07\xfe\xe7\x07\x02" +
		"\xda\xf3\x07\xff\xe7\x07\x02\xdb\xf3\x07\xfb\xe7\x07\x02\xdb\xf3\x07\xfc\xe7\x07\x02\xdb\xf3\x07\xfd" +
		"\xe7\x07\x02\xdb\xf3\x07\xfe\xe7\x07\x02\xdb\xf3\x07\xff\xe7\x07\x02\xdc\xf3\x07\xfb\xe7\x07\x02\xdc" +
		"\xf3\x07\xfc\xe7\x07\x02\xdc\xf3\x07\xfd\xe7\x07\x02\xdc\xf3\x07\xfe\xe7\x07\x02\xdc\xf3\x07\xff\xe7" +
		"\x07\x02\xdd\xf3\x07\xfb\xe7\x07\x02\xdd\xf3\x07\xfc\xe7\x07\x02\xdd\xf3\x07\xfd\xe7\x07\x02\xdd\xf3" +
		"\x07\xfe\xe7\x07\x02\xdd\xf3\x07\xff\xe7\x07\x02\xc3\xf5\x07\xfb\xe7\x07\x02\xc3\xf5\x07\xfc\xe7\x07" +
		"\x02\xc3\xf5\x07\xfd\xe7\x07\x02\xc3\xf5\x07\xfe\xe7\x07\x02\xc3\xf5\x07\xff\xe7\x07\x02\xc4\xf5\x07" +
		"\xfb\xe7\x07\x02\xc4\xf5\x07\xfc\xe7\x07\x02\xc4\xf5\x07\xfd\xe7\x07\x02\xc4\xf5\x07\xfe\xe7\x07\x02" +
		"\xc4\xf5\x07\xff\xe7\x07\x02\xc5\xf5\x07\xfb\xe7\x07\x02\xc5\xf5\x07\xfc\xe7\x07\x02\xc5\xf5\x07\xfd" +
		"\xe7\x07\x02\xc5\xf5\x07\xfe\xe7\x07\x02\xc5\xf5\x07\xff\xe7\x07\x02\xf0\xf5\x07\xfb\xe7\x07\x02\xf0" +
		"\xf5\x07\xfc\xe7\x07\x02\xf0\xf5\x07\xfd\xe7\x07\x02\xf0\xf5\x07\xfe\xe7\x07\x02\xf0\xf5\x07\xff\xe7" +
		"\x07\x02\xf1\xf5\x07\xfb\xe7\x07\x02\xf1\xf5\x07\xfc\xe7\x07\x02\xf1\xf5\x07\xfd\xe7\x07\x02\xf1\xf5" +
		"\x07\xfe\xe7\x07\x02\xf1\xf5\x07\xff\xe7\x07\x02\xf2\xf5\x07\xfb\xe7\x07\x02\xf2\xf5\x07\xfc\xe7\x07" +
		"\x02\xf2\xf5\x07\xfd\xe7\x07\x02\xf2\xf5\x07\xfe\xe7\x07\x02\xf2\xf5\x07\xff\xe7\x07\x02\xf3\xf5\x07" +
		"\xfb\xe7\x07\x02\xf3\xf5\x07\xfc\xe7\x07\x02\xf3\xf5\x07\xfd\xe7\x07\x02\xf3\xf5\x07\xfe\xe7\x07\x02" +
		"\xf3\xf5\x07\xff\xe7\x07\x02\xf4\xf5\x07\xfb\xe7\x07\x02\xf4\xf5\x07\xfc\xe7\x07\x02\xf4\xf5\x07\xfd" +
		"\xe7\x07\x02\xf4\xf5\x07\xfe\xe7\x07\x02\xf4\xf5\x07\xff\xe7\x07\x02\xf5\xf5\x07\xfb\xe7\x07\x02\xf5" +
		"\xf5\x07\xfc\xe7\x07\x02\xf5\xf5\x07\xfd\xe7\x07\x02\xf5\xf5\x07\xfe\xe7\x07\x02\xf5\xf5\x07\xff\xe7" +
		"\x07\x02\xf6\xf5\x07\xfb\xe7\x07\x02\xf6\xf5\x07\xfc\xe7\x07\x02\xf6\xf5\x07\xfd\xe7\x07\x02\xf6\xf5" +
		"\x07\xfe\xe7\x07\x02\xf6\xf5\x07\xff\xe7\x07\x02\xf7\xf5\x07\xfb\xe7\x07\x02\xf7\xf5\x07\xfc\xe7\x07" +
		"\x02\xf7\xf5\x07\xfd\xe7\x07\x02\xf7\xf5\x07\xfe\xe7\x07\x02\xf7\xf5\x07\xff\xe7\x07\x02\xf8\xf5\x07" +
		"\xfb\xe7\x07\x02\xf8\xf5\x07\xfc\xe7\x07\x02\xf8\xf5\x07\xfd\xe7\x07\x02\xf8\xf5\x07\xfe\xe7\x07\x02" +
		"\xf8\xf5\x07\xff\xe7\x07"},
	{"RGI_Emoji_Tag_Sequence", "", "\x07\xf4\xe7\x07\xe7\x808\xe2\x808\xe5\x808\xee\x808\xe7\x808\xff\x808\x07\xf4\xe7\x07\xe7\x808\xe2" +
		"\x808\xf3\x808\xe3\x808\xf4\x808\xff\x808\x07\xf4\xe7\x07\xe7\x808\xe2\x808\xf7\x808\xec\x808\xf3" +
		"\x808\xff\x808"},
	{"RGI_Emoji_ZWJ_Sequence", "", "\x04\xd3M\x8f\xfc\x03\x8d@\xa5\xe9\x07\x05\xf9M\x8f\xfc\x03\x8d@\xc0L\x8f\xfc\x03\x05\xf9M\x8f\xfc" +
		"\x03\x8d@\xc2L\x8f\xfc\x03\x05\xf9M\xfb\xe7\x07\x8d@\xc0L\x8f\xfc\x03\x05\xf9M\xfb\xe7\x07\x8d@\xc2L" +
		"\x8f\xfc\x03\x05\xf9M\xfc\xe7\x07\x8d@\xc0L\x8f\xfc\x03\x05\xf9M\xfc\xe7\x07\x8d@\xc2L\x8f\xfc\x03" +
		"\x05\xf9M\xfd\xe7\x07\x8d@\xc0L\x8f\xfc\x03\x05\xf9M\xfd\xe7\x07\x8d@\xc2L\x8f\xfc\x03\x05\xf9M\xfe" +
		"\xe7\x07\x8d@\xc0L\x8f\xfc\x03\x05\xf9M\xfe\xe7\x07\x8d@\xc2L\x8f\xfc\x03\x05\xf9M\xff\xe7\x07\x8d@" +
		"\xc0L\x8f\xfc\x03\x05\xf9M\xff\xe7\x07\x8d@\xc2L\x8f\xfc\x03\x04\xe4N\x8f\xfc\x03\x8d@\xa5\xea\x07" +
		"\x04\xe4N\x8f\xfc\x03\x8d@\xf9\xf4\x07\x03\xc4\xe6\x07\x8d@\xeb\xef\x07\x03\xcb\xe6\x07\x8d@\xe9\xef" +
		"\x07\x04\xc3\xe7\x07\x8d@\xc0L\x8f\xfc\x03\x07\xc3\xe7\x07\x8d@\xc0L\x8f\xfc\x03\x8d@\xa1O\x8f\xfc" +
		"\x03\x04\xc3\xe7\x07\x8d@\xc2L\x8f\xfc\x03\x07\xc3\xe7\x07\x8d@\xc2L\x8f\xfc\x03\x8d@\xa1O\x8f\xfc" +
		"\x03\x04\xc3\xe7\x07\x8d@\xa1O\x8f\xfc\x03\x05\xc3\xe7\x07\xfb\xe7\x07\x8d@\xc0L\x8f\xfc\x03\x08\xc3" +
		"\xe7\x07\xfb\xe7\x07\x8d@\xc0L\x8f\xfc\x03\x8d@\xa1O\x8f\xfc\x03\x05\xc3\xe7\x07\xfb\xe7\x07\x8d@" +
		"\xc2L\x8f\xfc\x03\x08\xc3\xe7\x07\xfb\xe7\x07\x8d@\xc2L\x8f\xfc\x03\x8d@\xa1O\x8f\xfc\x03\x05\xc3" +
		"\xe7\x07\xfb\xe7\x07\x8d@\xa1O\x8f\xfc\x03\x05\xc3\xe7\x07\xfc\xe7\x07\x8d@\xc0L\x8f\xfc\x03\x08\xc3" +
		"\xe7\x07\xfc\xe7\x07\x8d@\xc0L\x8f\xfc\x03\x8d@\xa1O\x8f\xfc\x03\x05\xc3\xe7\x07\xfc\xe7\x07\x8d@" +
		"\xc2L\x8f\xfc\x03\x08\xc3\xe7\x07\xfc\xe7\x07\x8d@\xc2L\x8f\xfc\x03\x8d@\xa1O\x8f\xfc\x03\x05\xc3" +
		"\xe7\x07\xfc\xe7\x07\x8d@\xa1O\x8f\xfc\x03\x05\xc3\xe7\x07\xfd\xe7\x07\x8d@\xc0L\x8f\xfc\x03\x08\xc3" +
		"\xe7\x07\xfd\xe7\x07\x8d@\xc0L\x8f\xfc\x03\x8d@\xa1O\x8f\xfc\x03\x05\xc3\xe7\x07\xfd\xe7\x07\x8d@" +
		"\xc2L\x8f\xfc\x03\x08\xc3\xe7\x07\xfd\xe7\x07\x8d@\xc2L\x8f\xfc\x03\x8d@\xa1O\x8f\xfc\x03\x05\xc3" +
		"\xe7\x07\xfd\xe7\x07\x8d@\xa1O\x8f\xfc\x03\x05\xc3\xe7\x07\xfe\xe7\x07\x8d@\xc0L\x8f\xfc\x03\x08\xc3" +
		"\xe7\x07\xfe\xe7\x07\x8d@\xc0L\x8f\xfc\x03\x8d@\xa1O\x8f\xfc\x03\x05\xc3\xe7\x07\xfe\xe7\x07\x8d@" +
		"\xc2L\x8f\xfc\x03\x08\xc3\xe7\x07\xfe\xe7\x07\x8d@\xc2L\x8f\xfc\x03\x8d@\xa1O\x8f\xfc\x03\x05\xc3" +
		"\xe7\x07\xfe\xe7\x07\x8d@\xa1O\x8f\xfc\x03\x05\xc3\xe7\x07\xff\xe7\x07\x8d@\xc0L\x8f\xfc\x03\x08\xc3" +
		"\xe7\x07\xff\xe7\x07\x8d@\xc0L\x8f\xfc\x03\x8d@\xa1O\x8f\xfc\x03\x05\xc3\xe7\x07\xff\xe7\x07\x8d@" +
		"\xc2L\x8f\xfc\x03\x08\xc3\xe7\x07\xff\xe7\x07\x8d@\xc2L\x8f\xfc\x03\x8d@\xa1O\x8f\xfc\x03\x05\xc3" +
		"\xe7\x07\xff\xe7\x07\x8d@\xa1O\x8f\xfc\x03\x04\xc4\xe7\x07\x8d@\xc0L\x8f\xfc\x03\x04\xc4\xe7\x07\x8d" +
		"@\xc2L\x8f\xfc\x03\x05\xc4\xe7\x07\xfb\xe7\x07\x8d@\xc0L\x8f\xfc\x03\x05\xc4\xe7\x07\xfb\xe7\x07\x8d" +
		"@\xc2L\x8f\xfc\x03\x05\xc4\xe7\x07\xfc\xe7\x07\x8d@\xc0L\x8f\xfc\x03\x05\xc4\xe7\x07\xfc\xe7\x07\x8d" +
		"@\xc2L\x8f\xfc\x03\x05\xc4\xe7\x07\xfd\xe7\x07\x8d@\xc0L\x8f\xfc\x03\x05\xc4\xe7\x07\xfd\xe7\x07\x8d" +
		"@\xc2L\x8f\xfc\x03\x05\xc4\xe7\x07\xfe\xe7\x07\x8d@\xc0L\x8f\xfc\x03\x05\xc4\xe7\x07\xfe\xe7\x07\x8d" +
		"@\xc2L\x8f\xfc\x03\x05\xc4\xe7\x07\xff\xe7\x07\x8d@\xc0L\x8f\xfc\x03\x05\xc4\xe7\x07\xff\xe7\x07\x8d" +
		"@\xc2L\x8f\xfc\x03\x04\xca\xe7\x07\x8d@\xc0L\x8f\xfc\x03\x04\xca\xe7\x07\x8d@\xc2L\x8f\xfc\x03\x05" +
		"\xca\xe7\x07\xfb\xe7\x07\x8d@\xc0L\x8f\xfc\x03\x05\xca\xe7\x07\xfb\xe7\x07\x8d@\xc2L\x8f\xfc\x03\x05" +
		"\xca\xe7\x07\xfc\xe7\x07\x8d@\xc0L\x8f\xfc\x03\x05\xca\xe7\x07\xfc\xe7\x07\x8d@\xc2L\x8f\xfc\x03\x05" +
		"\xca\xe7\x07\xfd\xe7\x07\x8d@\xc0L\x8f\xfc\x03\x05\xca\xe7\x07\xfd\xe7\x07\x8d@\xc2L\x8f\xfc\x03\x05" +
		"\xca\xe7\x07\xfe\xe7\x07\x8d@\xc0L\x8f\xfc\x03\x05\xca\xe7\x07\xfe\xe7\x07\x8d@\xc2L\x8f\xfc\x03\x05" +
		"\xca\xe7\x07\xff\xe7\x07\x8d@\xc0L\x8f\xfc\x03\x05\xca\xe7\x07\xff\xe7\x07\x8d@\xc2L\x8f\xfc\x03\x05" +
		"\xcb\xe7\x07\x8f\xfc\x03\x8d@\xc0L\x8f\xfc\x03\x05\xcb\xe7\x07\x8f\xfc\x03\x8d@\xc2L\x8f\xfc\x03\x05" +
		"\xcb\xe7\x07\xfb\xe7\x07\x8d@\xc0L\x8f\xfc\x03\x05\xcb\xe7\x07\xfb\xe7\x07\x8d@\xc2L\x8f\xfc\x03\x05" +
		"\xcb\xe7\x07\xfc\xe7\x07\x8d@\xc0L\x8f\xfc\x03\x05\xcb\xe7\x07\xfc\xe7\x07\x8d@\xc2L\x8f\xfc\x03\x05" +
		"\xcb\xe7\x07\xfd\xe7\x07\x8d@\xc0L\x8f\xfc\x03\x05\xcb\xe7\x07\xfd\xe7\x07\x8d@\xc2L\x8f\xfc\x03\x05" +
		"\xcb\xe7\x07\xfe\xe7\x07\x8d@\xc0L\x8f\xfc\x03\x05\xcb\xe7\x07\xfe\xe7\x07\x8d@\xc2L\x8f\xfc\x03\x05" +
		"\xcb\xe7\x07\xff\xe7\x07\x8d@\xc0L\x8f\xfc\x03\x05\xcb\xe7\x07\xff\xe7\x07\x8d@\xc2L\x8f\xfc\x03\x05" +
		"\xcc\xe7\x07\x8f\xfc\x03\x8d@\xc0L\x8f\xfc\x03\x05\xcc\xe7\x07\x8f\xfc\x03\x8d@\xc2L\x8f\xfc\x03\x05" +
		"\xcc\xe7\x07\xfb\xe7\x07\x8d@\xc0L\x8f\xfc\x03\x05\xcc\xe7\x07\xfb\xe7\x07\x8d@\xc2L\x8f\xfc\x03\x05" +
		"\xcc\xe7\x07\xfc\xe7\x07\x8d@\xc0L\x8f\xfc\x03\x05\xcc\xe7\x07\xfc\xe7\x07\x8d@\xc2L\x8f\xfc\x03\x05" +
		"\xcc\xe7\x07\xfd\xe7\x07\x8d@\xc0L\x8f\xfc\x03\x05\xcc\xe7\x07\xfd\xe7\x07\x8d@\xc2L\x8f\xfc\x03\x05" +
		"\xcc\xe7\x07\xfe\xe7\x07\x8d@\xc0L\x8f\xfc\x03\x05\xcc\xe7\x07\xfe\xe7\x07\x8d@\xc2L\x8f\xfc\x03\x05" +
		"\xcc\xe7\x07\xff\xe7\x07\x8d@\xc0L\x8f\xfc\x03\x05\xcc\xe7\x07\xff\xe7\x07\x8d@\xc2L\x8f\xfc\x03\x05" +
		"\xf3\xe7\x07\x8f\xfc\x03\x8d@\xa7M\x8f\xfc\x03\x04\xf3\xe7\x07\x8f\xfc\x03\x8d@\x88\xe6\x07\x04\xf4" +
		"\xe7\x07\x8d@\xa0L\x8f\xfc\x03\x03\x88\xe8\x07\x8d@\x9bV\x03\x95\xe8\x07\x8d@\xba\xf3\x07\x03\xa6" +
		"\xe8\x07\x8d@\x9bV\x03\xa6\xe8\x07\x8d@\xa5\xea\x07\x04\xbb\xe8\x07\x8d@\xc4N\x8f\xfc\x03\x05\xc1" +
		"\xe8\x07\x8f\xfc\x03\x8d@\xe8\xeb\x07\x8f\xfc\x03\x04\xe8\xe8\x07\x8d@\x95M\x8f\xfc\x03\x04\xe8\xe8" +
		"\x07\x8d@\x96M\x8f\xfc\x03\x04\xe8\xe8\x07\x8d@\x88N\x8f\xfc\x03\x06\xe8\xe8\x07\x8d@\xe4N\x8f\xfc" +
		"\x03\x8d@\xe8\xe8\x07\x08\xe8\xe8\x07\x8d@\xe4N\x8f\xfc\x03\x8d@\x8b\xe9\x07\x8d@\xe8\xe8\x07\x03" +
		"\xe8\xe8\x07\x8d@\xbe\xe6\x07\x03\xe8\xe8\x07\x8d@\xf3\xe6\x07\x03\xe8\xe8\x07\x8d@\xfc\xe6\x07\x03" +
		"\xe8\xe8\x07\x8d@\x93\xe7\x07\x03\xe8\xe8\x07\x8d@\xa4\xe7\x07\x03\xe8\xe8\x07\x8d@\xa8\xe7\x07\x03" +
		"\xe8\xe8\x07\x8d@\xeb\xe7\x07\x03\xe8\xe8\x07\x8d@\xed\xe7\x07\x03\xe8\xe8\x07\x8d@\xe6\xe8\x07\x05" +
		"\xe8\xe8\x07\x8d@\xe6\xe8\x07\x8d@\xe6\xe8\x07\x03\xe8\xe8\x07\x8d@\xe7\xe8\x07\x05\xe8\xe8\x07\x8d@" +
		"\xe7\xe8\x07\x8d@\xe6\xe8\x07\x05\xe8\xe8\x07\x8d@\xe7\xe8\x07\x8d@\xe7\xe8\x07\x05\xe8\xe8\x07\x8d@" +
		"\xe8\xe8\x07\x8d@\xe6\xe8\x07\x07\xe8\xe8\x07\x8d@\xe8\xe8\x07\x8d@\xe6\xe8\x07\x8d@\xe6\xe8\x07\x05" +
		"\xe8\xe8\x07\x8d@\xe8\xe8\x07\x8d@\xe7\xe8\x07\x07\xe8\xe8\x07\x8d@\xe8\xe8\x07\x8d@\xe7\xe8\x07\x8d" +
		"@\xe6\xe8\x07\x07\xe8\xe8\x07\x8d@\xe8\xe8\x07\x8d@\xe7\xe8\x07\x8d@\xe7\xe8\x07\x05\xe8\xe8\x07\x8d" +
		"@\xe9\xe8\x07\x8d@\xe6\xe8\x07\x07\xe8\xe8\x07\x8d@\xe9\xe8\x07\x8d@\xe6\xe8\x07\x8d@\xe6\xe8\x07" +
		"\x05\xe8\xe8\x07\x8d@\xe9\xe8\x07\x8d@\xe7\xe8\x07\x07\xe8\xe8\x07\x8d@\xe9\xe8\x07\x8d@\xe7\xe8\x07" +
		"\x8d@\xe6\xe8\x07\x07\xe8\xe8\x07\x8d@\xe9\xe8\x07\x8d@\xe7\xe8\x07\x8d@\xe7\xe8\x07\x03\xe8\xe8\x07" +
		"\x8d@\xbb\xe9\x07\x03\xe8\xe8\x07\x8d@\xbc\xe9\x07\x03\xe8\xe8\x07\x8d@\xa7\xea\x07\x03\xe8\xe8\x07" +
		"\x8d@\xac\xea\x07\x03\xe8\xe8\x07\x8d@\x80\xed\x07\x03\xe8\xe8\x07\x8d@\x92\xed\x07\x03\xe8\xe8\x07" +
		"\x8d@\xaf\xf3\x07\x06\xe8\xe8\x07\x8d@\xaf\xf3\x07\x8d@\xa1O\x8f\xfc\x03\x03\xe8\xe8\x07\x8d@\xb0" +
		"\xf3\x07\x03\xe8\xe8\x07\x8d@\xb1\xf3\x07\x03\xe8\xe8\x07\x8d@\xb2\xf3\x07\x03\xe8\xe8\x07\x8d@\xb3" +
		"\xf3\x07\x03\xe8\xe8\x07\x8d@\xbc\xf3\x07\x06\xe8\xe8\x07\x8d@\xbc\xf3\x07\x8d@\xa1O\x8f\xfc\x03\x03" +
		"\xe8\xe8\x07\x8d@\xbd\xf3\x07\x06\xe8\xe8\x07\x8d@\xbd\xf3\x07\x8d@\xa1O\x8f\xfc\x03\x05\xe8\xe8\x07" +
		"\xfb\xe7\x07\x8d@\x95M\x8f\xfc\x03\x05\xe8\xe8\x07\xfb\xe7\x07\x8d@\x96M\x8f\xfc\x03\x05\xe8\xe8\x07" +
		"\xfb\xe7\x07\x8d@\x88N\x8f\xfc\x03\x08\xe8\xe8\x07\xfb\xe7\x07\x8d@\xe4N\x8f\xfc\x03\x8d@\xe8\xe8" +
		"\x07\xfb\xe7\x07\x08\xe8\xe8\x07\xfb\xe7\x07\x8d@\xe4N\x8f\xfc\x03\x8d@\xe8\xe8\x07\xfc\xe7\x07\x08" +
		"\xe8\xe8\x07\xfb\xe7\x07\x8d@\xe4N\x8f\xfc\x03\x8d@\xe8\xe8\x07\xfd\xe7\x07\x08\xe8\xe8\x07\xfb\xe7" +
		"\x07\x8d@\xe4N\x8f\xfc\x03\x8d@\xe8\xe8\x07\xfe\xe7\x07\x08\xe8\xe8\x07\xfb\xe7\x07\x8d@\xe4N\x8f" +
		"\xfc\x03\x8d@\xe8\xe8\x07\xff\xe7\x07\x0a\xe8\xe8\x07\xfb\xe7\x07\x8d@\xe4N\x8f\xfc\x03\x8d@\x8b\xe9" +
		"\x07\x8d@\xe8\xe8\x07\xfb\xe7\x07\x0a\xe8\xe8\x07\xfb\xe7\x07\x8d@\xe4N\x8f\xfc\x03\x8d@\x8b\xe9\x07" +
		"\x8d@\xe8\xe8\x07\xfc\xe7\x07\x0a\xe8\xe8\x07\xfb\xe7\x07\x8d@\xe4N\x8f\xfc\x03\x8d@\x8b\xe9\x07\x8d" +
		"@\xe8\xe8\x07\xfd\xe7\x07\x0a\xe8\xe8\x07\xfb\xe7\x07\x8d@\xe4N\x8f\xfc\x03\x8d@\x8b\xe9\x07\x8d@" +
		"\xe8\xe8\x07\xfe\xe7\x07\x0a\xe8\xe8\x07\xfb\xe7\x07\x8d@\xe4N\x8f\xfc\x03\x8d@\x8b\xe9\x07\x8d@\xe8" +
		"\xe8\x07\xff\xe7\x07\x04\xe8\xe8\x07\xfb\xe7\x07\x8d@\xbe\xe6\x07\x04\xe8\xe8\x07\xfb\xe7\x07\x8d@" +
		"\xf3\xe6\x07\x04\xe8\xe8\x07\xfb\xe7\x07\x8d@\xfc\xe6\x07\x04\xe8\xe8\x07\xfb\xe7\x07\x8d@\x93\xe7" +
		"\x07\x04\xe8\xe8\x07\xfb\xe7\x07\x8d@\xa4\xe7\x07\x04\xe8\xe8\x07\xfb\xe7\x07\x8d@\xa8\xe7\x07\x04" +
		"\xe8\xe8\x07\xfb\xe7\x07\x8d@\xeb\xe7\x07\x04\xe8\xe8\x07\xfb\xe7\x07\x8d@\xed\xe7\x07\x07\xe8\xe8" +
		"\x07\xfb\xe7\x07\x8d@\xb0\xe8\x07\x8d@\xe8\xe8\x07\xfc\xe7\x07\x07\xe8\xe8\x07\xfb\xe7\x07\x8d@\xb0" +
		"\xe8\x07\x8d@\xe8\xe8\x07\xfd\xe7\x07\x07\xe8\xe8\x07\xfb\xe7\x07\x8d@\xb0\xe8\x07\x8d@\xe8\xe8\x07" +
		"\xfe\xe7\x07\x07\xe8\xe8\x07\xfb\xe7\x07\x8d@\xb0\xe8\x07\x8d@\xe8\xe8\x07\xff\xe7\x07\x04\xe8\xe8" +
		"\x07\xfb\xe7\x07\x8d@\xbb\xe9\x07\x04\xe8\xe8\x07\xfb\xe7\x07\x8d@\xbc\xe9\x07\x04\xe8\xe8\x07\xfb" +
		"\xe7\x07\x8d@\xa7\xea\x07\x04\xe8\xe8\x07\xfb\xe7\x07\x8d@\xac\xea\x07\x04\xe8\xe8\x07\xfb\xe7\x07" +
		"\x8d@\x80\xed\x07\x04\xe8\xe8\x07\xfb\xe7\x07\x8d@\x92\xed\x07\x07\xe8\xe8\x07\xfb\xe7\x07\x8d@\x9d" +
		"\xf2\x07\x8d@\xe8\xe8\x07\xfc\xe7\x07\x07\xe8\xe8\x07\xfb\xe7\x07\x8d@\x9d\xf2\x07\x8d@\xe8\xe8\x07" +
		"\xfd\xe7\x07\x07\xe8\xe8\x07\xfb\xe7\x07\x8d@\x9d\xf2\x07\x8d@\xe8\xe8\x07\xfe\xe7\x07\x07\xe8\xe8" +
		"\x07\xfb\xe7\x07\x8d@\x9d\xf2\x07\x8d@\xe8\xe8\x07\xff\xe7\x07\x04\xe8\xe8\x07\xfb\xe7\x07\x8d@\xaf" +
		"\xf3\x07\x07\xe8\xe8\x07\xfb\xe7\x07\x8d@\xaf\xf3\x07\x8d@\xa1O\x8f\xfc\x03\x04\xe8\xe8\x07\xfb\xe7" +
		"\x07\x8d@\xb0\xf3\x07\x04\xe8\xe8\x07\xfb\xe7\x07\x8d@\xb1\xf3\x07\x04\xe8\xe8\x07\xfb\xe7\x07\x8d@" +
		"\xb2\xf3\x07\x04\xe8\xe8\x07\xfb\xe7\x07\x8d@\xb3\xf3\x07\x04\xe8\xe8\x07\xfb\xe7\x07\x8d@\xbc\xf3" +
		"\x07\x07\xe8\xe8\x07\xfb\xe7\x07\x8d@\xbc\xf3\x07\x8d@\xa1O\x8f\xfc\x03\x04\xe8\xe8\x07\xfb\xe7\x07" +
		"\x8d@\xbd\xf3\x07\x07\xe8\xe8\x07\xfb\xe7\x07\x8d@\xbd\xf3\x07\x8d@\xa1O\x8f\xfc\x03\x07\xe8\xe8\x07" +
		"\xfb\xe7\x07\x8d@\xef\xf5\x07\x8d@\xe8\xe8\x07\xfc\xe7\x07\x07\xe8\xe8\x07\xfb\xe7\x07\x8d@\xef\xf5" +
		"\x07\x8d@\xe8\xe8\x07\xfd\xe7\x07\x07\xe8\xe8\x07\xfb\xe7\x07\x8d@\xef\xf5\x07\x8d@\xe8\xe8\x07\xfe" +
		"\xe7\x07\x07\xe8\xe8\x07\xfb\xe7\x07\x8d@\xef\xf5\x07\x8d@\xe8\xe8\x07\xff\xe7\x07\x05\xe8\xe8\x07" +
		"\xfc\xe7\x07\x8d@\x95M\x8f\xfc\x03\x05\xe8\xe8\x07\xfc\xe7\x07\x8d@\x96M\x8f\xfc\x03\x05\xe8\xe8\x07" +
		"\xfc\xe7\x07\x8d@\x88N\x8f\xfc\x03\x08\xe8\xe8\x07\xfc\xe7\x07\x8d@\xe4N\x8f\xfc\x03\x8d@\xe8\xe8" +
		"\x07\xfb\xe7\x07\x08\xe8\xe8\x07\xfc\xe7\x07\x8d@\xe4N\x8f\xfc\x03\x8d@\xe8\xe8\x07\xfc\xe7\x07\x08" +
		"\xe8\xe8\x07\xfc\xe7\x07\x8d@\xe4N\x8f\xfc\x03\x8d@\xe8\xe8\x07\xfd\xe7\x07\x08\xe8\xe8\x07\xfc\xe7" +
		"\x07\x8d@\xe4N\x8f\xfc\x03\x8d@\xe8\xe8\x07\xfe\xe7\x07\x08\xe8\xe8\x07\xfc\xe7\x07\x8d@\xe4N\x8f" +
		"\xfc\x03\x8d@\xe8\xe8\x07\xff\xe7\x07\x0a\xe8\xe8\x07\xfc\xe7\x07\x8d@\xe4N\x8f\xfc\x03\x8d@\x8b\xe9" +
		"\x07\x8d@\xe8\xe8\x07\xfb\xe7\x07\x0a\xe8\xe8\x07\xfc\xe7\x07\x8d@\xe4N\x8f\xfc\x03\x8d@\x8b\xe9\x07" +
		"\x8d@\xe8\xe8\x07\xfc\xe7\x07\x0a\xe8\xe8\x07\xfc\xe7\x07\x8d@\xe4N\x8f\xfc\x03\x8d@\x8b\xe9\x07\x8d" +
		"@\xe8\xe8\x07\xfd\xe7\x07\x0a\xe8\xe8\x07\xfc\xe7\x07\x8d@\xe4N\x8f\xfc\x03\x8d@\x8b\xe9\x07\x8d@" +
		"\xe8\xe8\x07\xfe\xe7\x07\x0a\xe8\xe8\x07\xfc\xe7\x07\x8d@\xe4N\x8f\xfc\x03\x8d@\x8b\xe9\x07\x8d@\xe8" +
		"\xe8\x07\xff\xe7\x07\x04\xe8\xe8\x07\xfc\xe7\x07\x8d@\xbe\xe6\x07\x04\xe8\xe8\x07\xfc\xe7\x07\x8d@" +
		"\xf3\xe6\x07\x04\xe8\xe8\x07\xfc\xe7\x07\x8d@\xfc\xe6\x07\x04\xe8\xe8\x07\xfc\xe7\x07\x8d@\x93\xe7" +
		"\x07\x04\xe8\xe8\x07\xfc\xe7\x07\x8d@\xa4\xe7\x07\x04\xe8\xe8\x07\xfc\xe7\x07\x8d@\xa8\xe7\x07\x04" +
		"\xe8\xe8\x07\xfc\xe7\x07\x8d@\xeb\xe7\x07\x04\xe8\xe8\x07\xfc\xe7\x07\x8d@\xed\xe7\x07\x07\xe8\xe8" +
		"\x07\xfc\xe7\x07\x8d@\xb0\xe8\x07\x8d@\xe8\xe8\x07\xfb\xe7\x07\x07\xe8\xe8\x07\xfc\xe7\x07\x8d@\xb0" +
		"\xe8\x07\x8d@\xe8\xe8\x07\xfd\xe7\x07\x07\xe8\xe8\x07\xfc\xe7\x07\x8d@\xb0\xe8\x07\x8d@\xe8\xe8\x07" +
		"\xfe\xe7\x07\x07\xe8\xe8\x07\xfc\xe7\x07\x8d@\xb0\xe8\x07\x8d@\xe8\xe8\x07\xff\xe7\x07\x04\xe8\xe8" +
		"\x07\xfc\xe7\x07\x8d@\xbb\xe9\x07\x04\xe8\xe8\x07\xfc\xe7\x07\x8d@\xbc\xe9\x07\x04\xe8\xe8\x07\xfc" +
		"\xe7\x07\x8d@\xa7\xea\x07\x04\xe8\xe8\x07\xfc\xe7\x07\x8d@\xac\xea\x07\x04\xe8\xe8\x07\xfc\xe7\x07" +
		"\x8d@\x80\xed\x07\x04\xe8\xe8\x07\xfc\xe7\x07\x8d@\x92\xed\x07\x07\xe8\xe8\x07\xfc\xe7\x07\x8d@\x9d" +
		"\xf2\x07\x8d@\xe8\xe8\x07\xfb\xe7\x07\x07\xe8\xe8\x07\xfc\xe7\x07\x8d@\x9d\xf2\x07\x8d@\xe8\xe8\x07" +
		"\xfd\xe7\x07\x07\xe8\xe8\x07\xfc\xe7\x07\x8d@\x9d\xf2\x07\x8d@\xe8\xe8\x07\xfe\xe7\x07\x07\xe8\xe8" +
		"\x07\xfc\xe7\x07\x8d@\x9d\xf2\x07\x8d@\xe8\xe8\x07\xff\xe7\x07\x04\xe8\xe8\x07\xfc\xe7\x07\x8d@\xaf" +
		"\xf3\x07\x07\xe8\xe8\x07\xfc\xe7\x07\x8d@\xaf\xf3\x07\x8d@\xa1O\x8f\xfc\x03\x04\xe8\xe8\x07\xfc\xe7" +
		"\x07\x8d@\xb0\xf3\x07\x04\xe8\xe8\x07\xfc\xe7\x07\x8d@\xb1\xf3\x07\x04\xe8\xe8\x07\xfc\xe7\x07\x8d@" +
		"\xb2\xf3\x07\x04\xe8\xe8\x07\xfc\xe7\x07\x8d@\xb3\xf3\x07\x04\xe8\xe8\x07\xfc\xe7\x07\x8d@\xbc\xf3" +
		"\x07\x07\xe8\xe8\x07\xfc\xe7\x07\x8d@\xbc\xf3\x07\x8d@\xa1O\x8f\xfc\x03\x04\xe8\xe8\x07\xfc\xe7\x07" +
		"\x8d@\xbd\xf3\x07\x07\xe8\xe8\x07\xfc\xe7\x07\x8d@\xbd\xf3\x07\x8d@\xa1O\x8f\xfc\x03\x07\xe8\xe8\x07" +
		"\xfc\xe7\x07\x8d@\xef\xf5\x07\x8d@\xe8\xe8\x07\xfb\xe7\x07\x07\xe8\xe8\x07\xfc\xe7\x07\x8d@\xef\xf5" +
		"\x07\x8d@\xe8\xe8\x07\xfd\xe7\x07\x07\xe8\xe8\x07\xfc\xe7\x07\x8d@\xef\xf5\x07\x8d@\xe8\xe8\x07\xfe" +
		"\xe7\x07\x07\xe8\xe8\x07\xfc\xe7\x07\x8d@\xef\xf5\x07\x8d@\xe8\xe8\x07\xff\xe7\x07\x05\xe8\xe8\x07" +
		"\xfd\xe7\x07\x8d@\x95M\x8f\xfc\x03\x05\xe8\xe8\x07\xfd\xe7\x07\x8d@\x96M\x8f\xfc\x03\x05\xe8\xe8\x07" +
		"\xfd\xe7\x07\x8d@\x88N\x8f\xfc\x03\x08\xe8\xe8\x07\xfd\xe7\x07\x8d@\xe4N\x8f\xfc\x03\x8d@\xe8\xe8" +
		"\x07\xfb\xe7\x07\x08\xe8\xe8\x07\xfd\xe7\x07\x8d@\xe4N\x8f\xfc\x03\x8d@\xe8\xe8\x07\xfc\xe7\x07\x08" +
		"\xe8\xe8\x07\xfd\xe7\x07\x8d@\xe4N\x8f\xfc\x03\x8d@\xe8\xe8\x07\xfd\xe7\x07\x08\xe8\xe8\x07\xfd\xe7" +
		"\x07\x8d@\xe4N\x8f\xfc\x03\x8d@\xe8\xe8\x07\xfe\xe7\x07\x08\xe8\xe8\x07\xfd\xe7\x07\x8d@\xe4N\x8f" +
		"\xfc\x03\x8d@\xe8\xe8\x07\xff\xe7\x07\x0a\xe8\xe8\x07\xfd\xe7\x07\x8d@\xe4N\x8f\xfc\x03\x8d@\x8b\xe9" +
		"\x07\x8d@\xe8\xe8\x07\xfb\xe7\x07\x0a\xe8\xe8\x07\xfd\xe7\x07\x8d@\xe4N\x8f\xfc\x03\x8d@\x8b\xe9\x07" +
		"\x8d@\xe8\xe8\x07\xfc\xe7\x07\x0a\xe8\xe8\x07\xfd\xe7\x07\x8d@\xe4N\x8f\xfc\x03\x8d@\x8b\xe9\x07\x8d" +
		"@\xe8\xe8\x07\xfd\xe7\x07\x0a\xe8\xe8\x07\xfd\xe7\x07\x8d@\xe4N\x8f\xfc\x03\x8d@\x8b\xe9\x07\x8d@" +
		"\xe8\xe8\x07\xfe\xe7\x07\x0a\xe8\xe8\x07\xfd\xe7\x07\x8d@\xe4N\x8f\xfc\x03\x8d@\x8b\xe9\x07\x8d@\xe8" +
		"\xe8\x07\xff\xe7\x07\x04\xe8\xe8\x07\xfd\xe7\x07\x8d@\xbe\xe6\x07\x04\xe8\xe8\x07\xfd\xe7\x07\x8d@" +
		"\xf3\xe6\x07\x04\xe8\xe8\x07\xfd\xe7\x07\x8d@\xfc\xe6\x07\x04\xe8\xe8\x07\xfd\xe7\x07\x8d@\x93\xe7" +
		"\x07\x04\xe8\xe8\x07\xfd\xe7\x07\x8d@\xa4\xe7\x07\x04\xe8\xe8\x07\xfd\xe7\x07\x8d@\xa8\xe7\x07\x04" +
		"\xe8\xe8\x07\xfd\xe7\x07\x8d@\xeb\xe7\x07\x04\xe8\xe8\x07\xfd\xe7\x07\x8d@\xed\xe7\x07\x07\xe8\xe8" +
		"\x07\xfd\xe7\x07\x8d@\xb0\xe8\x07\x8d@\xe8\xe8\x07\xfb\xe7\x07\x07\xe8\xe8\x07\xfd\xe7\x07\x8d@\xb0" +
		"\xe8\x07\x8d@\xe8\xe8\x07\xfc\xe7\x07\x07\xe8\xe8\x07\xfd\xe7\x07\x8d@\xb0\xe8\x07\x8d@\xe8\xe8\x07" +
		"\xfe\xe7\x07\x07\xe8\xe8\x07\xfd\xe7\x07\x8d@\xb0\xe8\x07\x8d@\xe8\xe8\x07\xff\xe7\x07\x04\xe8\xe8" +
		"\x07\xfd\xe7\x07\x8d@\xbb\xe9\x07\x04\xe8\xe8\x07\xfd\xe7\x07\x8d@\xbc\xe9\x07\x04\xe8\xe8\x07\xfd" +
		"\xe7\x07\x8d@\xa7\xea\x07\x04\xe8\xe8\x07\xfd\xe7\x07\x8d@\xac\xea\x07\x04\xe8\xe8\x07\xfd\xe7\x07" +
		"\x8d@\x80\xed\x07\x04\xe8\xe8\x07\xfd\xe7\x07\x8d@\x92\xed\x07\x07\xe8\xe8\x07\xfd\xe7\x07\x8d@\x9d" +
		"\xf2\x07\x8d@\xe8\xe8\x07\xfb\xe7\x07\x07\xe8\xe8\x07\xfd\xe7\x07\x8d@\x9d\xf2\x07\x8d@\xe8\xe8\x07" +
		"\xfc\xe7\x07\x07\xe8\xe8\x07\xfd\xe7\x07\x8d@\x9d\xf2\x07\x8d@\xe8\xe8\x07\xfe\xe7\x07\x07\xe8\xe8" +
		"\x07\xfd\xe7\x07\x8d@\x9d\xf2\x07\x8d@\xe8\xe8\x07\xff\xe7\x07\x04\xe8\xe8\x07\xfd\xe7\x07\x8d@\xaf" +
		"\xf3\x07\x07\xe8\xe8\x07\xfd\xe7\x07\x8d@\xaf\xf3\x07\x8d@\xa1O\x8f\xfc\x03\x04\xe8\xe8\x07\xfd\xe7" +
		"\x07\x8d@\xb0\xf3\x07\x04\xe8\xe8\x07\xfd\xe7\x07\x8d@\xb1\xf3\x07\x04\xe8\xe8\x07\xfd\xe7\x07\x8d@" +
		"\xb2\xf3\x07\x04\xe8\xe8\x07\xfd\xe7\x07\x8d@\xb3\xf3\x07\x04\xe8\xe8\x07\xfd\xe7\x07\x8d@\xbc\xf3" +
		"\x07\x07\xe8\xe8\x07\xfd\xe7\x07\x8d@\xbc\xf3\x07\x8d@\xa1O\x8f\xfc\x03\x04\xe8\xe8\x07\xfd\xe7\x07" +
		"\x8d@\xbd\xf3\x07\x07\xe8\xe8\x07\xfd\xe7\x07\x8d@\xbd\xf3\x07\x8d@\xa1O\x8f\xfc\x03\x07\xe8\xe8\x07" +
		"\xfd\xe7\x07\x8d@\xef\xf5\x07\x8d@\xe8\xe8\x07\xfb\xe7\x07\x07\xe8\xe8\x07\xfd\xe7\x07\x8d@\xef\xf5" +
		"\x07\x8d@\xe8\xe8\x07\xfc\xe7\x07\x07\xe8\xe8\x07\xfd\xe7\x07\x8d@\xef\xf5\x07\x8d@\xe8\xe8\x07\xfe" +
		"\xe7\x07\x07\xe8\xe8\x07\xfd\xe7\x07\x8d@\xef\xf5\x07\x8d@\xe8\xe8\x07\xff\xe7\x07\x05\xe8\xe8\x07" +
		"\xfe\xe7\x07\x8d@\x95M\x8f\xfc\x03\x05\xe8\xe8\x07\xfe\xe7\x07\x8d@\x96M\x8f\xfc\x03\x05\xe8\xe8\x07" +
		"\xfe\xe7\x07\x8d@\x88N\x8f\xfc\x03\x08\xe8\xe8\x07\xfe\xe7\x07\x8d@\xe4N\x8f\xfc\x03\x8d@\xe8\xe8" +
		"\x07\xfb\xe7\x07\x08\xe8\xe8\x07\xfe\xe7\x07\x8d@\xe4N\x8f\xfc\x03\x8d@\xe8\xe8\x07\xfc\xe7\x07\x08" +
		"\xe8\xe8\x07\xfe\xe7\x07\x8d@\xe4N\x8f\xfc\x03\x8d@\xe8\xe8\x07\xfd\xe7\x07\x08\xe8\xe8\x07\xfe\xe7" +
		"\x07\x8d@\xe4N\x8f\xfc\x03\x8d@\xe8\xe8\x07\xfe\xe7\x07\x08\xe8\xe8\x07\xfe\xe7\x07\x8d@\xe4N\x8f" +
		"\xfc\x03\x8d@\xe8\xe8\x07\xff\xe7\x07\x0a\xe8\xe8\x07\xfe\xe7\x07\x8d@\xe4N\x8f\xfc\x03\x8d@\x8b\xe9" +
		"\x07\x8d@\xe8\xe8\x07\xfb\xe7\x07\x0a\xe8\xe8\x07\xfe\xe7\x07\x8d@\xe4N\x8f\xfc\x03\x8d@\x8b\xe9\x07" +
		"\x8d@\xe8\xe8\x07\xfc\xe7\x07\x0a\xe8\xe8\x07\xfe\xe7\x07\x8d@\xe4N\x8f\xfc\x03\x8d@\x8b\xe9\x07\x8d" +
		"@\xe8\xe8\x07\xfd\xe7\x07\x0a\xe8\xe8\x07\xfe\xe7\x07\x8d@\xe4N\x8f\xfc\x03\x8d@\x8b\xe9\x07\x8d@" +
		"\xe8\xe8\x07\xfe\xe7\x07\x0a\xe8\xe8\x07\xfe\xe7\x07\x8d@\xe4N\x8f\xfc\x03\x8d@\x8b\xe9\x07\x8d@\xe8" +
		"\xe8\x07\xff\xe7\x07\x04\xe8\xe8\x07\xfe\xe7\x07\x8d@\xbe\xe6\x07\x04\xe8\xe8\x07\xfe\xe7\x07\x8d@" +
		"\xf3\xe6\x07\x04\xe8\xe8\x07\xfe\xe7\x07\x8d@\xfc\xe6\x07\x04\xe8\xe8\x07\xfe\xe7\x07\x8d@\x93\xe7" +
		"\x07\x04\xe8\xe8\x07\xfe\xe7\x07\x8d@\xa4\xe7\x07\x04\xe8\xe8\x07\xfe\xe7\x07\x8d@\xa8\xe7\x07\x04" +
		"\xe8\xe8\x07\xfe\xe7\x07\x8d@\xeb\xe7\x07\x04\xe8\xe8\x07\xfe\xe7\x07\x8d@\xed\xe7\x07\x07\xe8\xe8" +
		"\x07\xfe\xe7\x07\x8d@\xb0\xe8\x07\x8d@\xe8\xe8\x07\xfb\xe7\x07\x07\xe8\xe8\x07\xfe\xe7\x07\x8d@\xb0" +
		"\xe8\x07\x8d@\xe8\xe8\x07\xfc\xe7\x07\x07\xe8\xe8\x07\xfe\xe7\x07\x8d@\xb0\xe8\x07\x8d@\xe8\xe8\x07" +
		"\xfd\xe7\x07\x07\xe8\xe8\x07\xfe\xe7\x07\x8d@\xb0\xe8\x07\x8d@\xe8\xe8\x07\xff\xe7\x07\x04\xe8\xe8" +
		"\x07\xfe\xe7\x07\x8d@\xbb\xe9\x07\x04\xe8\xe8\x07\xfe\xe7\x07\x8d@\xbc\xe9\x07\x04\xe8\xe8\x07\xfe" +
		"\xe7\x07\x8d@\xa7\xea\x07\x04\xe8\xe8\x07\xfe\xe7\x07\x8d@\xac\xea\x07\x04\xe8\xe8\x07\xfe\xe7\x07" +
		"\x8d@\x80\xed\x07\x04\xe8\xe8\x07\xfe\xe7\x07\x8d@\x92\xed\x07\x07\xe8\xe8\x07\xfe\xe7\x07\x8d@\x9d" +
		"\xf2\x07\x8d@\xe8\xe8\x07\xfb\xe7\x07\x07\xe8\xe8\x07\xfe\xe7\x07\x8d@\x9d\xf2\x07\x8d@\xe8\xe8\x07" +
		"\xfc\xe7\x07\x07\xe8\xe8\x07\xfe\xe7\x07\x8d@\x9d\xf2\x07\x8d@\xe8\xe8\x07\xfd\xe7\x07\x07\xe8\xe8" +
		"\x07\xfe\xe7\x07\x8d@\x9d\xf2\x07\x8d@\xe8\xe8\x07\xff\xe7\x07\x04\xe8\xe8\x07\xfe\xe7\x07\x8d@\xaf" +
		"\xf3\x07\x07\xe8\xe8\x07\xfe\xe7\x07\x8d@\xaf\xf3\x07\x8d@\xa1O\x8f\xfc\x03\x04\xe8\xe8\x07\xfe\xe7" +
		"\x07\x8d@\xb0\xf3\x07\x04\xe8\xe8\x07\xfe\xe7\x07\x8d@\xb1\xf3\x07\x04\xe8\xe8\x07\xfe\xe7\x07\x8d@" +
		"\xb2\xf3\x07\x04\xe8\xe8\x07\xfe\xe7\x07\x8d@\xb3\xf3\x07\x04\xe8\xe8\x07\xfe\xe7\x07\x8d@\xbc\xf3" +
		"\x07\x07\xe8\xe8\x07\xfe\xe7\x07\x8d@\xbc\xf3\x07\x8d@\xa1O\x8f\xfc\x03\x04\xe8\xe8\x07\xfe\xe7\x07" +
		"\x8d@\xbd\xf3\x07\x07\xe8\xe8\x07\xfe\xe7\x07\x8d@\xbd\xf3\x07\x8d@\xa1O\x8f\xfc\x03\x07\xe8\xe8\x07" +
		"\xfe\xe7\x07\x8d@\xef\xf5\x07\x8d@\xe8\xe8\x07\xfb\xe7\x07\x07\xe8\xe8\x07\xfe\xe7\x07\x8d@\xef\xf5" +
		"\x07\x8d@\xe8\xe8\x07\xfc\xe7\x07\x07\xe8\xe8\x07\xfe\xe7\x07\x8d@\xef\xf5\x07\x8d@\xe8\xe8\x07\xfd" +
		"\xe7\x07\x07\xe8\xe8\x07\xfe\xe7\x07\x8d@\xef\xf5\x07\x8d@\xe8\xe8\x07\xff\xe7\x07\x05\xe8\xe8\x07" +
		"\xff\xe7\x07\x8d@\x95M\x8f\xfc\x03\x05\xe8\xe8\x07\xff\xe7\x07\x8d@\x96M\x8f\xfc\x03\x05\xe8\xe8\x07" +
		"\xff\xe7\x07\x8d@\x88N\x8f\xfc\x03\x08\xe8\xe8\x07\xff\xe7\x07\x8d@\xe4N\x8f\xfc\x03\x8d@\xe8\xe8" +
		"\x07\xfb\xe7\x07\x08\xe8\xe8\x07\xff\xe7\x07\x8d@\xe4N\x8f\xfc\x03\x8d@\xe8\xe8\x07\xfc\xe7\x07\x08" +
		"\xe8\xe8\x07\xff\xe7\x07\x8d@\xe4N\x8f\xfc\x03\x8d@\xe8\xe8\x07\xfd\xe7\x07\x08\xe8\xe8\x07\xff\xe7" +
		"\x07\x8d@\xe4N\x8f\xfc\x03\x8d@\xe8\xe8\x07\xfe\xe7\x07\x08\xe8\xe8\x07\xff\xe7\x07\x8d@\xe4N\x8f" +
		"\xfc\x03\x8d@\xe8\xe8\x07\xff\xe7\x07\x0a\xe8\xe8\x07\xff\xe7\x07\x8d@\xe4N\x8f\xfc\x03\x8d@\x8b\xe9" +
		"\x07\x8d@\xe8\xe8\x07\xfb\xe7\x07\x0a\xe8\xe8\x07\xff\xe7\x07\x8d@\xe4N\x8f\xfc\x03\x8d@\x8b\xe9\x07" +
		"\x8d@\xe8\xe8\x07\xfc\xe7\x07\x0a\xe8\xe8\x07\xff\xe7\x07\x8d@\xe4N\x8f\xfc\x03\x8d@\x8b\xe9\x07\x8d" +
		"@\xe8\xe8\x07\xfd\xe7\x07\x0a\xe8\xe8\x07\xff\xe7\x07\x8d@\xe4N\x8f\xfc\x03\x8d@\x8b\xe9\x07\x8d@" +
		"\xe8\xe8\x07\xfe\xe7\x07\x0a\xe8\xe8\x07\xff\xe7\x07\x8d@\xe4N\x8f\xfc\x03\x8d@\x8b\xe9\x07\x8d@\xe8" +
		"\xe8\x07\xff\xe7\x07\x04\xe8\xe8\x07\xff\xe7\x07\x8d@\xbe\xe6\x07\x04\xe8\xe8\x07\xff\xe7\x07\x8d@" +
		"\xf3\xe6\x07\x04\xe8\xe8\x07\xff\xe7\x07\x8d@\xfc\xe6\x07\x04\xe8\xe8\x07\xff\xe7\x07\x8d@\x93\xe7" +
		"\x07\x04\xe8\xe8\x07\xff\xe7\x07\x8d@\xa4\xe7\x07\x04\xe8\xe8\x07\xff\xe7\x07\x8d@\xa8\xe7\x07\x04" +
		"\xe8\xe8\x07\xff\xe7\x07\x8d@\xeb\xe7\x07\x04\xe8\xe8\x07\xff\xe7\x07\x8d@\xed\xe7\x07\x07\xe8\xe8" +
		"\x07\xff\xe7\x07\x8d@\xb0\xe8\x07\x8d@\xe8\xe8\x07\xfb\xe7\x07\x07\xe8\xe8\x07\xff\xe7\x07\x8d@\xb0" +
		"\xe8\x07\x8d@\xe8\xe8\x07\xfc\xe7\x07\x07\xe8\xe8\x07\xff\xe7\x07\x8d@\xb0\xe8\x07\x8d@\xe8\xe8\x07" +
		"\xfd\xe7\x07\x07\xe8\xe8\x07\xff\xe7\x07\x8d@\xb0\xe8\x07\x8d@\xe8\xe8\x07\xfe\xe7\x07\x04\xe8\xe8" +
		"\x07\xff\xe7\x07\x8d@\xbb\xe9\x07\x04\xe8\xe8\x07\xff\xe7\x07\x8d@\xbc\xe9\x07\x04\xe8\xe8\x07\xff" +
		"\xe7\x07\x8d@\xa7\xea\x07\x04\xe8\xe8\x07\xff\xe7\x07\x8d@\xac\xea\x07\x04\xe8\xe8\x07\xff\xe7\x07" +
		"\x8d@\x80\xed\x07\x04\xe8\xe8\x07\xff\xe7\x07\x8d@\x92\xed\x07\x07\xe8\xe8\x07\xff\xe7\x07\x8d@\x9d" +
		"\xf2\x07\x8d@\xe8\xe8\x07\xfb\xe7\x07\x07\xe8\xe8\x07\xff\xe7\x07\x8d@\x9d\xf2\x07\x8d@\xe8\xe8\x07" +
		"\xfc\xe7\x07\x07\xe8\xe8\x07\xff\xe7\x07\x8d@\x9d\xf2\x07\x8d@\xe8\xe8\x07\xfd\xe7\x07\x07\xe8\xe8" +
		"\x07\xff\xe7\x07\x8d@\x9d\xf2\x07\x8d@\xe8\xe8\x07\xfe\xe7\x07\x04\xe8\xe8\x07\xff\xe7\x07\x8d@\xaf" +
		"\xf3\x07\x07\xe8\xe8\x07\xff\xe7\x07\x8d@\xaf\xf3\x07\x8d@\xa1O\x8f\xfc\x03\x04\xe8\xe8\x07\xff\xe7" +
		"\x07\x8d@\xb0\xf3\x07\x04\xe8\xe8\x07\xff\xe7\x07\x8d@\xb1\xf3\x07\x04\xe8\xe8\x07\xff\xe7\x07\x8d@" +
		"\xb2\xf3\x07\x04\xe8\xe8\x07\xff\xe7\x07\x8d@\xb3\xf3\x07\x04\xe8\xe8\x07\xff\xe7\x07\x8d@\xbc\xf3" +
		"\x07\x07\xe8\xe8\x07\xff\xe7\x07\x8d@\xbc\xf3\x07\x8d@\xa1O\x8f\xfc\x03\x04\xe8\xe8\x07\xff\xe7\x07" +
		"\x8d@\xbd\xf3\x07\x07\xe8\xe8\x07\xff\xe7\x07\x8d@\xbd\xf3\x07\x8d@\xa1O\x8f\xfc\x03\x07\xe8\xe8\x07" +
		"\xff\xe7\x07\x8d@\xef\xf5\x07\x8d@\xe8\xe8\x07\xfb\xe7\x07\x07\xe8\xe8\x07\xff\xe7\x07\x8d@\xef\xf5" +
		"\x07\x8d@\xe8\xe8\x07\xfc\xe7\x07\x07\xe8\xe8\x07\xff\xe7\x07\x8d@\xef\xf5\x07\x8d@\xe8\xe8\x07\xfd" +
		"\xe7\x07\x07\xe8\xe8\x07\xff\xe7\x07\x8d@\xef\xf5\x07\x8d@\xe8\xe8\x07\xfe\xe7\x07\x04\xe9\xe8\x07" +
		"\x8d@\x95M\x8f\xfc\x03\x04\xe9\xe8\x07\x8d@\x96M\x8f\xfc\x03\x04\xe9\xe8\x07\x8d@\x88N\x8f\xfc\x03" +
		"\x06\xe9\xe8\x07\x8d@\xe4N\x8f\xfc\x03\x8d@\xe8\xe8\x07\x06\xe9\xe8\x07\x8d@\xe4N\x8f\xfc\x03\x8d@" +
		"\xe9\xe8\x07\x08\xe9\xe8\x07\x8d@\xe4N\x8f\xfc\x03\x8d@\x8b\xe9\x07\x8d@\xe8\xe8\x07\x08\xe9\xe8\x07" +
		"\x8d@\xe4N\x8f\xfc\x03\x8d@\x8b\xe9\x07\x8d@\xe9\xe8\x07\x03\xe9\xe8\x07\x8d@\xbe\xe6\x07\x03\xe9" +
		"\xe8\x07\x8d@\xf3\xe6\x07\x03\xe9\xe8\x07\x8d@\xfc\xe6\x07\x03\xe9\xe8\x07\x8d@\x93\xe7\x07\x03\xe9" +
		"\xe8\x07\x8d@\xa4\xe7\x07\x03\xe9\xe8\x07\x8d@\xa8\xe7\x07\x03\xe9\xe8\x07\x8d@\xeb\xe7\x07\x03\xe9" +
		"\xe8\x07\x8d@\xed\xe7\x07\x03\xe9\xe8\x07\x8d@\xe6\xe8\x07\x05\xe9\xe8\x07\x8d@\xe6\xe8\x07\x8d@\xe6" +
		"\xe8\x07\x03\xe9\xe8\x07\x8d@\xe7\xe8\x07\x05\xe9\xe8\x07\x8d@\xe7\xe8\x07\x8d@\xe6\xe8\x07\x05\xe9" +
		"\xe8\x07\x8d@\xe7\xe8\x07\x8d@\xe7\xe8\x07\x05\xe9\xe8\x07\x8d@\xe9\xe8\x07\x8d@\xe6\xe8\x07\x07\xe9" +
		"\xe8\x07\x8d@\xe9\xe8\x07\x8d@\xe6\xe8\x07\x8d@\xe6\xe8\x07\x05\xe9\xe8\x07\x8d@\xe9\xe8\x07\x8d@" +
		"\xe7\xe8\x07\x07\xe9\xe8\x07\x8d@\xe9\xe8\x07\x8d@\xe7\xe8\x07\x8d@\xe6\xe8\x07\x07\xe9\xe8\x07\x8d@" +
		"\xe9\xe8\x07\x8d@\xe7\xe8\x07\x8d@\xe7\xe8\x07\x03\xe9\xe8\x07\x8d@\xbb\xe9\x07\x03\xe9\xe8\x07\x8d@" +
		"\xbc\xe9\x07\x03\xe9\xe8\x07\x8d@\xa7\xea\x07\x03\xe9\xe8\x07\x8d@\xac\xea\x07\x03\xe9\xe8\x07\x8d@" +
		"\x80\xed\x07\x03\xe9\xe8\x07\x8d@\x92\xed\x07\x03\xe9\xe8\x07\x8d@\xaf\xf3\x07\x06\xe9\xe8\x07\x8d@" +
		"\xaf\xf3\x07\x8d@\xa1O\x8f\xfc\x03\x03\xe9\xe8\x07\x8d@\xb0\xf3\x07\x03\xe9\xe8\x07\x8d@\xb1\xf3\x07" +
		"\x03\xe9\xe8\x07\x8d@\xb2\xf3\x07\x03\xe9\xe8\x07\x8d@\xb3\xf3\x07\x03\xe9\xe8\x07\x8d@\xbc\xf3\x07" +
		"\x06\xe9\xe8\x07\x8d@\xbc\xf3\x07\x8d@\xa1O\x8f\xfc\x03\x03\xe9\xe8\x07\x8d@\xbd\xf3\x07\x06\xe9\xe8" +
		"\x07\x8d@\xbd\xf3\x07\x8d@\xa1O\x8f\xfc\x03\x05\xe9\xe8\x07\xfb\xe7\x07\x8d@\x95M\x8f\xfc\x03\x05" +
		"\xe9\xe8\x07\xfb\xe7\x07\x8d@\x96M\x8f\xfc\x03\x05\xe9\xe8\x07\xfb\xe7\x07\x8d@\x88N\x8f\xfc\x03\x08" +
		"\xe9\xe8\x07\xfb\xe7\x07\x8d@\xe4N\x8f\xfc\x03\x8d@\xe8\xe8\x07\xfb\xe7\x07\x08\xe9\xe8\x07\xfb\xe7" +
		"\x07\x8d@\xe4N\x8f\xfc\x03\x8d@\xe8\xe8\x07\xfc\xe7\x07\x08\xe9\xe8\x07\xfb\xe7\x07\x8d@\xe4N\x8f" +
		"\xfc\x03\x8d@\xe8\xe8\x07\xfd\xe7\x07\x08\xe9\xe8\x07\xfb\xe7\x07\x8d@\xe4N\x8f\xfc\x03\x8d@\xe8\xe8" +
		"\x07\xfe\xe7\x07\x08\xe9\xe8\x07\xfb\xe7\x07\x8d@\xe4N\x8f\xfc\x03\x8d@\xe8\xe8\x07\xff\xe7\x07\x08" +
		"\xe9\xe8\x07\xfb\xe7\x07\x8d@\xe4N\x8f\xfc\x03\x8d@\xe9\xe8\x07\xfb\xe7\x07\x08\xe9\xe8\x07\xfb\xe7" +
		"\x07\x8d@\xe4N\x8f\xfc\x03\x8d@\xe9\xe8\x07\xfc\xe7\x07\x08\xe9\xe8\x07\xfb\xe7\x07\x8d@\xe4N\x8f" +
		"\xfc\x03\x8d@\xe9\xe8\x07\xfd\xe7\x07\x08\xe9\xe8\x07\xfb\xe7\x07\x8d@\xe4N\x8f\xfc\x03\x8d@\xe9\xe8" +
		"\x07\xfe\xe7\x07\x08\xe9\xe8\x07\xfb\xe7\x07\x8d@\xe4N\x8f\xfc\x03\x8d@\xe9\xe8\x07\xff\xe7\x07\x0a" +
		"\xe9\xe8\x07\xfb\xe7\x07\x8d@\xe4N\x8f\xfc\x03\x8d@\x8b\xe9\x07\x8d@\xe8\xe8\x07\xfb\xe7\x07\x0a\xe9" +
		"\xe8\x07\xfb\xe7\x07\x8d@\xe4N\x8f\xfc\x03\x8d@\x8b\xe9\x07\x8d@\xe8\xe8\x07\xfc\xe7\x07\x0a\xe9\xe8" +
		"\x07\xfb\xe7\x07\x8d@\xe4N\x8f\xfc\x03\x8d@\x8b\xe9\x07\x8d@\xe8\xe8\x07\xfd\xe7\x07\x0a\xe9\xe8\x07" +
		"\xfb\xe7\x07\x8d@\xe4N\x8f\xfc\x03\x8d@\x8b\xe9\x07\x8d@\xe8\xe8\x07\xfe\xe7\x07\x0a\xe9\xe8\x07\xfb" +
		"\xe7\x07\x8d@\xe4N\x8f\xfc\x03\x8d@\x8b\xe9\x07\x8d@\xe8\xe8\x07\xff\xe7\x07\x0a\xe9\xe8\x07\xfb\xe7" +
		"\x07\x8d@\xe4N\x8f\xfc\x03\x8d@\x8b\xe9\x07\x8d@\xe9\xe8\x07\xfb\xe7\x07\x0a\xe9\xe8\x07\xfb\xe7\x07" +
		"\x8d@\xe4N\x8f\xfc\x03\x8d@\x8b\xe9\x07\x8d@\xe9\xe8\x07\xfc\xe7\x07\x0a\xe9\xe8\x07\xfb\xe7\x07\x8d" +
		"@\xe4N\x8f\xfc\x03\x8d@\x8b\xe9\x07\x8d@\xe9\xe8\x07\xfd\xe7\x07\x0a\xe9\xe8\x07\xfb\xe7\x07\x8d@" +
		"\xe4N\x8f\xfc\x03\x8d@\x8b\xe9\x07\x8d@\xe9\xe8\x07\xfe\xe7\x07\x0a\xe9\xe8\x07\xfb\xe7\x07\x8d@\xe4" +
		"N\x8f\xfc\x03\x8d@\x8b\xe9\x07\x8d@\xe9\xe8\x07\xff\xe7\x07\x04\xe9\xe8\x07\xfb\xe7\x07\x8d@\xbe\xe6" +
		"\x07\x04\xe9\xe8\x07\xfb\xe7\x07\x8d@\xf3\xe6\x07\x04\xe9\xe8\x07\xfb\xe7\x07\x8d@\xfc\xe6\x07\x04" +
		"\xe9\xe8\x07\xfb\xe7\x07\x8d@\x93\xe7\x07\x04\xe9\xe8\x07\xfb\xe7\x07\x8d@\xa4\xe7\x07\x04\xe9\xe8" +
		"\x07\xfb\xe7\x07\x8d@\xa8\xe7\x07\x04\xe9\xe8\x07\xfb\xe7\x07\x8d@\xeb\xe7\x07\x04\xe9\xe8\x07\xfb" +
		"\xe7\x07\x8d@\xed\xe7\x07\x07\xe9\xe8\x07\xfb\xe7\x07\x8d@\xb0\xe8\x07\x8d@\xe9\xe8\x07\xfc\xe7\x07" +
		"\x07\xe9\xe8\x07\xfb\xe7\x07\x8d@\xb0\xe8\x07\x8d@\xe9\xe8\x07\xfd\xe7\x07\x07\xe9\xe8\x07\xfb\xe7" +
		"\x07\x8d@\xb0\xe8\x07\x8d@\xe9\xe8\x07\xfe\xe7\x07\x07\xe9\xe8\x07\xfb\xe7\x07\x8d@\xb0\xe8\x07\x8d@" +
		"\xe9\xe8\x07\xff\xe7\x07\x04\xe9\xe8\x07\xfb\xe7\x07\x8d@\xbb\xe9\x07\x04\xe9\xe8\x07\xfb\xe7\x07" +
		"\x8d@\xbc\xe9\x07\x04\xe9\xe8\x07\xfb\xe7\x07\x8d@\xa7\xea\x07\x04\xe9\xe8\x07\xfb\xe7\x07\x8d@\xac" +
		"\xea\x07\x04\xe9\xe8\x07\xfb\xe7\x07\x8d@\x80\xed\x07\x04\xe9\xe8\x07\xfb\xe7\x07\x8d@\x92\xed\x07" +
		"\x07\xe9\xe8\x07\xfb\xe7\x07\x8d@\x9d\xf2\x07\x8d@\xe8\xe8\x07\xfc\xe7\x07\x07\xe9\xe8\x07\xfb\xe7" +
		"\x07\x8d@\x9d\xf2\x07\x8d@\xe8\xe8\x07\xfd\xe7\x07\x07\xe9\xe8\x07\xfb\xe7\x07\x8d@\x9d\xf2\x07\x8d@" +
		"\xe8\xe8\x07\xfe\xe7\x07\x07\xe9\xe8\x07\xfb\xe7\x07\x8d@\x9d\xf2\x07\x8d@\xe8\xe8\x07\xff\xe7\x07" +
		"\x07\xe9\xe8\x07\xfb\xe7\x07\x8d@\x9d\xf2\x07\x8d@\xe9\xe8\x07\xfc\xe7\x07\x07\xe9\xe8\x07\xfb\xe7" +
		"\x07\x8d@\x9d\xf2\x07\x8d@\xe9\xe8\x07\xfd\xe7\x07\x07\xe9\xe8\x07\xfb\xe7\x07\x8d@\x9d\xf2\x07\x8d@" +
		"\xe9\xe8\x07\xfe\xe7\x07\x07\xe9\xe8\x07\xfb\xe7\x07\x8d@\x9d\xf2\x07\x8d@\xe9\xe8\x07\xff\xe7\x07" +
		"\x04\xe9\xe8\x07\xfb\xe7\x07\x8d@\xaf\xf3\x07\x07\xe9\xe8\x07\xfb\xe7\x07\x8d@\xaf\xf3\x07\x8d@\xa1O" +
		"\x8f\xfc\x03\x04\xe9\xe8\x07\xfb\xe7\x07\x8d@\xb0\xf3\x07\x04\xe9\xe8\x07\xfb\xe7\x07\x8d@\xb1\xf3" +
		"\x07\x04\xe9\xe8\x07\xfb\xe7\x07\x8d@\xb2\xf3\x07\x04\xe9\xe8\x07\xfb\xe7\x07\x8d@\xb3\xf3\x07\x04" +
		"\xe9\xe8\x07\xfb\xe7\x07\x8d@\xbc\xf3\x07\x07\xe9\xe8\x07\xfb\xe7\x07\x8d@\xbc\xf3\x07\x8d@\xa1O\x8f" +
		"\xfc\x03\x04\xe9\xe8\x07\xfb\xe7\x07\x8d@\xbd\xf3\x07\x07\xe9\xe8\x07\xfb\xe7\x07\x8d@\xbd\xf3\x07" +
		"\x8d@\xa1O\x8f\xfc\x03\x07\xe9\xe8\x07\xfb\xe7\x07\x8d@\xef\xf5\x07\x8d@\xe9\xe8\x07\xfc\xe7\x07\x07" +
		"\xe9\xe8\x07\xfb\xe7\x07\x8d@\xef\xf5\x07\x8d@\xe9\xe8\x07\xfd\xe7\x07\x07\xe9\xe8\x07\xfb\xe7\x07" +
		"\x8d@\xef\xf5\x07\x8d@\xe9\xe8\x07\xfe\xe7\x07\x07\xe9\xe8\x07\xfb\xe7\x07\x8d@\xef\xf5\x07\x8d@\xe9" +
		"\xe8\x07\xff\xe7\x07\x05\xe9\xe8\x07\xfc\xe7\x07\x8d@\x95M\x8f\xfc\x03\x05\xe9\xe8\x07\xfc\xe7\x07" +
		"\x8d@\x96M\x8f\xfc\x03\x05\xe9\xe8\x07\xfc\xe7\x07\x8d@\x88N\x8f\xfc\x03\x08\xe9\xe8\x07\xfc\xe7\x07" +
		"\x8d@\xe4N\x8f\xfc\x03\x8d@\xe8\xe8\x07\xfb\xe7\x07\x08\xe9\xe8\x07\xfc\xe7\x07\x8d@\xe4N\x8f\xfc" +
		"\x03\x8d@\xe8\xe8\x07\xfc\xe7\x07\x08\xe9\xe8\x07\xfc\xe7\x07\x8d@\xe4N\x8f\xfc\x03\x8d@\xe8\xe8\x07" +
		"\xfd\xe7\x07\x08\xe9\xe8\x07\xfc\xe7\x07\x8d@\xe4N\x8f\xfc\x03\x8d@\xe8\xe8\x07\xfe\xe7\x07\x08\xe9" +
		"\xe8\x07\xfc\xe7\x07\x8d@\xe4N\x8f\xfc\x03\x8d@\xe8\xe8\x07\xff\xe7\x07\x08\xe9\xe8\x07\xfc\xe7\x07" +
		"\x8d@\xe4N\x8f\xfc\x03\x8d@\xe9\xe8\x07\xfb\xe7\x07\x08\xe9\xe8\x07\xfc\xe7\x07\x8d@\xe4N\x8f\xfc" +
		"\x03\x8d@\xe9\xe8\x07\xfc\xe7\x07\x08\xe9\xe8\x07\xfc\xe7\x07\x8d@\xe4N\x8f\xfc\x03\x8d@\xe9\xe8\x07" +
		"\xfd\xe7\x07\x08\xe9\xe8\x07\xfc\xe7\x07\x8d@\xe4N\x8f\xfc\x03\x8d@\xe9\xe8\x07\xfe\xe7\x07\x08\xe9" +
		"\xe8\x07\xfc\xe7\x07\x8d@\xe4N\x8f\xfc\x03\x8d@\xe9\xe8\x07\xff\xe7\x07\x0a\xe9\xe8\x07\xfc\xe7\x07" +
		"\x8d@\xe4N\x8f\xfc\x03\x8d@\x8b\xe9\x07\x8d@\xe8\xe8\x07\xfb\xe7\x07\x0a\xe9\xe8\x07\xfc\xe7\x07\x8d" +
		"@\xe4N\x8f\xfc\x03\x8d@\x8b\xe9\x07\x8d@\xe8\xe8\x07\xfc\xe7\x07\x0a\xe9\xe8\x07\xfc\xe7\x07\x8d@" +
		"\xe4N\x8f\xfc\x03\x8d@\x8b\xe9\x07\x8d@\xe8\xe8\x07\xfd\xe7\x07\x0a\xe9\xe8\x07\xfc\xe7\x07\x8d@\xe4" +
		"N\x8f\xfc\x03\x8d@\x8b\xe9\x07\x8d@\xe8\xe8\x07\xfe\xe7\x07\x0a\xe9\xe8\x07\xfc\xe7\x07\x8d@\xe4N" +
		"\x8f\xfc\x03\x8d@\x8b\xe9\x07\x8d@\xe8\xe8\x07\xff\xe7\x07\x0a\xe9\xe8\x07\xfc\xe7\x07\x8d@\xe4N\x8f" +
		"\xfc\x03\x8d@\x8b\xe9\x07\x8d@\xe9\xe8\x07\xfb\xe7\x07\x0a\xe9\xe8\x07\xfc\xe7\x07\x8d@\xe4N\x8f\xfc" +
		"\x03\x8d@\x8b\xe9\x07\x8d@\xe9\xe8\x07\xfc\xe7\x07\x0a\xe9\xe8\x07\xfc\xe7\x07\x8d@\xe4N\x8f\xfc\x03" +
		"\x8d@\x8b\xe9\x07\x8d@\xe9\xe8\x07\xfd\xe7\x07\x0a\xe9\xe8\x07\xfc\xe7\x07\x8d@\xe4N\x8f\xfc\x03\x8d" +
		"@\x8b\xe9\x07\x8d@\xe9\xe8\x07\xfe\xe7\x07\x0a\xe9\xe8\x07\xfc\xe7\x07\x8d@\xe4N\x8f\xfc\x03\x8d@" +
		"\x8b\xe9\x07\x8d@\xe9\xe8\x07\xff\xe7\x07\x04\xe9\xe8\x07\xfc\xe7\x07\x8d@\xbe\xe6\x07\x04\xe9\xe8" +
		"\x07\xfc\xe7\x07\x8d@\xf3\xe6\x07\x04\xe9\xe8\x07\xfc\xe7\x07\x8d@\xfc\xe6\x07\x04\xe9\xe8\x07\xfc" +
		"\xe7\x07\x8d@\x93\xe7\x07\x04\xe9\xe8\x07\xfc\xe7\x07\x8d@\xa4\xe7\x07\x04\xe9\xe8\x07\xfc\xe7\x07" +
		"\x8d@\xa8\xe7\x07\x04\xe9\xe8\x07\xfc\xe7\x07\x8d@\xeb\xe7\x07\x04\xe9\xe8\x07\xfc\xe7\x07\x8d@\xed" +
		"\xe7\x07\x07\xe9\xe8\x07\xfc\xe7\x07\x8d@\xb0\xe8\x07\x8d@\xe9\xe8\x07\xfb\xe7\x07\x07\xe9\xe8\x07" +
		"\xfc\xe7\x07\x8d@\xb0\xe8\x07\x8d@\xe9\xe8\x07\xfd\xe7\x07\x07\xe9\xe8\x07\xfc\xe7\x07\x8d@\xb0\xe8" +
		"\x07\x8d@\xe9\xe8\x07\xfe\xe7\x07\x07\xe9\xe8\x07\xfc\xe7\x07\x8d@\xb0\xe8\x07\x8d@\xe9\xe8\x07\xff" +
		"\xe7\x07\x04\xe9\xe8\x07\xfc\xe7\x07\x8d@\xbb\xe9\x07\x04\xe9\xe8\x07\xfc\xe7\x07\x8d@\xbc\xe9\x07" +
		"\x04\xe9\xe8\x07\xfc\xe7\x07\x8d@\xa7\xea\x07\x04\xe9\xe8\x07\xfc\xe7\x07\x8d@\xac\xea\x07\x04\xe9" +
		"\xe8\x07\xfc\xe7\x07\x8d@\x80\xed\x07\x04\xe9\xe8\x07\xfc\xe7\x07\x8d@\x92\xed\x07\x07\xe9\xe8\x07" +
		"\xfc\xe7\x07\x8d@\x9d\xf2\x07\x8d@\xe8\xe8\x07\xfb\xe7\x07\x07\xe9\xe8\x07\xfc\xe7\x07\x8d@\x9d\xf2" +
		"\x07\x8d@\xe8\xe8\x07\xfd\xe7\x07\x07\xe9\xe8\x07\xfc\xe7\x07\x8d@\x9d\xf2\x07\x8d@\xe8\xe8\x07\xfe" +
		"\xe7\x07\x07\xe9\xe8\x07\xfc\xe7\x07\x8d@\x9d\xf2\x07\x8d@\xe8\xe8\x07\xff\xe7\x07\x07\xe9\xe8\x07" +
		"\xfc\xe7\x07\x8d@\x9d\xf2\x07\x8d@\xe9\xe8\x07\xfb\xe7\x07\x07\xe9\xe8\x07\xfc\xe7\x07\x8d@\x9d\xf2" +
		"\x07\x8d@\xe9\xe8\x07\xfd\xe7\x07\x07\xe9\xe8\x07\xfc\xe7\x07\x8d@\x9d\xf2\x07\x8d@\xe9\xe8\x07\xfe" +
		"\xe7\x07\x07\xe9\xe8\x07\xfc\xe7\x07\x8d@\x9d\xf2\x07\x8d@\xe9\xe8\x07\xff\xe7\x07\x04\xe9\xe8\x07" +
		"\xfc\xe7\x07\x8d@\xaf\xf3\x07\x07\xe9\xe8\x07\xfc\xe7\x07\x8d@\xaf\xf3\x07\x8d@\xa1O\x8f\xfc\x03\x04" +
		"\xe9\xe8\x07\xfc\xe7\x07\x8d@\xb0\xf3\x07\x04\xe9\xe8\x07\xfc\xe7\x07\x8d@\xb1\xf3\x07\x04\xe9\xe8" +
		"\x07\xfc\xe7\x07\x8d@\xb2\xf3\x07\x04\xe9\xe8\x07\xfc\xe7\x07\x8d@\xb3\xf3\x07\x04\xe9\xe8\x07\xfc" +
		"\xe7\x07\x8d@\xbc\xf3\x07\x07\xe9\xe8\x07\xfc\xe7\x07\x8d@\xbc\xf3\x07\x8d@\xa1O\x8f\xfc\x03\x04\xe9" +
		"\xe8\x07\xfc\xe7\x07\x8d@\xbd\xf3\x07\x07\xe9\xe8\x07\xfc\xe7\x07\x8d@\xbd\xf3\x07\x8d@\xa1O\x8f\xfc" +
		"\x03\x07\xe9\xe8\x07\xfc\xe7\x07\x8d@\xef\xf5\x07\x8d@\xe9\xe8\x07\xfb\xe7\x07\x07\xe9\xe8\x07\xfc" +
		"\xe7\x07\x8d@\xef\xf5\x07\x8d@\xe9\xe8\x07\xfd\xe7\x07\x07\xe9\xe8\x07\xfc\xe7\x07\x8d@\xef\xf5\x07" +
		"\x8d@\xe9\xe8\x07\xfe\xe7\x07\x07\xe9\xe8\x07\xfc\xe7\x07\x8d@\xef\xf5\x07\x8d@\xe9\xe8\x07\xff\xe7" +
		"\x07\x05\xe9\xe8\x07\xfd\xe7\x07\x8d@\x95M\x8f\xfc\x03\x05\xe9\xe8\x07\xfd\xe7\x07\x8d@\x96M\x8f\xfc" +
		"\x03\x05\xe9\xe8\x07\xfd\xe7\x07\x8d@\x88N\x8f\xfc\x03\x08\xe9\xe8\x07\xfd\xe7\x07\x8d@\xe4N\x8f\xfc" +
		"\x03\x8d@\xe8\xe8\x07\xfb\xe7\x07\x08\xe9\xe8\x07\xfd\xe7\x07\x8d@\xe4N\x8f\xfc\x03\x8d@\xe8\xe8\x07" +
		"\xfc\xe7\x07\x08\xe9\xe8\x07\xfd\xe7\x07\x8d@\xe4N\x8f\xfc\x03\x8d@\xe8\xe8\x07\xfd\xe7\x07\x08\xe9" +
		"\xe8\x07\xfd\xe7\x07\x8d@\xe4N\x8f\xfc\x03\x8d@\xe8\xe8\x07\xfe\xe7\x07\x08\xe9\xe8\x07\xfd\xe7\x07" +
		"\x8d@\xe4N\x8f\xfc\x03\x8d@\xe8\xe8\x07\xff\xe7\x07\x08\xe9\xe8\x07\xfd\xe7\x07\x8d@\xe4N\x8f\xfc" +
		"\x03\x8d@\xe9\xe8\x07\xfb\xe7\x07\x08\xe9\xe8\x07\xfd\xe7\x07\x8d@\xe4N\x8f\xfc\x03\x8d@\xe9\xe8\x07" +
		"\xfc\xe7\x07\x08\xe9\xe8\x07\xfd\xe7\x07\x8d@\xe4N\x8f\xfc\x03\x8d@\xe9\xe8\x07\xfd\xe7\x07\x08\xe9" +
		"\xe8\x07\xfd\xe7\x07\x8d@\xe4N\x8f\xfc\x03\x8d@\xe9\xe8\x07\xfe\xe7\x07\x08\xe9\xe8\x07\xfd\xe7\x07" +
		"\x8d@\xe4N\x8f\xfc\x03\x8d@\xe9\xe8\x07\xff\xe7\x07\x0a\xe9\xe8\x07\xfd\xe7\x07\x8d@\xe4N\x8f\xfc" +
		"\x03\x8d@\x8b\xe9\x07\x8d@\xe8\xe8\x07\xfb\xe7\x07\x0a\xe9\xe8\x07\xfd\xe7\x07\x8d@\xe4N\x8f\xfc\x03" +
		"\x8d@\x8b\xe9\x07\x8d@\xe8\xe8\x07\xfc\xe7\x07\x0a\xe9\xe8\x07\xfd\xe7\x07\x8d@\xe4N\x8f\xfc\x03\x8d" +
		"@\x8b\xe9\x07\x8d@\xe8\xe8\x07\xfd\xe7\x07\x0a\xe9\xe8\x07\xfd\xe7\x07\x8d@\xe4N\x8f\xfc\x03\x8d@" +
		"\x8b\xe9\x07\x8d@\xe8\xe8\x07\xfe\xe7\x07\x0a\xe9\xe8\x07\xfd\xe7\x07\x8d@\xe4N\x8f\xfc\x03\x8d@\x8b" +
		"\xe9\x07\x8d@\xe8\xe8\x07\xff\xe7\x07\x0a\xe9\xe8\x07\xfd\xe7\x07\x8d@\xe4N\x8f\xfc\x03\x8d@\x8b\xe9" +
		"\x07\x8d@\xe9\xe8\x07\xfb\xe7\x07\x0a\xe9\xe8\x07\xfd\xe7\x07\x8d@\xe4N\x8f\xfc\x03\x8d@\x8b\xe9\x07" +
		"\x8d@\xe9\xe8\x07\xfc\xe7\x07\x0a\xe9\xe8\x07\xfd\xe7\x07\x8d@\xe4N\x8f\xfc\x03\x8d@\x8b\xe9\x07\x8d" +
		"@\xe9\xe8\x07\xfd\xe7\x07\x0a\xe9\xe8\x07\xfd\xe7\x07\x8d@\xe4N\x8f\xfc\x03\x8d@\x8b\xe9\x07\x8d@" +
		"\xe9\xe8\x07\xfe\xe7\x07\x0a\xe9\xe8\x07\xfd\xe7\x07\x8d@\xe4N\x8f\xfc\x03\x8d@\x8b\xe9\x07\x8d@\xe9" +
		"\xe8\x07\xff\xe7\x07\x04\xe9\xe8\x07\xfd\xe7\x07\x8d@\xbe\xe6\x07\x04\xe9\xe8\x07\xfd\xe7\x07\x8d@" +
		"\xf3\xe6\x07\x04\xe9\xe8\x07\xfd\xe7\x07\x8d@\xfc\xe6\x07\x04\xe9\xe8\x07\xfd\xe7\x07\x8d@\x93\xe7" +
		"\x07\x04\xe9\xe8\x07\xfd\xe7\x07\x8d@\xa4\xe7\x07\x04\xe9\xe8\x07\xfd\xe7\x07\x8d@\xa8\xe7\x07\x04" +
		"\xe9\xe8\x07\xfd\xe7\x07\x8d@\xeb\xe7\x07\x04\xe9\xe8\x07\xfd\xe7\x07\x8d@\xed\xe7\x07\x07\xe9\xe8" +
		"\x07\xfd\xe7\x07\x8d@\xb0\xe8\x07\x8d@\xe9\xe8\x07\xfb\xe7\x07\x07\xe9\xe8\x07\xfd\xe7\x07\x8d@\xb0" +
		"\xe8\x07\x8d@\xe9\xe8\x07\xfc\xe7\x07\x07\xe9\xe8\x07\xfd\xe7\x07\x8d@\xb0\xe8\x07\x8d@\xe9\xe8\x07" +
		"\xfe\xe7\x07\x07\xe9\xe8\x07\xfd\xe7\x07\x8d@\xb0\xe8\x07\x8d@\xe9\xe8\x07\xff\xe7\x07\x04\xe9\xe8" +
		"\x07\xfd\xe7\x07\x8d@\xbb\xe9\x07\x04\xe9\xe8\x07\xfd\xe7\x07\x8d@\xbc\xe9\x07\x04\xe9\xe8\x07\xfd" +
		"\xe7\x07\x8d@\xa7\xea\x07\x04\xe9\xe8\x07\xfd\xe7\x07\x8d@\xac\xea\x07\x04\xe9\xe8\x07\xfd\xe7\x07" +
		"\x8d@\x80\xed\x07\x04\xe9\xe8\x07\xfd\xe7\x07\x8d@\x92\xed\x07\x07\xe9\xe8\x07\xfd\xe7\x07\x8d@\x9d" +
		"\xf2\x07\x8d@\xe8\xe8\x07\xfb\xe7\x07\x07\xe9\xe8\x07\xfd\xe7\x07\x8d@\x9d\xf2\x07\x8d@\xe8\xe8\x07" +
		"\xfc\xe7\x07\x07\xe9\xe8\x07\xfd\xe7\x07\x8d@\x9d\xf2\x07\x8d@\xe8\xe8\x07\xfe\xe7\x07\x07\xe9\xe8" +
		"\x07\xfd\xe7\x07\x8d@\x9d\xf2\x07\x8d@\xe8\xe8\x07\xff\xe7\x07\x07\xe9\xe8\x07\xfd\xe7\x07\x8d@\x9d" +
		"\xf2\x07\x8d@\xe9\xe8\x07\xfb\xe7\x07\x07\xe9\xe8\x07\xfd\xe7\x07\x8d@\x9d\xf2\x07\x8d@\xe9\xe8\x07" +
		"\xfc\xe7\x07\x07\xe9\xe8\x07\xfd\xe7\x07\x8d@\x9d\xf2\x07\x8d@\xe9\xe8\x07\xfe\xe7\x07\x07\xe9\xe8" +
		"\x07\xfd\xe7\x07\x8d@\x9d\xf2\x07\x8d@\xe9\xe8\x07\xff\xe7\x07\x04\xe9\xe8\x07\xfd\xe7\x07\x8d@\xaf" +
		"\xf3\x07\x07\xe9\xe8\x07\xfd\xe7\x07\x8d@\xaf\xf3\x07\x8d@\xa1O\x8f\xfc\x03\x04\xe9\xe8\x07\xfd\xe7" +
		"\x07\x8d@\xb0\xf3\x07\x04\xe9\xe8\x07\xfd\xe7\x07\x8d@\xb1\xf3\x07\x04\xe9\xe8\x07\xfd\xe7\x07\x8d@" +
		"\xb2\xf3\x07\x04\xe9\xe8\x07\xfd\xe7\x07\x8d@\xb3\xf3\x07\x04\xe9\xe8\x07\xfd\xe7\x07\x8d@\xbc\xf3" +
		"\x07\x07\xe9\xe8\x07\xfd\xe7\x07\x8d@\xbc\xf3\x07\x8d@\xa1O\x8f\xfc\x03\x04\xe9\xe8\x07\xfd\xe7\x07" +
		"\x8d@\xbd\xf3\x07\x07\xe9\xe8\x07\xfd\xe7\x07\x8d@\xbd\xf3\x07\x8d@\xa1O\x8f\xfc\x03\x07\xe9\xe8\x07" +
		"\xfd\xe7\x07\x8d@\xef\xf5\x07\x8d@\xe9\xe8\x07\xfb\xe7\x07\x07\xe9\xe8\x07\xfd\xe7\x07\x8d@\xef\xf5" +
		"\x07\x8d@\xe9\xe8\x07\xfc\xe7\x07\x07\xe9\xe8\x07\xfd\xe7\x07\x8d@\xef\xf5\x07\x8d@\xe9\xe8\x07\xfe" +
		"\xe7\x07\x07\xe9\xe8\x07\xfd\xe7\x07\x8d@\xef\xf5\x07\x8d@\xe9\xe8\x07\xff\xe7\x07\x05\xe9\xe8\x07" +
		"\xfe\xe7\x07\x8d@\x95M\x8f\xfc\x03\x05\xe9\xe8\x07\xfe\xe7\x07\x8d@\x96M\x8f\xfc\x03\x05\xe9\xe8\x07" +
		"\xfe\xe7\x07\x8d@\x88N\x8f\xfc\x03\x08\xe9\xe8\x07\xfe\xe7\x07\x8d@\xe4N\x8f\xfc\x03\x8d@\xe8\xe8" +
		"\x07\xfb\xe7\x07\x08\xe9\xe8\x07\xfe\xe7\x07\x8d@\xe4N\x8f\xfc\x03\x8d@\xe8\xe8\x07\xfc\xe7\x07\x08" +
		"\xe9\xe8\x07\xfe\xe7\x07\x8d@\xe4N\x8f\xfc\x03\x8d@\xe8\xe8\x07\xfd\xe7\x07\x08\xe9\xe8\x07\xfe\xe7" +
		"\x07\x8d@\xe4N\x8f\xfc\x03\x8d@\xe8\xe8\x07\xfe\xe7\x07\x08\xe9\xe8\x07\xfe\xe7\x07\x8d@\xe4N\x8f" +
		"\xfc\x03\x8d@\xe8\xe8\x07\xff\xe7\x07\x08\xe9\xe8\x07\xfe\xe7\x07\x8d@\xe4N\x8f\xfc\x03\x8d@\xe9\xe8" +
		"\x07\xfb\xe7\x07\x08\xe9\xe8\x07\xfe\xe7\x07\x8d@\xe4N\x8f\xfc\x03\x8d@\xe9\xe8\x07\xfc\xe7\x07\x08" +
		"\xe9\xe8\x07\xfe\xe7\x07\x8d@\xe4N\x8f\xfc\x03\x8d@\xe9\xe8\x07\xfd\xe7\x07\x08\xe9\xe8\x07\xfe\xe7" +
		"\x07\x8d@\xe4N\x8f\xfc\x03\x8d@\xe9\xe8\x07\xfe\xe7\x07\x08\xe9\xe8\x07\xfe\xe7\x07\x8d@\xe4N\x8f" +
		"\xfc\x03\x8d@\xe9\xe8\x07\xff\xe7\x07\x0a\xe9\xe8\x07\xfe\xe7\x07\x8d@\xe4N\x8f\xfc\x03\x8d@\x8b\xe9" +
		"\x07\x8d@\xe8\xe8\x07\xfb\xe7\x07\x0a\xe9\xe8\x07\xfe\xe7\x07\x8d@\xe4N\x8f\xfc\x03\x8d@\x8b\xe9\x07" +
		"\x8d@\xe8\xe8\x07\xfc\xe7\x07\x0a\xe9\xe8\x07\xfe\xe7\x07\x8d@\xe4N\x8f\xfc\x03\x8d@\x8b\xe9\x07\x8d" +
		"@\xe8\xe8\x07\xfd\xe7\x07\x0a\xe9\xe8\x07\xfe\xe7\x07\x8d@\xe4N\x8f\xfc\x03\x8d@\x8b\xe9\x07\x8d@" +
		"\xe8\xe8\x07\xfe\xe7\x07\x0a\xe9\xe8\x07\xfe\xe7\x07\x8d@\xe4N\x8f\xfc\x03\x8d@\x8b\xe9\x07\x8d@\xe8" +
		"\xe8\x07\xff\xe7\x07\x0a\xe9\xe8\x07\xfe\xe7\x07\x8d@\xe4N\x8f\xfc\x03\x8d@\x8b\xe9\x07\x8d@\xe9\xe8" +
		"\x07\xfb\xe7\x07\x0a\xe9\xe8\x07\xfe\xe7\x07\x8d@\xe4N\x8f\xfc\x03\x8d@\x8b\xe9\x07\x8d@\xe9\xe8\x07" +
		"\xfc\xe7\x07\x0a\xe9\xe8\x07\xfe\xe7\x07\x8d@\xe4N\x8f\xfc\x03\x8d@\x8b\xe9\x07\x8d@\xe9\xe8\x07\xfd" +
		"\xe7\x07\x0a\xe9\xe8\x07\xfe\xe7\x07\x8d@\xe4N\x8f\xfc\x03\x8d@\x8b\xe9\x07\x8d@\xe9\xe8\x07\xfe\xe7" +
		"\x07\x0a\xe9\xe8\x07\xfe\xe7\x07\x8d@\xe4N\x8f\xfc\x03\x8d@\x8b\xe9\x07\x8d@\xe9\xe8\x07\xff\xe7\x07" +
		"\x04\xe9\xe8\x07\xfe\xe7\x07\x8d@\xbe\xe6\x07\x04\xe9\xe8\x07\xfe\xe7\x07\x8d@\xf3\xe6\x07\x04\xe9" +
		"\xe8\x07\xfe\xe7\x07\x8d@\xfc\xe6\x07\x04\xe9\xe8\x07\xfe\xe7\x07\x8d@\x93\xe7\x07\x04\xe9\xe8\x07" +
		"\xfe\xe7\x07\x8d@\xa4\xe7\x07\x04\xe9\xe8\x07\xfe\xe7\x07\x8d@\xa8\xe7\x07\x04\xe9\xe8\x07\xfe\xe7" +
		"\x07\x8d@\xeb\xe7\x07\x04\xe9\xe8\x07\xfe\xe7\x07\x8d@\xed\xe7\x07\x07\xe9\xe8\x07\xfe\xe7\x07\x8d@" +
		"\xb0\xe8\x07\x8d@\xe9\xe8\x07\xfb\xe7\x07\x07\xe9\xe8\x07\xfe\xe7\x07\x8d@\xb0\xe8\x07\x8d@\xe9\xe8" +
		"\x07\xfc\xe7\x07\x07\xe9\xe8\x07\xfe\xe7\x07\x8d@\xb0\xe8\x07\x8d@\xe9\xe8\x07\xfd\xe7\x07\x07\xe9" +
		"\xe8\x07\xfe\xe7\x07\x8d@\xb0\xe8\x07\x8d@\xe9\xe8\x07\xff\xe7\x07\x04\xe9\xe8\x07\xfe\xe7\x07\x8d@" +
		"\xbb\xe9\x07\x04\xe9\xe8\x07\xfe\xe7\x07\x8d@\xbc\xe9\x07\x04\xe9\xe8\x07\xfe\xe7\x07\x8d@\xa7\xea" +
		"\x07\x04\xe9\xe8\x07\xfe\xe7\x07\x8d@\xac\xea\x07\x04\xe9\xe8\x07\xfe\xe7\x07\x8d@\x80\xed\x07\x04" +
		"\xe9\xe8\x07\xfe\xe7\x07\x8d@\x92\xed\x07\x07\xe9\xe8\x07\xfe\xe7\x07\x8d@\x9d\xf2\x07\x8d@\xe8\xe8" +
		"\x07\xfb\xe7\x07\x07\xe9\xe8\x07\xfe\xe7\x07\x8d@\x9d\xf2\x07\x8d@\xe8\xe8\x07\xfc\xe7\x07\x07\xe9" +
		"\xe8\x07\xfe\xe7\x07\x8d@\x9d\xf2\x07\x8d@\xe8\xe8\x07\xfd\xe7\x07\x07\xe9\xe8\x07\xfe\xe7\x07\x8d@" +
		"\x9d\xf2\x07\x8d@\xe8\xe8\x07\xff\xe7\x07\x07\xe9\xe8\x07\xfe\xe7\x07\x8d@\x9d\xf2\x07\x8d@\xe9\xe8" +
		"\x07\xfb\xe7\x07\x07\xe9\xe8\x07\xfe\xe7\x07\x8d@\x9d\xf2\x07\x8d@\xe9\xe8\x07\xfc\xe7\x07\x07\xe9" +
		"\xe8\x07\xfe\xe7\x07\x8d@\x9d\xf2\x07\x8d@\xe9\xe8\x07\xfd\xe7\x07\x07\xe9\xe8\x07\xfe\xe7\x07\x8d@" +
		"\x9d\xf2\x07\x8d@\xe9\xe8\x07\xff\xe7\x07\x04\xe9\xe8\x07\xfe\xe7\x07\x8d@\xaf\xf3\x07\x07\xe9\xe8" +
		"\x07\xfe\xe7\x07\x8d@\xaf\xf3\x07\x8d@\xa1O\x8f\xfc\x03\x04\xe9\xe8\x07\xfe\xe7\x07\x8d@\xb0\xf3\x07" +
		"\x04\xe9\xe8\x07\xfe\xe7\x07\x8d@\xb1\xf3\x07\x04\xe9\xe8\x07\xfe\xe7\x07\x8d@\xb2\xf3\x07\x04\xe9" +
		"\xe8\x07\xfe\xe7\x07\x8d@\xb3\xf3\x07\x04\xe9\xe8\x07\xfe\xe7\x07\x8d@\xbc\xf3\x07\x07\xe9\xe8\x07" +
		"\xfe\xe7\x07\x8d@\xbc\xf3\x07\x8d@\xa1O\x8f\xfc\x03\x04\xe9\xe8\x07\xfe\xe7\x07\x8d@\xbd\xf3\x07\x07" +
		"\xe9\xe8\x07\xfe\xe7\x07\x8d@\xbd\xf3\x07\x8d@\xa1O\x8f\xfc\x03\x07\xe9\xe8\x07\xfe\xe7\x07\x8d@\xef" +
		"\xf5\x07\x8d@\xe9\xe8\x07\xfb\xe7\x07\x07\xe9\xe8\x07\xfe\xe7\x07\x8d@\xef\xf5\x07\x8d@\xe9\xe8\x07" +
		"\xfc\xe7\x07\x07\xe9\xe8\x07\xfe\xe7\x07\x8d@\xef\xf5\x07\x8d@\xe9\xe8\x07\xfd\xe7\x07\x07\xe9\xe8" +
		"\x07\xfe\xe7\x07\x8d@\xef\xf5\x07\x8d@\xe9\xe8\x07\xff\xe7\x07\x05\xe9\xe8\x07\xff\xe7\x07\x8d@\x95M" +
		"\x8f\xfc\x03\x05\xe9\xe8\x07\xff\xe7\x07\x8d@\x96M\x8f\xfc\x03\x05\xe9\xe8\x07\xff\xe7\x07\x8d@\x88N" +
		"\x8f\xfc\x03\x08\xe9\xe8\x07\xff\xe7\x07\x8d@\xe4N\x8f\xfc\x03\x8d@\xe8\xe8\x07\xfb\xe7\x07\x08\xe9" +
		"\xe8\x07\xff\xe7\x07\x8d@\xe4N\x8f\xfc\x03\x8d@\xe8\xe8\x07\xfc\xe7\x07\x08\xe9\xe8\x07\xff\xe7\x07" +
		"\x8d@\xe4N\x8f\xfc\x03\x8d@\xe8\xe8\x07\xfd\xe7\x07\x08\xe9\xe8\x07\xff\xe7\x07\x8d@\xe4N\x8f\xfc" +
		"\x03\x8d@\xe8\xe8\x07\xfe\xe7\x07\x08\xe9\xe8\x07\xff\xe7\x07\x8d@\xe4N\x8f\xfc\x03\x8d@\xe8\xe8\x07" +
		"\xff\xe7\x07\x08\xe9\xe8\x07\xff\xe7\x07\x8d@\xe4N\x8f\xfc\x03\x8d@\xe9\xe8\x07\xfb\xe7\x07\x08\xe9" +
		"\xe8\x07\xff\xe7\x07\x8d@\xe4N\x8f\xfc\x03\x8d@\xe9\xe8\x07\xfc\xe7\x07\x08\xe9\xe8\x07\xff\xe7\x07" +
		"\x8d@\xe4N\x8f\xfc\x03\x8d@\xe9\xe8\x07\xfd\xe7\x07\x08\xe9\xe8\x07\xff\xe7\x07\x8d@\xe4N\x8f\xfc" +
		"\x03\x8d@\xe9\xe8\x07\xfe\xe7\x07\x08\xe9\xe8\x07\xff\xe7\x07\x8d@\xe4N\x8f\xfc\x03\x8d@\xe9\xe8\x07" +
		"\xff\xe7\x07\x0a\xe9\xe8\x07\xff\xe7\x07\x8d@\xe4N\x8f\xfc\x03\x8d@\x8b\xe9\x07\x8d@\xe8\xe8\x07\xfb" +
		"\xe7\x07\x0a\xe9\xe8\x07\xff\xe7\x07\x8d@\xe4N\x8f\xfc\x03\x8d@\x8b\xe9\x07\x8d@\xe8\xe8\x07\xfc\xe7" +
		"\x07\x0a\xe9\xe8\x07\xff\xe7\x07\x8d@\xe4N\x8f\xfc\x03\x8d@\x8b\xe9\x07\x8d@\xe8\xe8\x07\xfd\xe7\x07" +
		"\x0a\xe9\xe8\x07\xff\xe7\x07\x8d@\xe4N\x8f\xfc\x03\x8d@\x8b\xe9\x07\x8d@\xe8\xe8\x07\xfe\xe7\x07\x0a" +
		"\xe9\xe8\x07\xff\xe7\x07\x8d@\xe4N\x8f\xfc\x03\x8d@\x8b\xe9\x07\x8d@\xe8\xe8\x07\xff\xe7\x07\x0a\xe9" +
		"\xe8\x07\xff\xe7\x07\x8d@\xe4N\x8f\xfc\x03\x8d@\x8b\xe9\x07\x8d@\xe9\xe8\x07\xfb\xe7\x07\x0a\xe9\xe8" +
		"\x07\xff\xe7\x07\x8d@\xe4N\x8f\xfc\x03\x8d@\x8b\xe9\x07\x8d@\xe9\xe8\x07\xfc\xe7\x07\x0a\xe9\xe8\x07" +
		"\xff\xe7\x07\x8d@\xe4N\x8f\xfc\x03\x8d@\x8b\xe9\x07\x8d@\xe9\xe8\x07\xfd\xe7\x07\x0a\xe9\xe8\x07\xff" +
		"\xe7\x07\x8d@\xe4N\x8f\xfc\x03\x8d@\x8b\xe9\x07\x8d@\xe9\xe8\x07\xfe\xe7\x07\x0a\xe9\xe8\x07\xff\xe7" +
		"\x07\x8d@\xe4N\x8f\xfc\x03\x8d@\x8b\xe9\x07\x8d@\xe9\xe8\x07\xff\xe7\x07\x04\xe9\xe8\x07\xff\xe7\x07" +
		"\x8d@\xbe\xe6\x07\x04\xe9\xe8\x07\xff\xe7\x07\x8d@\xf3\xe6\x07\x04\xe9\xe8\x07\xff\xe7\x07\x8d@\xfc" +
		"\xe6\x07\x04\xe9\xe8\x07\xff\xe7\x07\x8d@\x93\xe7\x07\x04\xe9\xe8\x07\xff\xe7\x07\x8d@\xa4\xe7\x07" +
		"\x04\xe9\xe8\x07\xff\xe7\x07\x8d@\xa8\xe7\x07\x04\xe9\xe8\x07\xff\xe7\x07\x8d@\xeb\xe7\x07\x04\xe9" +
		"\xe8\x07\xff\xe7\x07\x8d@\xed\xe7\x07\x07\xe9\xe8\x07\xff\xe7\x07\x8d@\xb0\xe8\x07\x8d@\xe9\xe8\x07" +
		"\xfb\xe7\x07\x07\xe9\xe8\x07\xff\xe7\x07\x8d@\xb0\xe8\x07\x8d@\xe9\xe8\x07\xfc\xe7\x07\x07\xe9\xe8" +
		"\x07\xff\xe7\x07\x8d@\xb0\xe8\x07\x8d@\xe9\xe8\x07\xfd\xe7\x07\x07\xe9\xe8\x07\xff\xe7\x07\x8d@\xb0" +
		"\xe8\x07\x8d@\xe9\xe8\x07\xfe\xe7\x07\x04\xe9\xe8\x07\xff\xe7\x07\x8d@\xbb\xe9\x07\x04\xe9\xe8\x07" +
		"\xff\xe7\x07\x8d@\xbc\xe9\x07\x04\xe9\xe8\x07\xff\xe7\x07\x8d@\xa7\xea\x07\x04\xe9\xe8\x07\xff\xe7" +
		"\x07\x8d@\xac\xea\x07\x04\xe9\xe8\x07\xff\xe7\x07\x8d@\x80\xed\x07\x04\xe9\xe8\x07\xff\xe7\x07\x8d@" +
		"\x92\xed\x07\x07\xe9\xe8\x07\xff\xe7\x07\x8d@\x9d\xf2\x07\x8d@\xe8\xe8\x07\xfb\xe7\x07\x07\xe9\xe8" +
		"\x07\xff\xe7\x07\x8d@\x9d\xf2\x07\x8d@\xe8\xe8\x07\xfc\xe7\x07\x07\xe9\xe8\x07\xff\xe7\x07\x8d@\x9d" +
		"\xf2\x07\x8d@\xe8\xe8\x07\xfd\xe7\x07\x07\xe9\xe8\x07\xff\xe7\x07\x8d@\x9d\xf2\x07\x8d@\xe8\xe8\x07" +
		"\xfe\xe7\x07\x07\xe9\xe8\x07\xff\xe7\x07\x8d@\x9d\xf2\x07\x8d@\xe9\xe8\x07\xfb\xe7\x07\x07\xe9\xe8" +
		"\x07\xff\xe7\x07\x8d@\x9d\xf2\x07\x8d@\xe9\xe8\x07\xfc\xe7\x07\x07\xe9\xe8\x07\xff\xe7\x07\x8d@\x9d" +
		"\xf2\x07\x8d@\xe9\xe8\x07\xfd\xe7\x07\x07\xe9\xe8\x07\xff\xe7\x07\x8d@\x9d\xf2\x07\x8d@\xe9\xe8\x07" +
		"\xfe\xe7\x07\x04\xe9\xe8\x07\xff\xe7\x07\x8d@\xaf\xf3\x07\x07\xe9\xe8\x07\xff\xe7\x07\x8d@\xaf\xf3" +
		"\x07\x8d@\xa1O\x8f\xfc\x03\x04\xe9\xe8\x07\xff\xe7\x07\x8d@\xb0\xf3\x07\x04\xe9\xe8\x07\xff\xe7\x07" +
		"\x8d@\xb1\xf3\x07\x04\xe9\xe8\x07\xff\xe7\x07\x8d@\xb2\xf3\x07\x04\xe9\xe8\x07\xff\xe7\x07\x8d@\xb3" +
		"\xf3\x07\x04\xe9\xe8\x07\xff\xe7\x07\x8d@\xbc\xf3\x07\x07\xe9\xe8\x07\xff\xe7\x07\x8d@\xbc\xf3\x07" +
		"\x8d@\xa1O\x8f\xfc\x03\x04\xe9\xe8\x07\xff\xe7\x07\x8d@\xbd\xf3\x07\x07\xe9\xe8\x07\xff\xe7\x07\x8d@" +
		"\xbd\xf3\x07\x8d@\xa1O\x8f\xfc\x03\x07\xe9\xe8\x07\xff\xe7\x07\x8d@\xef\xf5\x07\x8d@\xe9\xe8\x07\xfb" +
		"\xe7\x07\x07\xe9\xe8\x07\xff\xe7\x07\x8d@\xef\xf5\x07\x8d@\xe9\xe8\x07\xfc\xe7\x07\x07\xe9\xe8\x07" +
		"\xff\xe7\x07\x8d@\xef\xf5\x07\x8d@\xe9\xe8\x07\xfd\xe7\x07\x07\xe9\xe8\x07\xff\xe7\x07\x8d@\xef\xf5" +
		"\x07\x8d@\xe9\xe8\x07\xfe\xe7\x07\x04\xee\xe8\x07\x8d@\xc0L\x8f\xfc\x03\x04\xee\xe8\x07\x8d@\xc2L" +
		"\x8f\xfc\x03\x05\xee\xe8\x07\xfb\xe7\x07\x8d@\xc0L\x8f\xfc\x03\x05\xee\xe8\x07\xfb\xe7\x07\x8d@\xc2L" +
		"\x8f\xfc\x03\x05\xee\xe8\x07\xfc\xe7\x07\x8d@\xc0L\x8f\xfc\x03\x05\xee\xe8\x07\xfc\xe7\x07\x8d@\xc2L" +
		"\x8f\xfc\x03\x05\xee\xe8\x07\xfd\xe7\x07\x8d@\xc0L\x8f\xfc\x03\x05\xee\xe8\x07\xfd\xe7\x07\x8d@\xc2L" +
		"\x8f\xfc\x03\x05\xee\xe8\x07\xfe\xe7\x07\x8d@\xc0L\x8f\xfc\x03\x05\xee\xe8\x07\xfe\xe7\x07\x8d@\xc2L" +
		"\x8f\xfc\x03\x05\xee\xe8\x07\xff\xe7\x07\x8d@\xc0L\x8f\xfc\x03\x05\xee\xe8\x07\xff\xe7\x07\x8d@\xc2L" +
		"\x8f\xfc\x03\x04\xef\xe8\x07\x8d@\xc0L\x8f\xfc\x03\x04\xef\xe8\x07\x8d@\xc2L\x8f\xfc\x03\x05\xef\xe8" +
		"\x07\xfb\xe7\x07\x8d@\xc0L\x8f\xfc\x03\x05\xef\xe8\x07\xfb\xe7\x07\x8d@\xc2L\x8f\xfc\x03\x05\xef\xe8" +
		"\x07\xfc\xe7\x07\x8d@\xc0L\x8f\xfc\x03\x05\xef\xe8\x07\xfc\xe7\x07\x8d@\xc2L\x8f\xfc\x03\x05\xef\xe8" +
		"\x07\xfd\xe7\x07\x8d@\xc0L\x8f\xfc\x03\x05\xef\xe8\x07\xfd\xe7\x07\x8d@\xc2L\x8f\xfc\x03\x05\xef\xe8" +
		"\x07\xfe\xe7\x07\x8d@\xc0L\x8f\xfc\x03\x05\xef\xe8\x07\xfe\xe7\x07\x8d@\xc2L\x8f\xfc\x03\x05\xef\xe8" +
		"\x07\xff\xe7\x07\x8d@\xc0L\x8f\xfc\x03\x05\xef\xe8\x07\xff\xe7\x07\x8d@\xc2L\x8f\xfc\x03\x04\xf0\xe8" +
		"\x07\x8d@\xc0L\x8f\xfc\x03\x04\xf0\xe8\x07\x8d@\xc2L\x8f\xfc\x03\x05\xf0\xe8\x07\xfb\xe7\x07\x8d@" +
		"\xc0L\x8f\xfc\x03\x05\xf0\xe8\x07\xfb\xe7\x07\x8d@\xc2L\x8f\xfc\x03\x05\xf0\xe8\x07\xfc\xe7\x07\x8d@" +
		"\xc0L\x8f\xfc\x03\x05\xf0\xe8\x07\xfc\xe7\x07\x8d@\xc2L\x8f\xfc\x03\x05\xf0\xe8\x07\xfd\xe7\x07\x8d@" +
		"\xc0L\x8f\xfc\x03\x05\xf0\xe8\x07\xfd\xe7\x07\x8d@\xc2L\x8f\xfc\x03\x05\xf0\xe8\x07\xfe\xe7\x07\x8d@" +
		"\xc0L\x8f\xfc\x03\x05\xf0\xe8\x07\xfe\xe7\x07\x8d@\xc2L\x8f\xfc\x03\x05\xf0\xe8\x07\xff\xe7\x07\x8d@" +
		"\xc0L\x8f\xfc\x03\x05\xf0\xe8\x07\xff\xe7\x07\x8d@\xc2L\x8f\xfc\x03\x04\xf1\xe8\x07\x8d@\xc0L\x8f" +
		"\xfc\x03\x04\xf1\xe8\x07\x8d@\xc2L\x8f\xfc\x03\x05\xf1\xe8\x07\xfb\xe7\x07\x8d@\xc0L\x8f\xfc\x03\x05" +
		"\xf1\xe8\x07\xfb\xe7\x07\x8d@\xc2L\x8f\xfc\x03\x05\xf1\xe8\x07\xfc\xe7\x07\x8d@\xc0L\x8f\xfc\x03\x05" +
		"\xf1\xe8\x07\xfc\xe7\x07\x8d@\xc2L\x8f\xfc\x03\x05\xf1\xe8\x07\xfd\xe7\x07\x8d@\xc0L\x8f\xfc\x03\x05" +
		"\xf1\xe8\x07\xfd\xe7\x07\x8d@\xc2L\x8f\xfc\x03\x05\xf1\xe8\x07\xfe\xe7\x07\x8d@\xc0L\x8f\xfc\x03\x05" +
		"\xf1\xe8\x07\xfe\xe7\x07\x8d@\xc2L\x8f\xfc\x03\x05\xf1\xe8\x07\xff\xe7\x07\x8d@\xc0L\x8f\xfc\x03\x05" +
		"\xf1\xe8\x07\xff\xe7\x07\x8d@\xc2L\x8f\xfc\x03\x04\xf3\xe8\x07\x8d@\xc0L\x8f\xfc\x03\x04\xf3\xe8\x07" +
		"\x8d@\xc2L\x8f\xfc\x03\x05\xf3\xe8\x07\xfb\xe7\x07\x8d@\xc0L\x8f\xfc\x03\x05\xf3\xe8\x07\xfb\xe7\x07" +
		"\x8d@\xc2L\x8f\xfc\x03\x05\xf3\xe8\x07\xfc\xe7\x07\x8d@\xc0L\x8f\xfc\x03\x05\xf3\xe8\x07\xfc\xe7\x07" +
		"\x8d@\xc2L\x8f\xfc\x03\x05\xf3\xe8\x07\xfd\xe7\x07\x8d@\xc0L\x8f\xfc\x03\x05\xf3\xe8\x07\xfd\xe7\x07" +
		"\x8d@\xc2L\x8f\xfc\x03\x05\xf3\xe8\x07\xfe\xe7\x07\x8d@\xc0L\x8f\xfc\x03\x05\xf3\xe8\x07\xfe\xe7\x07" +
		"\x8d@\xc2L\x8f\xfc\x03\x05\xf3\xe8\x07\xff\xe7\x07\x8d@\xc0L\x8f\xfc\x03\x05\xf3\xe8\x07\xff\xe7\x07" +
		"\x8d@\xc2L\x8f\xfc\x03\x04\xf7\xe8\x07\x8d@\xc0L\x8f\xfc\x03\x04\xf7\xe8\x07\x8d@\xc2L\x8f\xfc\x03" +
		"\x05\xf7\xe8\x07\xfb\xe7\x07\x8d@\xc0L\x8f\xfc\x03\x05\xf7\xe8\x07\xfb\xe7\x07\x8d@\xc2L\x8f\xfc\x03" +
		"\x05\xf7\xe8\x07\xfc\xe7\x07\x8d@\xc0L\x8f\xfc\x03\x05\xf7\xe8\x07\xfc\xe7\x07\x8d@\xc2L\x8f\xfc\x03" +
		"\x05\xf7\xe8\x07\xfd\xe7\x07\x8d@\xc0L\x8f\xfc\x03\x05\xf7\xe8\x07\xfd\xe7\x07\x8d@\xc2L\x8f\xfc\x03" +
		"\x05\xf7\xe8\x07\xfe\xe7\x07\x8d@\xc0L\x8f\xfc\x03\x05\xf7\xe8\x07\xfe\xe7\x07\x8d@\xc2L\x8f\xfc\x03" +
		"\x05\xf7\xe8\x07\xff\xe7\x07\x8d@\xc0L\x8f\xfc\x03\x05\xf7\xe8\x07\xff\xe7\x07\x8d@\xc2L\x8f\xfc\x03" +
		"\x04\x81\xe9\x07\x8d@\xc0L\x8f\xfc\x03\x04\x81\xe9\x07\x8d@\xc2L\x8f\xfc\x03\x05\x81\xe9\x07\xfb\xe7" +
		"\x07\x8d@\xc0L\x8f\xfc\x03\x05\x81\xe9\x07\xfb\xe7\x07\x8d@\xc2L\x8f\xfc\x03\x05\x81\xe9\x07\xfc\xe7" +
		"\x07\x8d@\xc0L\x8f\xfc\x03\x05\x81\xe9\x07\xfc\xe7\x07\x8d@\xc2L\x8f\xfc\x03\x05\x81\xe9\x07\xfd\xe7" +
		"\x07\x8d@\xc0L\x8f\xfc\x03\x05\x81\xe9\x07\xfd\xe7\x07\x8d@\xc2L\x8f\xfc\x03\x05\x81\xe9\x07\xfe\xe7" +
		"\x07\x8d@\xc0L\x8f\xfc\x03\x05\x81\xe9\x07\xfe\xe7\x07\x8d@\xc2L\x8f\xfc\x03\x05\x81\xe9\x07\xff\xe7" +
		"\x07\x8d@\xc0L\x8f\xfc\x03\x05\x81\xe9\x07\xff\xe7\x07\x8d@\xc2L\x8f\xfc\x03\x04\x82\xe9\x07\x8d@" +
		"\xc0L\x8f\xfc\x03\x04\x82\xe9\x07\x8d@\xc2L\x8f\xfc\x03\x05\x82\xe9\x07\xfb\xe7\x07\x8d@\xc0L\x8f" +
		"\xfc\x03\x05\x82\xe9\x07\xfb\xe7\x07\x8d@\xc2L\x8f\xfc\x03\x05\x82\xe9\x07\xfc\xe7\x07\x8d@\xc0L\x8f" +
		"\xfc\x03\x05\x82\xe9\x07\xfc\xe7\x07\x8d@\xc2L\x8f\xfc\x03\x05\x82\xe9\x07\xfd\xe7\x07\x8d@\xc0L\x8f" +
		"\xfc\x03\x05\x82\xe9\x07\xfd\xe7\x07\x8d@\xc2L\x8f\xfc\x03\x05\x82\xe9\x07\xfe\xe7\x07\x8d@\xc0L\x8f" +
		"\xfc\x03\x05\x82\xe9\x07\xfe\xe7\x07\x8d@\xc2L\x8f\xfc\x03\x05\x82\xe9\x07\xff\xe7\x07\x8d@\xc0L\x8f" +
		"\xfc\x03\x05\x82\xe9\x07\xff\xe7\x07\x8d@\xc2L\x8f\xfc\x03\x04\x86\xe9\x07\x8d@\xc0L\x8f\xfc\x03\x04" +
		"\x86\xe9\x07\x8d@\xc2L\x8f\xfc\x03\x05\x86\xe9\x07\xfb\xe7\x07\x8d@\xc0L\x8f\xfc\x03\x05\x86\xe9\x07" +
		"\xfb\xe7\x07\x8d@\xc2L\x8f\xfc\x03\x05\x86\xe9\x07\xfc\xe7\x07\x8d@\xc0L\x8f\xfc\x03\x05\x86\xe9\x07" +
		"\xfc\xe7\x07\x8d@\xc2L\x8f\xfc\x03\x05\x86\xe9\x07\xfd\xe7\x07\x8d@\xc0L\x8f\xfc\x03\x05\x86\xe9\x07" +
		"\xfd\xe7\x07\x8d@\xc2L\x8f\xfc\x03\x05\x86\xe9\x07\xfe\xe7\x07\x8d@\xc0L\x8f\xfc\x03\x05\x86\xe9\x07" +
		"\xfe\xe7\x07\x8d@\xc2L\x8f\xfc\x03\x05\x86\xe9\x07\xff\xe7\x07\x8d@\xc0L\x8f\xfc\x03\x05\x86\xe9\x07" +
		"\xff\xe7\x07\x8d@\xc2L\x8f\xfc\x03\x04\x87\xe9\x07\x8d@\xc0L\x8f\xfc\x03\x04\x87\xe9\x07\x8d@\xc2L" +
		"\x8f\xfc\x03\x05\x87\xe9\x07\xfb\xe7\x07\x8d@\xc0L\x8f\xfc\x03\x05\x87\xe9\x07\xfb\xe7\x07\x8d@\xc2L" +
		"\x8f\xfc\x03\x05\x87\xe9\x07\xfc\xe7\x07\x8d@\xc0L\x8f\xfc\x03\x05\x87\xe9\x07\xfc\xe7\x07\x8d@\xc2L" +
		"\x8f\xfc\x03\x05\x87\xe9\x07\xfd\xe7\x07\x8d@\xc0L\x8f\xfc\x03\x05\x87\xe9\x07\xfd\xe7\x07\x8d@\xc2L" +
		"\x8f\xfc\x03\x05\x87\xe9\x07\xfe\xe7\x07\x8d@\xc0L\x8f\xfc\x03\x05\x87\xe9\x07\xfe\xe7\x07\x8d@\xc2L" +
		"\x8f\xfc\x03\x05\x87\xe9\x07\xff\xe7\x07\x8d@\xc0L\x8f\xfc\x03\x05\x87\xe9\x07\xff\xe7\x07\x8d@\xc2L" +
		"\x8f\xfc\x03\x05\xf5\xea\x07\x8f\xfc\x03\x8d@\xc0L\x8f\xfc\x03\x05\xf5\xea\x07\x8f\xfc\x03\x8d@\xc2L" +
		"\x8f\xfc\x03\x05\xf5\xea\x07\xfb\xe7\x07\x8d@\xc0L\x8f\xfc\x03\x05\xf5\xea\x07\xfb\xe7\x07\x8d@\xc2L" +
		"\x8f\xfc\x03\x05\xf5\xea\x07\xfc\xe7\x07\x8d@\xc0L\x8f\xfc\x03\x05\xf5\xea\x07\xfc\xe7\x07\x8d@\xc2L" +
		"\x8f\xfc\x03\x05\xf5\xea\x07\xfd\xe7\x07\x8d@\xc0L\x8f\xfc\x03\x05\xf5\xea\x07\xfd\xe7\x07\x8d@\xc2L" +
		"\x8f\xfc\x03\x05\xf5\xea\x07\xfe\xe7\x07\x8d@\xc0L\x8f\xfc\x03\x05\xf5\xea\x07\xfe\xe7\x07\x8d@\xc2L" +
		"\x8f\xfc\x03\x05\xf5\xea\x07\xff\xe7\x07\x8d@\xc0L\x8f\xfc\x03\x05\xf5\xea\x07\xff\xe7\x07\x8d@\xc2L" +
		"\x8f\xfc\x03\x03\xae\xec\x07\x8d@\xa8\xe9\x07\x03\xb5\xec\x07\x8d@\xab\xe9\x07\x04\xb6\xec\x07\x8d@" +
		"\xab\xe6\x07\x8f\xfc\x03\x04\xc2\xec\x07\x8d@\x94C\x8f\xfc\x03\x04\xc2\xec\x07\x8d@\x95C\x8f\xfc\x03" +
		"\x04\xc5\xec\x07\x8d@\xc0L\x8f\xfc\x03\x04\xc5\xec\x07\x8d@\xc2L\x8f\xfc\x03\x05\xc5\xec\x07\xfb\xe7" +
		"\x07\x8d@\xc0L\x8f\xfc\x03\x05\xc5\xec\x07\xfb\xe7\x07\x8d@\xc2L\x8f\xfc\x03\x05\xc5\xec\x07\xfc\xe7" +
		"\x07\x8d@\xc0L\x8f\xfc\x03\x05\xc5\xec\x07\xfc\xe7\x07\x8d@\xc2L\x8f\xfc\x03\x05\xc5\xec\x07\xfd\xe7" +
		"\x07\x8d@\xc0L\x8f\xfc\x03\x05\xc5\xec\x07\xfd\xe7\x07\x8d@\xc2L\x8f\xfc\x03\x05\xc5\xec\x07\xfe\xe7" +
		"\x07\x8d@\xc0L\x8f\xfc\x03\x05\xc5\xec\x07\xfe\xe7\x07\x8d@\xc2L\x8f\xfc\x03\x05\xc5\xec\x07\xff\xe7" +
		"\x07\x8d@\xc0L\x8f\xfc\x03\x05\xc5\xec\x07\xff\xe7\x07\x8d@\xc2L\x8f\xfc\x03\x04\xc6\xec\x07\x8d@" +
		"\xc0L\x8f\xfc\x03\x04\xc6\xec\x07\x8d@\xc2L\x8f\xfc\x03\x05\xc6\xec\x07\xfb\xe7\x07\x8d@\xc0L\x8f" +
		"\xfc\x03\x05\xc6\xec\x07\xfb\xe7\x07\x8d@\xc2L\x8f\xfc\x03\x05\xc6\xec\x07\xfc\xe7\x07\x8d@\xc0L\x8f" +
		"\xfc\x03\x05\xc6\xec\x07\xfc\xe7\x07\x8d@\xc2L\x8f\xfc\x03\x05\xc6\xec\x07\xfd\xe7\x07\x8d@\xc0L\x8f" +
		"\xfc\x03\x05\xc6\xec\x07\xfd\xe7\x07\x8d@\xc2L\x8f\xfc\x03\x05\xc6\xec\x07\xfe\xe7\x07\x8d@\xc0L\x8f" +
		"\xfc\x03\x05\xc6\xec\x07\xfe\xe7\x07\x8d@\xc2L\x8f\xfc\x03\x05\xc6\xec\x07\xff\xe7\x07\x8d@\xc0L\x8f" +
		"\xfc\x03\x05\xc6\xec\x07\xff\xe7\x07\x8d@\xc2L\x8f\xfc\x03\x04\xc7\xec\x07\x8d@\xc0L\x8f\xfc\x03\x04" +
		"\xc7\xec\x07\x8d@\xc2L\x8f\xfc\x03\x05\xc7\xec\x07\xfb\xe7\x07\x8d@\xc0L\x8f\xfc\x03\x05\xc7\xec\x07" +
		"\xfb\xe7\x07\x8d@\xc2L\x8f\xfc\x03\x05\xc7\xec\x07\xfc\xe7\x07\x8d@\xc0L\x8f\xfc\x03\x05\xc7\xec\x07" +
		"\xfc\xe7\x07\x8d@\xc2L\x8f\xfc\x03\x05\xc7\xec\x07\xfd\xe7\x07\x8d@\xc0L\x8f\xfc\x03\x05\xc7\xec\x07" +
		"\xfd\xe7\x07\x8d@\xc2L\x8f\xfc\x03\x05\xc7\xec\x07\xfe\xe7\x07\x8d@\xc0L\x8f\xfc\x03\x05\xc7\xec\x07" +
		"\xfe\xe7\x07\x8d@\xc2L\x8f\xfc\x03\x05\xc7\xec\x07\xff\xe7\x07\x8d@\xc0L\x8f\xfc\x03\x05\xc7\xec\x07" +
		"\xff\xe7\x07\x8d@\xc2L\x8f\xfc\x03\x04\xcb\xec\x07\x8d@\xc0L\x8f\xfc\x03\x04\xcb\xec\x07\x8d@\xc2L" +
		"\x8f\xfc\x03\x05\xcb\xec\x07\xfb\xe7\x07\x8d@\xc0L\x8f\xfc\x03\x05\xcb\xec\x07\xfb\xe7\x07\x8d@\xc2L" +
		"\x8f\xfc\x03\x05\xcb\xec\x07\xfc\xe7\x07\x8d@\xc0L\x8f\xfc\x03\x05\xcb\xec\x07\xfc\xe7\x07\x8d@\xc2L" +
		"\x8f\xfc\x03\x05\xcb\xec\x07\xfd\xe7\x07\x8d@\xc0L\x8f\xfc\x03\x05\xcb\xec\x07\xfd\xe7\x07\x8d@\xc2L" +
		"\x8f\xfc\x03\x05\xcb\xec\x07\xfe\xe7\x07\x8d@\xc0L\x8f\xfc\x03\x05\xcb\xec\x07\xfe\xe7\x07\x8d@\xc2L" +
		"\x8f\xfc\x03\x05\xcb\xec\x07\xff\xe7\x07\x8d@\xc0L\x8f\xfc\x03\x05\xcb\xec\x07\xff\xe7\x07\x8d@\xc2L" +
		"\x8f\xfc\x03\x04\xcd\xec\x07\x8d@\xc0L\x8f\xfc\x03\x04\xcd\xec\x07\x8d@\xc2L\x8f\xfc\x03\x05\xcd\xec" +
		"\x07\xfb\xe7\x07\x8d@\xc0L\x8f\xfc\x03\x05\xcd\xec\x07\xfb\xe7\x07\x8d@\xc2L\x8f\xfc\x03\x05\xcd\xec" +
		"\x07\xfc\xe7\x07\x8d@\xc0L\x8f\xfc\x03\x05\xcd\xec\x07\xfc\xe7\x07\x8d@\xc2L\x8f\xfc\x03\x05\xcd\xec" +
		"\x07\xfd\xe7\x07\x8d@\xc0L\x8f\xfc\x03\x05\xcd\xec\x07\xfd\xe7\x07\x8d@\xc2L\x8f\xfc\x03\x05\xcd\xec" +
		"\x07\xfe\xe7\x07\x8d@\xc0L\x8f\xfc\x03\x05\xcd\xec\x07\xfe\xe7\x07\x8d@\xc2L\x8f\xfc\x03\x05\xcd\xec" +
		"\x07\xff\xe7\x07\x8d@\xc0L\x8f\xfc\x03\x05\xcd\xec\x07\xff\xe7\x07\x8d@\xc2L\x8f\xfc\x03\x04\xce\xec" +
		"\x07\x8d@\xc0L\x8f\xfc\x03\x04\xce\xec\x07\x8d@\xc2L\x8f\xfc\x03\x05\xce\xec\x07\xfb\xe7\x07\x8d@" +
		"\xc0L\x8f\xfc\x03\x05\xce\xec\x07\xfb\xe7\x07\x8d@\xc2L\x8f\xfc\x03\x05\xce\xec\x07\xfc\xe7\x07\x8d@" +
		"\xc0L\x8f\xfc\x03\x05\xce\xec\x07\xfc\xe7\x07\x8d@\xc2L\x8f\xfc\x03\x05\xce\xec\x07\xfd\xe7\x07\x8d@" +
		"\xc0L\x8f\xfc\x03\x05\xce\xec\x07\xfd\xe7\x07\x8d@\xc2L\x8f\xfc\x03\x05\xce\xec\x07\xfe\xe7\x07\x8d@" +
		"\xc0L\x8f\xfc\x03\x05\xce\xec\x07\xfe\xe7\x07\x8d@\xc2L\x8f\xfc\x03\x05\xce\xec\x07\xff\xe7\x07\x8d@" +
		"\xc0L\x8f\xfc\x03\x05\xce\xec\x07\xff\xe7\x07\x8d@\xc2L\x8f\xfc\x03\x04\xa3\xed\x07\x8d@\xc0L\x8f" +
		"\xfc\x03\x04\xa3\xed\x07\x8d@\xc2L\x8f\xfc\x03\x05\xa3\xed\x07\xfb\xe7\x07\x8d@\xc0L\x8f\xfc\x03\x05" +
		"\xa3\xed\x07\xfb\xe7\x07\x8d@\xc2L\x8f\xfc\x03\x05\xa3\xed\x07\xfc\xe7\x07\x8d@\xc0L\x8f\xfc\x03\x05" +
		"\xa3\xed\x07\xfc\xe7\x07\x8d@\xc2L\x8f\xfc\x03\x05\xa3\xed\x07\xfd\xe7\x07\x8d@\xc0L\x8f\xfc\x03\x05" +
		"\xa3\xed\x07\xfd\xe7\x07\x8d@\xc2L\x8f\xfc\x03\x05\xa3\xed\x07\xfe\xe7\x07\x8d@\xc0L\x8f\xfc\x03\x05" +
		"\xa3\xed\x07\xfe\xe7\x07\x8d@\xc2L\x8f\xfc\x03\x05\xa3\xed\x07\xff\xe7\x07\x8d@\xc0L\x8f\xfc\x03\x05" +
		"\xa3\xed\x07\xff\xe7\x07\x8d@\xc2L\x8f\xfc\x03\x04\xb4\xed\x07\x8d@\xc0L\x8f\xfc\x03\x04\xb4\xed\x07" +
		"\x8d@\xc2L\x8f\xfc\x03\x05\xb4\xed\x07\xfb\xe7\x07\x8d@\xc0L\x8f\xfc\x03\x05\xb4\xed\x07\xfb\xe7\x07" +
		"\x8d@\xc2L\x8f\xfc\x03\x05\xb4\xed\x07\xfc\xe7\x07\x8d@\xc0L\x8f\xfc\x03\x05\xb4\xed\x07\xfc\xe7\x07" +
		"\x8d@\xc2L\x8f\xfc\x03\x05\xb4\xed\x07\xfd\xe7\x07\x8d@\xc0L\x8f\xfc\x03\x05\xb4\xed\x07\xfd\xe7\x07" +
		"\x8d@\xc2L\x8f\xfc\x03\x05\xb4\xed\x07\xfe\xe7\x07\x8d@\xc0L\x8f\xfc\x03\x05\xb4\xed\x07\xfe\xe7\x07" +
		"\x8d@\xc2L\x8f\xfc\x03\x05\xb4\xed\x07\xff\xe7\x07\x8d@\xc0L\x8f\xfc\x03\x05\xb4\xed\x07\xff\xe7\x07" +
		"\x8d@\xc2L\x8f\xfc\x03\x04\xb5\xed\x07\x8d@\xc0L\x8f\xfc\x03\x04\xb5\xed\x07\x8d@\xc2L\x8f\xfc\x03" +
		"\x05\xb5\xed\x07\xfb\xe7\x07\x8d@\xc0L\x8f\xfc\x03\x05\xb5\xed\x07\xfb\xe7\x07\x8d@\xc2L\x8f\xfc\x03" +
		"\x05\xb5\xed\x07\xfc\xe7\x07\x8d@\xc0L\x8f\xfc\x03\x05\xb5\xed\x07\xfc\xe7\x07\x8d@\xc2L\x8f\xfc\x03" +
		"\x05\xb5\xed\x07\xfd\xe7\x07\x8d@\xc0L\x8f\xfc\x03\x05\xb5\xed\x07\xfd\xe7\x07\x8d@\xc2L\x8f\xfc\x03" +
		"\x05\xb5\xed\x07\xfe\xe7\x07\x8d@\xc0L\x8f\xfc\x03\x05\xb5\xed\x07\xfe\xe7\x07\x8d@\xc2L\x8f\xfc\x03" +
		"\x05\xb5\xed\x07\xff\xe7\x07\x8d@\xc0L\x8f\xfc\x03\x05\xb5\xed\x07\xff\xe7\x07\x8d@\xc2L\x8f\xfc\x03" +
		"\x04\xb6\xed\x07\x8d@\xc0L\x8f\xfc\x03\x07\xb6\xed\x07\x8d@\xc0L\x8f\xfc\x03\x8d@\xa1O\x8f\xfc\x03" +
		"\x04\xb6\xed\x07\x8d@\xc2L\x8f\xfc\x03\x07\xb6\xed\x07\x8d@\xc2L\x8f\xfc\x03\x8d@\xa1O\x8f\xfc\x03" +
		"\x04\xb6\xed\x07\x8d@\xa1O\x8f\xfc\x03\x05\xb6\xed\x07\xfb\xe7\x07\x8d@\xc0L\x8f\xfc\x03\x08\xb6\xed" +
		"\x07\xfb\xe7\x07\x8d@\xc0L\x8f\xfc\x03\x8d@\xa1O\x8f\xfc\x03\x05\xb6\xed\x07\xfb\xe7\x07\x8d@\xc2L" +
		"\x8f\xfc\x03\x08\xb6\xed\x07\xfb\xe7\x07\x8d@\xc2L\x8f\xfc\x03\x8d@\xa1O\x8f\xfc\x03\x05\xb6\xed\x07" +
		"\xfb\xe7\x07\x8d@\xa1O\x8f\xfc\x03\x05\xb6\xed\x07\xfc\xe7\x07\x8d@\xc0L\x8f\xfc\x03\x08\xb6\xed\x07" +
		"\xfc\xe7\x07\x8d@\xc0L\x8f\xfc\x03\x8d@\xa1O\x8f\xfc\x03\x05\xb6\xed\x07\xfc\xe7\x07\x8d@\xc2L\x8f" +
		"\xfc\x03\x08\xb6\xed\x07\xfc\xe7\x07\x8d@\xc2L\x8f\xfc\x03\x8d@\xa1O\x8f\xfc\x03\x05\xb6\xed\x07\xfc" +
		"\xe7\x07\x8d@\xa1O\x8f\xfc\x03\x05\xb6\xed\x07\xfd\xe7\x07\x8d@\xc0L\x8f\xfc\x03\x08\xb6\xed\x07\xfd" +
		"\xe7\x07\x8d@\xc0L\x8f\xfc\x03\x8d@\xa1O\x8f\xfc\x03\x05\xb6\xed\x07\xfd\xe7\x07\x8d@\xc2L\x8f\xfc" +
		"\x03\x08\xb6\xed\x07\xfd\xe7\x07\x8d@\xc2L\x8f\xfc\x03\x8d@\xa1O\x8f\xfc\x03\x05\xb6\xed\x07\xfd\xe7" +
		"\x07\x8d@\xa1O\x8f\xfc\x03\x05\xb6\xed\x07\xfe\xe7\x07\x8d@\xc0L\x8f\xfc\x03\x08\xb6\xed\x07\xfe\xe7" +
		"\x07\x8d@\xc0L\x8f\xfc\x03\x8d@\xa1O\x8f\xfc\x03\x05\xb6\xed\x07\xfe\xe7\x07\x8d@\xc2L\x8f\xfc\x03" +
		"\x08\xb6\xed\x07\xfe\xe7\x07\x8d@\xc2L\x8f\xfc\x03\x8d@\xa1O\x8f\xfc\x03\x05\xb6\xed\x07\xfe\xe7\x07" +
		"\x8d@\xa1O\x8f\xfc\x03\x05\xb6\xed\x07\xff\xe7\x07\x8d@\xc0L\x8f\xfc\x03\x08\xb6\xed\x07\xff\xe7\x07" +
		"\x8d@\xc0L\x8f\xfc\x03\x8d@\xa1O\x8f\xfc\x03\x05\xb6\xed\x07\xff\xe7\x07\x8d@\xc2L\x8f\xfc\x03\x08" +
		"\xb6\xed\x07\xff\xe7\x07\x8d@\xc2L\x8f\xfc\x03\x8d@\xa1O\x8f\xfc\x03\x05\xb6\xed\x07\xff\xe7\x07\x8d" +
		"@\xa1O\x8f\xfc\x03\x04\xa6\xf2\x07\x8d@\xc0L\x8f\xfc\x03\x04\xa6\xf2\x07\x8d@\xc2L\x8f\xfc\x03\x05" +
		"\xa6\xf2\x07\xfb\xe7\x07\x8d@\xc0L\x8f\xfc\x03\x05\xa6\xf2\x07\xfb\xe7\x07\x8d@\xc2L\x8f\xfc\x03\x05" +
		"\xa6\xf2\x07\xfc\xe7\x07\x8d@\xc0L\x8f\xfc\x03\x05\xa6\xf2\x07\xfc\xe7\x07\x8d@\xc2L\x8f\xfc\x03\x05" +
		"\xa6\xf2\x07\xfd\xe7\x07\x8d@\xc0L\x8f\xfc\x03\x05\xa6\xf2\x07\xfd\xe7\x07\x8d@\xc2L\x8f\xfc\x03\x05" +
		"\xa6\xf2\x07\xfe\xe7\x07\x8d@\xc0L\x8f\xfc\x03\x05\xa6\xf2\x07\xfe\xe7\x07\x8d@\xc2L\x8f\xfc\x03\x05" +
		"\xa6\xf2\x07\xff\xe7\x07\x8d@\xc0L\x8f\xfc\x03\x05\xa6\xf2\x07\xff\xe7\x07\x8d@\xc2L\x8f\xfc\x03\x04" +
		"\xb5\xf2\x07\x8d@\xc0L\x8f\xfc\x03\x04\xb5\xf2\x07\x8d@\xc2L\x8f\xfc\x03\x05\xb5\xf2\x07\xfb\xe7\x07" +
		"\x8d@\xc0L\x8f\xfc\x03\x05\xb5\xf2\x07\xfb\xe7\x07\x8d@\xc2L\x8f\xfc\x03\x05\xb5\xf2\x07\xfc\xe7\x07" +
		"\x8d@\xc0L\x8f\xfc\x03\x05\xb5\xf2\x07\xfc\xe7\x07\x8d@\xc2L\x8f\xfc\x03\x05\xb5\xf2\x07\xfd\xe7\x07" +
		"\x8d@\xc0L\x8f\xfc\x03\x05\xb5\xf2\x07\xfd\xe7\x07\x8d@\xc2L\x8f\xfc\x03\x05\xb5\xf2\x07\xfe\xe7\x07" +
		"\x8d@\xc0L\x8f\xfc\x03\x05\xb5\xf2\x07\xfe\xe7\x07\x8d@\xc2L\x8f\xfc\x03\x05\xb5\xf2\x07\xff\xe7\x07" +
		"\x8d@\xc0L\x8f\xfc\x03\x05\xb5\xf2\x07\xff\xe7\x07\x8d@\xc2L\x8f\xfc\x03\x04\xb7\xf2\x07\x8d@\xc0L" +
		"\x8f\xfc\x03\x04\xb7\xf2\x07\x8d@\xc2L\x8f\xfc\x03\x05\xb7\xf2\x07\xfb\xe7\x07\x8d@\xc0L\x8f\xfc\x03" +
		"\x05\xb7\xf2\x07\xfb\xe7\x07\x8d@\xc2L\x8f\xfc\x03\x05\xb7\xf2\x07\xfc\xe7\x07\x8d@\xc0L\x8f\xfc\x03" +
		"\x05\xb7\xf2\x07\xfc\xe7\x07\x8d@\xc2L\x8f\xfc\x03\x05\xb7\xf2\x07\xfd\xe7\x07\x8d@\xc0L\x8f\xfc\x03" +
		"\x05\xb7\xf2\x07\xfd\xe7\x07\x8d@\xc2L\x8f\xfc\x03\x05\xb7\xf2\x07\xfe\xe7\x07\x8d@\xc0L\x8f\xfc\x03" +
		"\x05\xb7\xf2\x07\xfe\xe7\x07\x8d@\xc2L\x8f\xfc\x03\x05\xb7\xf2\x07\xff\xe7\x07\x8d@\xc0L\x8f\xfc\x03" +
		"\x05\xb7\xf2\x07\xff\xe7\x07\x8d@\xc2L\x8f\xfc\x03\x04\xb8\xf2\x07\x8d@\xc0L\x8f\xfc\x03\x04\xb8\xf2" +
		"\x07\x8d@\xc2L\x8f\xfc\x03\x05\xb8\xf2\x07\xfb\xe7\x07\x8d@\xc0L\x8f\xfc\x03\x05\xb8\xf2\x07\xfb\xe7" +
		"\x07\x8d@\xc2L\x8f\xfc\x03\x05\xb8\xf2\x07\xfc\xe7\x07\x8d@\xc0L\x8f\xfc\x03\x05\xb8\xf2\x07\xfc\xe7" +
		"\x07\x8d@\xc2L\x8f\xfc\x03\x05\xb8\xf2\x07\xfd\xe7\x07\x8d@\xc0L\x8f\xfc\x03\x05\xb8\xf2\x07\xfd\xe7" +
		"\x07\x8d@\xc2L\x8f\xfc\x03\x05\xb8\xf2\x07\xfe\xe7\x07\x8d@\xc0L\x8f\xfc\x03\x05\xb8\xf2\x07\xfe\xe7" +
		"\x07\x8d@\xc2L\x8f\xfc\x03\x05\xb8\xf2\x07\xff\xe7\x07\x8d@\xc0L\x8f\xfc\x03\x05\xb8\xf2\x07\xff\xe7" +
		"\x07\x8d@\xc2L\x8f\xfc\x03\x04\xb9\xf2\x07\x8d@\xc0L\x8f\xfc\x03\x04\xb9\xf2\x07\x8d@\xc2L\x8f\xfc" +
		"\x03\x05\xb9\xf2\x07\xfb\xe7\x07\x8d@\xc0L\x8f\xfc\x03\x05\xb9\xf2\x07\xfb\xe7\x07\x8d@\xc2L\x8f\xfc" +
		"\x03\x05\xb9\xf2\x07\xfc\xe7\x07\x8d@\xc0L\x8f\xfc\x03\x05\xb9\xf2\x07\xfc\xe7\x07\x8d@\xc2L\x8f\xfc" +
		"\x03\x05\xb9\xf2\x07\xfd\xe7\x07\x8d@\xc0L\x8f\xfc\x03\x05\xb9\xf2\x07\xfd\xe7\x07\x8d@\xc2L\x8f\xfc" +
		"\x03\x05\xb9\xf2\x07\xfe\xe7\x07\x8d@\xc0L\x8f\xfc\x03\x05\xb9\xf2\x07\xfe\xe7\x07\x8d@\xc2L\x8f\xfc" +
		"\x03\x05\xb9\xf2\x07\xff\xe7\x07\x8d@\xc0L\x8f\xfc\x03\x05\xb9\xf2\x07\xff\xe7\x07\x8d@\xc2L\x8f\xfc" +
		"\x03\x04\xbc\xf2\x07\x8d@\xc0L\x8f\xfc\x03\x04\xbc\xf2\x07\x8d@\xc2L\x8f\xfc\x03\x05\xbc\xf2\x07\xfb" +
		"\xe7\x07\x8d@\xc0L\x8f\xfc\x03\x05\xbc\xf2\x07\xfb\xe7\x07\x8d@\xc2L\x8f\xfc\x03\x05\xbc\xf2\x07\xfc" +
		"\xe7\x07\x8d@\xc0L\x8f\xfc\x03\x05\xbc\xf2\x07\xfc\xe7\x07\x8d@\xc2L\x8f\xfc\x03\x05\xbc\xf2\x07\xfd" +
		"\xe7\x07\x8d@\xc0L\x8f\xfc\x03\x05\xbc\xf2\x07\xfd\xe7\x07\x8d@\xc2L\x8f\xfc\x03\x05\xbc\xf2\x07\xfe" +
		"\xe7\x07\x8d@\xc0L\x8f\xfc\x03\x05\xbc\xf2\x07\xfe\xe7\x07\x8d@\xc2L\x8f\xfc\x03\x05\xbc\xf2\x07\xff" +
		"\xe7\x07\x8d@\xc0L\x8f\xfc\x03\x05\xbc\xf2\x07\xff\xe7\x07\x8d@\xc2L\x8f\xfc\x03\x04\xbd\xf2\x07\x8d" +
		"@\xc0L\x8f\xfc\x03\x04\xbd\xf2\x07\x8d@\xc2L\x8f\xfc\x03\x05\xbd\xf2\x07\xfb\xe7\x07\x8d@\xc0L\x8f" +
		"\xfc\x03\x05\xbd\xf2\x07\xfb\xe7\x07\x8d@\xc2L\x8f\xfc\x03\x05\xbd\xf2\x07\xfc\xe7\x07\x8d@\xc0L\x8f" +
		"\xfc\x03\x05\xbd\xf2\x07\xfc\xe7\x07\x8d@\xc2L\x8f\xfc\x03\x05\xbd\xf2\x07\xfd\xe7\x07\x8d@\xc0L\x8f" +
		"\xfc\x03\x05\xbd\xf2\x07\xfd\xe7\x07\x8d@\xc2L\x8f\xfc\x03\x05\xbd\xf2\x07\xfe\xe7\x07\x8d@\xc0L\x8f" +
		"\xfc\x03\x05\xbd\xf2\x07\xfe\xe7\x07\x8d@\xc2L\x8f\xfc\x03\x05\xbd\xf2\x07\xff\xe7\x07\x8d@\xc0L\x8f" +
		"\xfc\x03\x05\xbd\xf2\x07\xff\xe7\x07\x8d@\xc2L\x8f\xfc\x03\x04\xbe\xf2\x07\x8d@\xc0L\x8f\xfc\x03\x04" +
		"\xbe\xf2\x07\x8d@\xc2L\x8f\xfc\x03\x05\xbe\xf2\x07\xfb\xe7\x07\x8d@\xc0L\x8f\xfc\x03\x05\xbe\xf2\x07" +
		"\xfb\xe7\x07\x8d@\xc2L\x8f\xfc\x03\x05\xbe\xf2\x07\xfc\xe7\x07\x8d@\xc0L\x8f\xfc\x03\x05\xbe\xf2\x07" +
		"\xfc\xe7\x07\x8d@\xc2L\x8f\xfc\x03\x05\xbe\xf2\x07\xfd\xe7\x07\x8d@\xc0L\x8f\xfc\x03\x05\xbe\xf2\x07" +
		"\xfd\xe7\x07\x8d@\xc2L\x8f\xfc\x03\x05\xbe\xf2\x07\xfe\xe7\x07\x8d@\xc0L\x8f\xfc\x03\x05\xbe\xf2\x07" +
		"\xfe\xe7\x07\x8d@\xc2L\x8f\xfc\x03\x05\xbe\xf2\x07\xff\xe7\x07\x8d@\xc0L\x8f\xfc\x03\x05\xbe\xf2\x07" +
		"\xff\xe7\x07\x8d@\xc2L\x8f\xfc\x03\x04\xb8\xf3\x07\x8d@\xc0L\x8f\xfc\x03\x04\xb8\xf3\x07\x8d@\xc2L" +
		"\x8f\xfc\x03\x05\xb8\xf3\x07\xfb\xe7\x07\x8d@\xc0L\x8f\xfc\x03\x05\xb8\xf3\x07\xfb\xe7\x07\x8d@\xc2L" +
		"\x8f\xfc\x03\x05\xb8\xf3\x07\xfc\xe7\x07\x8d@\xc0L\x8f\xfc\x03\x05\xb8\xf3\x07\xfc\xe7\x07\x8d@\xc2L" +
		"\x8f\xfc\x03\x05\xb8\xf3\x07\xfd\xe7\x07\x8d@\xc0L\x8f\xfc\x03\x05\xb8\xf3\x07\xfd\xe7\x07\x8d@\xc2L" +
		"\x8f\xfc\x03\x05\xb8\xf3\x07\xfe\xe7\x07\x8d@\xc0L\x8f\xfc\x03\x05\xb8\xf3\x07\xfe\xe7\x07\x8d@\xc2L" +
		"\x8f\xfc\x03\x05\xb8\xf3\x07\xff\xe7\x07\x8d@\xc0L\x8f\xfc\x03\x05\xb8\xf3\x07\xff\xe7\x07\x8d@\xc2L" +
		"\x8f\xfc\x03\x04\xb9\xf3\x07\x8d@\xc0L\x8f\xfc\x03\x04\xb9\xf3\x07\x8d@\xc2L\x8f\xfc\x03\x05\xb9\xf3" +
		"\x07\xfb\xe7\x07\x8d@\xc0L\x8f\xfc\x03\x05\xb9\xf3\x07\xfb\xe7\x07\x8d@\xc2L\x8f\xfc\x03\x05\xb9\xf3" +
		"\x07\xfc\xe7\x07\x8d@\xc0L\x8f\xfc\x03\x05\xb9\xf3\x07\xfc\xe7\x07\x8d@\xc2L\x8f\xfc\x03\x05\xb9\xf3" +
		"\x07\xfd\xe7\x07\x8d@\xc0L\x8f\xfc\x03\x05\xb9\xf3\x07\xfd\xe7\x07\x8d@\xc2L\x8f\xfc\x03\x05\xb9\xf3" +
		"\x07\xfe\xe7\x07\x8d@\xc0L\x8f\xfc\x03\x05\xb9\xf3\x07\xfe\xe7\x07\x8d@\xc2L\x8f\xfc\x03\x05\xb9\xf3" +
		"\x07\xff\xe7\x07\x8d@\xc0L\x8f\xfc\x03\x05\xb9\xf3\x07\xff\xe7\x07\x8d@\xc2L\x8f\xfc\x03\x04\xcd\xf3" +
		"\x07\x8d@\xc0L\x8f\xfc\x03\x04\xcd\xf3\x07\x8d@\xc2L\x8f\xfc\x03\x05\xcd\xf3\x07\xfb\xe7\x07\x8d@" +
		"\xc0L\x8f\xfc\x03\x05\xcd\xf3\x07\xfb\xe7\x07\x8d@\xc2L\x8f\xfc\x03\x05\xcd\xf3\x07\xfc\xe7\x07\x8d@" +
		"\xc0L\x8f\xfc\x03\x05\xcd\xf3\x07\xfc\xe7\x07\x8d@\xc2L\x8f\xfc\x03\x05\xcd\xf3\x07\xfd\xe7\x07\x8d@" +
		"\xc0L\x8f\xfc\x03\x05\xcd\xf3\x07\xfd\xe7\x07\x8d@\xc2L\x8f\xfc\x03\x05\xcd\xf3\x07\xfe\xe7\x07\x8d@" +
		"\xc0L\x8f\xfc\x03\x05\xcd\xf3\x07\xfe\xe7\x07\x8d@\xc2L\x8f\xfc\x03\x05\xcd\xf3\x07\xff\xe7\x07\x8d@" +
		"\xc0L\x8f\xfc\x03\x05\xcd\xf3\x07\xff\xe7\x07\x8d@\xc2L\x8f\xfc\x03\x04\xce\xf3\x07\x8d@\xc0L\x8f" +
		"\xfc\x03\x07\xce\xf3\x07\x8d@\xc0L\x8f\xfc\x03\x8d@\xa1O\x8f\xfc\x03\x04\xce\xf3\x07\x8d@\xc2L\x8f" +
		"\xfc\x03\x07\xce\xf3\x07\x8d@\xc2L\x8f\xfc\x03\x8d@\xa1O\x8f\xfc\x03\x04\xce\xf3\x07\x8d@\xa1O\x8f" +
		"\xfc\x03\x05\xce\xf3\x07\xfb\xe7\x07\x8d@\xc0L\x8f\xfc\x03\x08\xce\xf3\x07\xfb\xe7\x07\x8d@\xc0L\x8f" +
		"\xfc\x03\x8d@\xa1O\x8f\xfc\x03\x05\xce\xf3\x07\xfb\xe7\x07\x8d@\xc2L\x8f\xfc\x03\x08\xce\xf3\x07\xfb" +
		"\xe7\x07\x8d@\xc2L\x8f\xfc\x03\x8d@\xa1O\x8f\xfc\x03\x05\xce\xf3\x07\xfb\xe7\x07\x8d@\xa1O\x8f\xfc" +
		"\x03\x05\xce\xf3\x07\xfc\xe7\x07\x8d@\xc0L\x8f\xfc\x03\x08\xce\xf3\x07\xfc\xe7\x07\x8d@\xc0L\x8f\xfc" +
		"\x03\x8d@\xa1O\x8f\xfc\x03\x05\xce\xf3\x07\xfc\xe7\x07\x8d@\xc2L\x8f\xfc\x03\x08\xce\xf3\x07\xfc\xe7" +
		"\x07\x8d@\xc2L\x8f\xfc\x03\x8d@\xa1O\x8f\xfc\x03\x05\xce\xf3\x07\xfc\xe7\x07\x8d@\xa1O\x8f\xfc\x03" +
		"\x05\xce\xf3\x07\xfd\xe7\x07\x8d@\xc0L\x8f\xfc\x03\x08\xce\xf3\x07\xfd\xe7\x07\x8d@\xc0L\x8f\xfc\x03" +
		"\x8d@\xa1O\x8f\xfc\x03\x05\xce\xf3\x07\xfd\xe7\x07\x8d@\xc2L\x8f\xfc\x03\x08\xce\xf3\x07\xfd\xe7\x07" +
		"\x8d@\xc2L\x8f\xfc\x03\x8d@\xa1O\x8f\xfc\x03\x05\xce\xf3\x07\xfd\xe7\x07\x8d@\xa1O\x8f\xfc\x03\x05" +
		"\xce\xf3\x07\xfe\xe7\x07\x8d@\xc0L\x8f\xfc\x03\x08\xce\xf3\x07\xfe\xe7\x07\x8d@\xc0L\x8f\xfc\x03\x8d" +
		"@\xa1O\x8f\xfc\x03\x05\xce\xf3\x07\xfe\xe7\x07\x8d@\xc2L\x8f\xfc\x03\x08\xce\xf3\x07\xfe\xe7\x07\x8d" +
		"@\xc2L\x8f\xfc\x03\x8d@\xa1O\x8f\xfc\x03\x05\xce\xf3\x07\xfe\xe7\x07\x8d@\xa1O\x8f\xfc\x03\x05\xce" +
		"\xf3\x07\xff\xe7\x07\x8d@\xc0L\x8f\xfc\x03\x08\xce\xf3\x07\xff\xe7\x07\x8d@\xc0L\x8f\xfc\x03\x8d@" +
		"\xa1O\x8f\xfc\x03\x05\xce\xf3\x07\xff\xe7\x07\x8d@\xc2L\x8f\xfc\x03\x08\xce\xf3\x07\xff\xe7\x07\x8d@" +
		"\xc2L\x8f\xfc\x03\x8d@\xa1O\x8f\xfc\x03\x05\xce\xf3\x07\xff\xe7\x07\x8d@\xa1O\x8f\xfc\x03\x04\xcf" +
		"\xf3\x07\x8d@\xc0L\x8f\xfc\x03\x04\xcf\xf3\x07\x8d@\xc2L\x8f\xfc\x03\x05\xcf\xf3\x07\xfb\xe7\x07\x8d" +
		"@\xc0L\x8f\xfc\x03\x05\xcf\xf3\x07\xfb\xe7\x07\x8d@\xc2L\x8f\xfc\x03\x05\xcf\xf3\x07\xfc\xe7\x07\x8d" +
		"@\xc0L\x8f\xfc\x03\x05\xcf\xf3\x07\xfc\xe7\x07\x8d@\xc2L\x8f\xfc\x03\x05\xcf\xf3\x07\xfd\xe7\x07\x8d" +
		"@\xc0L\x8f\xfc\x03\x05\xcf\xf3\x07\xfd\xe7\x07\x8d@\xc2L\x8f\xfc\x03\x05\xcf\xf3\x07\xfe\xe7\x07\x8d" +
		"@\xc0L\x8f\xfc\x03\x05\xcf\xf3\x07\xfe\xe7\x07\x8d@\xc2L\x8f\xfc\x03\x05\xcf\xf3\x07\xff\xe7\x07\x8d" +
		"@\xc0L\x8f\xfc\x03\x05\xcf\xf3\x07\xff\xe7\x07\x8d@\xc2L\x8f\xfc\x03\x04\xd1\xf3\x07\x8d@\x95M\x8f" +
		"\xfc\x03\x04\xd1\xf3\x07\x8d@\x96M\x8f\xfc\x03\x04\xd1\xf3\x07\x8d@\x88N\x8f\xfc\x03\x03\xd1\xf3\x07" +
		"\x8d@\xbe\xe6\x07\x03\xd1\xf3\x07\x8d@\xf3\xe6\x07\x03\xd1\xf3\x07\x8d@\xfc\xe6\x07\x03\xd1\xf3\x07" +
		"\x8d@\x84\xe7\x07\x03\xd1\xf3\x07\x8d@\x93\xe7\x07\x03\xd1\xf3\x07\x8d@\xa4\xe7\x07\x03\xd1\xf3\x07" +
		"\x8d@\xa8\xe7\x07\x03\xd1\xf3\x07\x8d@\xeb\xe7\x07\x03\xd1\xf3\x07\x8d@\xed\xe7\x07\x03\xd1\xf3\x07" +
		"\x8d@\xbb\xe9\x07\x03\xd1\xf3\x07\x8d@\xbc\xe9\x07\x03\xd1\xf3\x07\x8d@\xa7\xea\x07\x03\xd1\xf3\x07" +
		"\x8d@\xac\xea\x07\x03\xd1\xf3\x07\x8d@\x80\xed\x07\x03\xd1\xf3\x07\x8d@\x92\xed\x07\x05\xd1\xf3\x07" +
		"\x8d@\x9d\xf2\x07\x8d@\xd1\xf3\x07\x03\xd1\xf3\x07\x8d@\xaf\xf3\x07\x06\xd1\xf3\x07\x8d@\xaf\xf3\x07" +
		"\x8d@\xa1O\x8f\xfc\x03\x03\xd1\xf3\x07\x8d@\xb0\xf3\x07\x03\xd1\xf3\x07\x8d@\xb1\xf3\x07\x03\xd1\xf3" +
		"\x07\x8d@\xb2\xf3\x07\x03\xd1\xf3\x07\x8d@\xb3\xf3\x07\x03\xd1\xf3\x07\x8d@\xbc\xf3\x07\x06\xd1\xf3" +
		"\x07\x8d@\xbc\xf3\x07\x8d@\xa1O\x8f\xfc\x03\x03\xd1\xf3\x07\x8d@\xbd\xf3\x07\x06\xd1\xf3\x07\x8d@" +
		"\xbd\xf3\x07\x8d@\xa1O\x8f\xfc\x03\x05\xd1\xf3\x07\x8d@\xd1\xf3\x07\x8d@\xd2\xf3\x07\x07\xd1\xf3\x07" +
		"\x8d@\xd1\xf3\x07\x8d@\xd2\xf3\x07\x8d@\xd2\xf3\x07\x03\xd1\xf3\x07\x8d@\xd2\xf3\x07\x05\xd1\xf3\x07" +
		"\x8d@\xd2\xf3\x07\x8d@\xd2\xf3\x07\x03\xd1\xf3\x07\x8d@\xf0\xf4\x07\x05\xd1\xf3\x07\xfb\xe7\x07\x8d@" +
		"\x95M\x8f\xfc\x03\x05\xd1\xf3\x07\xfb\xe7\x07\x8d@\x96M\x8f\xfc\x03\x05\xd1\xf3\x07\xfb\xe7\x07\x8d@" +
		"\x88N\x8f\xfc\x03\x0a\xd1\xf3\x07\xfb\xe7\x07\x8d@\xe4N\x8f\xfc\x03\x8d@\x8b\xe9\x07\x8d@\xd1\xf3" +
		"\x07\xfc\xe7\x07\x0a\xd1\xf3\x07\xfb\xe7\x07\x8d@\xe4N\x8f\xfc\x03\x8d@\x8b\xe9\x07\x8d@\xd1\xf3\x07" +
		"\xfd\xe7\x07\x0a\xd1\xf3\x07\xfb\xe7\x07\x8d@\xe4N\x8f\xfc\x03\x8d@\x8b\xe9\x07\x8d@\xd1\xf3\x07\xfe" +
		"\xe7\x07\x0a\xd1\xf3\x07\xfb\xe7\x07\x8d@\xe4N\x8f\xfc\x03\x8d@\x8b\xe9\x07\x8d@\xd1\xf3\x07\xff\xe7" +
		"\x07\x08\xd1\xf3\x07\xfb\xe7\x07\x8d@\xe4N\x8f\xfc\x03\x8d@\xd1\xf3\x07\xfc\xe7\x07\x08\xd1\xf3\x07" +
		"\xfb\xe7\x07\x8d@\xe4N\x8f\xfc\x03\x8d@\xd1\xf3\x07\xfd\xe7\x07\x08\xd1\xf3\x07\xfb\xe7\x07\x8d@\xe4" +
		"N\x8f\xfc\x03\x8d@\xd1\xf3\x07\xfe\xe7\x07\x08\xd1\xf3\x07\xfb\xe7\x07\x8d@\xe4N\x8f\xfc\x03\x8d@" +
		"\xd1\xf3\x07\xff\xe7\x07\x04\xd1\xf3\x07\xfb\xe7\x07\x8d@\xbe\xe6\x07\x04\xd1\xf3\x07\xfb\xe7\x07" +
		"\x8d@\xf3\xe6\x07\x04\xd1\xf3\x07\xfb\xe7\x07\x8d@\xfc\xe6\x07\x04\xd1\xf3\x07\xfb\xe7\x07\x8d@\x84" +
		"\xe7\x07\x04\xd1\xf3\x07\xfb\xe7\x07\x8d@\x93\xe7\x07\x04\xd1\xf3\x07\xfb\xe7\x07\x8d@\xa4\xe7\x07" +
		"\x04\xd1\xf3\x07\xfb\xe7\x07\x8d@\xa8\xe7\x07\x04\xd1\xf3\x07\xfb\xe7\x07\x8d@\xeb\xe7\x07\x04\xd1" +
		"\xf3\x07\xfb\xe7\x07\x8d@\xed\xe7\x07\x07\xd1\xf3\x07\xfb\xe7\x07\x8d@\xb0\xe8\x07\x8d@\xd1\xf3\x07" +
		"\xfc\xe7\x07\x07\xd1\xf3\x07\xfb\xe7\x07\x8d@\xb0\xe8\x07\x8d@\xd1\xf3\x07\xfd\xe7\x07\x07\xd1\xf3" +
		"\x07\xfb\xe7\x07\x8d@\xb0\xe8\x07\x8d@\xd1\xf3\x07\xfe\xe7\x07\x07\xd1\xf3\x07\xfb\xe7\x07\x8d@\xb0" +
		"\xe8\x07\x8d@\xd1\xf3\x07\xff\xe7\x07\x04\xd1\xf3\x07\xfb\xe7\x07\x8d@\xbb\xe9\x07\x04\xd1\xf3\x07" +
		"\xfb\xe7\x07\x8d@\xbc\xe9\x07\x04\xd1\xf3\x07\xfb\xe7\x07\x8d@\xa7\xea\x07\x04\xd1\xf3\x07\xfb\xe7" +
		"\x07\x8d@\xac\xea\x07\x04\xd1\xf3\x07\xfb\xe7\x07\x8d@\x80\xed\x07\x04\xd1\xf3\x07\xfb\xe7\x07\x8d@" +
		"\x92\xed\x07\x07\xd1\xf3\x07\xfb\xe7\x07\x8d@\x9d\xf2\x07\x8d@\xd1\xf3\x07\xfb\xe7\x07\x07\xd1\xf3" +
		"\x07\xfb\xe7\x07\x8d@\x9d\xf2\x07\x8d@\xd1\xf3\x07\xfc\xe7\x07\x07\xd1\xf3\x07\xfb\xe7\x07\x8d@\x9d" +
		"\xf2\x07\x8d@\xd1\xf3\x07\xfd\xe7\x07\x07\xd1\xf3\x07\xfb\xe7\x07\x8d@\x9d\xf2\x07\x8d@\xd1\xf3\x07" +
		"\xfe\xe7\x07\x07\xd1\xf3\x07\xfb\xe7\x07\x8d@\x9d\xf2\x07\x8d@\xd1\xf3\x07\xff\xe7\x07\x04\xd1\xf3" +
		"\x07\xfb\xe7\x07\x8d@\xaf\xf3\x07\x07\xd1\xf3\x07\xfb\xe7\x07\x8d@\xaf\xf3\x07\x8d@\xa1O\x8f\xfc\x03" +
		"\x04\xd1\xf3\x07\xfb\xe7\x07\x8d@\xb0\xf3\x07\x04\xd1\xf3\x07\xfb\xe7\x07\x8d@\xb1\xf3\x07\x04\xd1" +
		"\xf3\x07\xfb\xe7\x07\x8d@\xb2\xf3\x07\x04\xd1\xf3\x07\xfb\xe7\x07\x8d@\xb3\xf3\x07\x04\xd1\xf3\x07" +
		"\xfb\xe7\x07\x8d@\xbc\xf3\x07\x07\xd1\xf3\x07\xfb\xe7\x07\x8d@\xbc\xf3\x07\x8d@\xa1O\x8f\xfc\x03\x04" +
		"\xd1\xf3\x07\xfb\xe7\x07\x8d@\xbd\xf3\x07\x07\xd1\xf3\x07\xfb\xe7\x07\x8d@\xbd\xf3\x07\x8d@\xa1O\x8f" +
		"\xfc\x03\x04\xd1\xf3\x07\xfb\xe7\x07\x8d@\xf0\xf4\x07\x07\xd1\xf3\x07\xfb\xe7\x07\x8d@\xef\xf5\x07" +
		"\x8d@\xd1\xf3\x07\xfc\xe7\x07\x07\xd1\xf3\x07\xfb\xe7\x07\x8d@\xef\xf5\x07\x8d@\xd1\xf3\x07\xfd\xe7" +
		"\x07\x07\xd1\xf3\x07\xfb\xe7\x07\x8d@\xef\xf5\x07\x8d@\xd1\xf3\x07\xfe\xe7\x07\x07\xd1\xf3\x07\xfb" +
		"\xe7\x07\x8d@\xef\xf5\x07\x8d@\xd1\xf3\x07\xff\xe7\x07\x05\xd1\xf3\x07\xfc\xe7\x07\x8d@\x95M\x8f\xfc" +
		"\x03\x05\xd1\xf3\x07\xfc\xe7\x07\x8d@\x96M\x8f\xfc\x03\x05\xd1\xf3\x07\xfc\xe7\x07\x8d@\x88N\x8f\xfc" +
		"\x03\x0a\xd1\xf3\x07\xfc\xe7\x07\x8d@\xe4N\x8f\xfc\x03\x8d@\x8b\xe9\x07\x8d@\xd1\xf3\x07\xfb\xe7\x07" +
		"\x0a\xd1\xf3\x07\xfc\xe7\x07\x8d@\xe4N\x8f\xfc\x03\x8d@\x8b\xe9\x07\x8d@\xd1\xf3\x07\xfd\xe7\x07\x0a" +
		"\xd1\xf3\x07\xfc\xe7\x07\x8d@\xe4N\x8f\xfc\x03\x8d@\x8b\xe9\x07\x8d@\xd1\xf3\x07\xfe\xe7\x07\x0a\xd1" +
		"\xf3\x07\xfc\xe7\x07\x8d@\xe4N\x8f\xfc\x03\x8d@\x8b\xe9\x07\x8d@\xd1\xf3\x07\xff\xe7\x07\x08\xd1\xf3" +
		"\x07\xfc\xe7\x07\x8d@\xe4N\x8f\xfc\x03\x8d@\xd1\xf3\x07\xfb\xe7\x07\x08\xd1\xf3\x07\xfc\xe7\x07\x8d@" +
		"\xe4N\x8f\xfc\x03\x8d@\xd1\xf3\x07\xfd\xe7\x07\x08\xd1\xf3\x07\xfc\xe7\x07\x8d@\xe4N\x8f\xfc\x03\x8d" +
		"@\xd1\xf3\x07\xfe\xe7\x07\x08\xd1\xf3\x07\xfc\xe7\x07\x8d@\xe4N\x8f\xfc\x03\x8d@\xd1\xf3\x07\xff\xe7" +
		"\x07\x04\xd1\xf3\x07\xfc\xe7\x07\x8d@\xbe\xe6\x07\x04\xd1\xf3\x07\xfc\xe7\x07\x8d@\xf3\xe6\x07\x04" +
		"\xd1\xf3\x07\xfc\xe7\x07\x8d@\xfc\xe6\x07\x04\xd1\xf3\x07\xfc\xe7\x07\x8d@\x84\xe7\x07\x04\xd1\xf3" +
		"\x07\xfc\xe7\x07\x8d@\x93\xe7\x07\x04\xd1\xf3\x07\xfc\xe7\x07\x8d@\xa4\xe7\x07\x04\xd1\xf3\x07\xfc" +
		"\xe7\x07\x8d@\xa8\xe7\x07\x04\xd1\xf3\x07\xfc\xe7\x07\x8d@\xeb\xe7\x07\x04\xd1\xf3\x07\xfc\xe7\x07" +
		"\x8d@\xed\xe7\x07\x07\xd1\xf3\x07\xfc\xe7\x07\x8d@\xb0\xe8\x07\x8d@\xd1\xf3\x07\xfb\xe7\x07\x07\xd1" +
		"\xf3\x07\xfc\xe7\x07\x8d@\xb0\xe8\x07\x8d@\xd1\xf3\x07\xfd\xe7\x07\x07\xd1\xf3\x07\xfc\xe7\x07\x8d@" +
		"\xb0\xe8\x07\x8d@\xd1\xf3\x07\xfe\xe7\x07\x07\xd1\xf3\x07\xfc\xe7\x07\x8d@\xb0\xe8\x07\x8d@\xd1\xf3" +
		"\x07\xff\xe7\x07\x04\xd1\xf3\x07\xfc\xe7\x07\x8d@\xbb\xe9\x07\x04\xd1\xf3\x07\xfc\xe7\x07\x8d@\xbc" +
		"\xe9\x07\x04\xd1\xf3\x07\xfc\xe7\x07\x8d@\xa7\xea\x07\x04\xd1\xf3\x07\xfc\xe7\x07\x8d@\xac\xea\x07" +
		"\x04\xd1\xf3\x07\xfc\xe7\x07\x8d@\x80\xed\x07\x04\xd1\xf3\x07\xfc\xe7\x07\x8d@\x92\xed\x07\x07\xd1" +
		"\xf3\x07\xfc\xe7\x07\x8d@\x9d\xf2\x07\x8d@\xd1\xf3\x07\xfb\xe7\x07\x07\xd1\xf3\x07\xfc\xe7\x07\x8d@" +
		"\x9d\xf2\x07\x8d@\xd1\xf3\x07\xfc\xe7\x07\x07\xd1\xf3\x07\xfc\xe7\x07\x8d@\x9d\xf2\x07\x8d@\xd1\xf3" +
		"\x07\xfd\xe7\x07\x07\xd1\xf3\x07\xfc\xe7\x07\x8d@\x9d\xf2\x07\x8d@\xd1\xf3\x07\xfe\xe7\x07\x07\xd1" +
		"\xf3\x07\xfc\xe7\x07\x8d@\x9d\xf2\x07\x8d@\xd1\xf3\x07\xff\xe7\x07\x04\xd1\xf3\x07\xfc\xe7\x07\x8d@" +
		"\xaf\xf3\x07\x07\xd1\xf3\x07\xfc\xe7\x07\x8d@\xaf\xf3\x07\x8d@\xa1O\x8f\xfc\x03\x04\xd1\xf3\x07\xfc" +
		"\xe7\x07\x8d@\xb0\xf3\x07\x04\xd1\xf3\x07\xfc\xe7\x07\x8d@\xb1\xf3\x07\x04\xd1\xf3\x07\xfc\xe7\x07" +
		"\x8d@\xb2\xf3\x07\x04\xd1\xf3\x07\xfc\xe7\x07\x8d@\xb3\xf3\x07\x04\xd1\xf3\x07\xfc\xe7\x07\x8d@\xbc" +
		"\xf3\x07\x07\xd1\xf3\x07\xfc\xe7\x07\x8d@\xbc\xf3\x07\x8d@\xa1O\x8f\xfc\x03\x04\xd1\xf3\x07\xfc\xe7" +
		"\x07\x8d@\xbd\xf3\x07\x07\xd1\xf3\x07\xfc\xe7\x07\x8d@\xbd\xf3\x07\x8d@\xa1O\x8f\xfc\x03\x04\xd1\xf3" +
		"\x07\xfc\xe7\x07\x8d@\xf0\xf4\x07\x07\xd1\xf3\x07\xfc\xe7\x07\x8d@\xef\xf5\x07\x8d@\xd1\xf3\x07\xfb" +
		"\xe7\x07\x07\xd1\xf3\x07\xfc\xe7\x07\x8d@\xef\xf5\x07\x8d@\xd1\xf3\x07\xfd\xe7\x07\x07\xd1\xf3\x07" +
		"\xfc\xe7\x07\x8d@\xef\xf5\x07\x8d@\xd1\xf3\x07\xfe\xe7\x07\x07\xd1\xf3\x07\xfc\xe7\x07\x8d@\xef\xf5" +
		"\x07\x8d@\xd1\xf3\x07\xff\xe7\x07\x05\xd1\xf3\x07\xfd\xe7\x07\x8d@\x95M\x8f\xfc\x03\x05\xd1\xf3\x07" +
		"\xfd\xe7\x07\x8d@\x96M\x8f\xfc\x03\x05\xd1\xf3\x07\xfd\xe7\x07\x8d@\x88N\x8f\xfc\x03\x0a\xd1\xf3\x07" +
		"\xfd\xe7\x07\x8d@\xe4N\x8f\xfc\x03\x8d@\x8b\xe9\x07\x8d@\xd1\xf3\x07\xfb\xe7\x07\x0a\xd1\xf3\x07\xfd" +
		"\xe7\x07\x8d@\xe4N\x8f\xfc\x03\x8d@\x8b\xe9\x07\x8d@\xd1\xf3\x07\xfc\xe7\x07\x0a\xd1\xf3\x07\xfd\xe7" +
		"\x07\x8d@\xe4N\x8f\xfc\x03\x8d@\x8b\xe9\x07\x8d@\xd1\xf3\x07\xfe\xe7\x07\x0a\xd1\xf3\x07\xfd\xe7\x07" +
		"\x8d@\xe4N\x8f\xfc\x03\x8d@\x8b\xe9\x07\x8d@\xd1\xf3\x07\xff\xe7\x07\x08\xd1\xf3\x07\xfd\xe7\x07\x8d" +
		"@\xe4N\x8f\xfc\x03\x8d@\xd1\xf3\x07\xfb\xe7\x07\x08\xd1\xf3\x07\xfd\xe7\x07\x8d@\xe4N\x8f\xfc\x03" +
		"\x8d@\xd1\xf3\x07\xfc\xe7\x07\x08\xd1\xf3\x07\xfd\xe7\x07\x8d@\xe4N\x8f\xfc\x03\x8d@\xd1\xf3\x07\xfe" +
		"\xe7\x07\x08\xd1\xf3\x07\xfd\xe7\x07\x8d@\xe4N\x8f\xfc\x03\x8d@\xd1\xf3\x07\xff\xe7\x07\x04\xd1\xf3" +
		"\x07\xfd\xe7\x07\x8d@\xbe\xe6\x07\x04\xd1\xf3\x07\xfd\xe7\x07\x8d@\xf3\xe6\x07\x04\xd1\xf3\x07\xfd" +
		"\xe7\x07\x8d@\xfc\xe6\x07\x04\xd1\xf3\x07\xfd\xe7\x07\x8d@\x84\xe7\x07\x04\xd1\xf3\x07\xfd\xe7\x07" +
		"\x8d@\x93\xe7\x07\x04\xd1\xf3\x07\xfd\xe7\x07\x8d@\xa4\xe7\x07\x04\xd1\xf3\x07\xfd\xe7\x07\x8d@\xa8" +
		"\xe7\x07\x04\xd1\xf3\x07\xfd\xe7\x07\x8d@\xeb\xe7\x07\x04\xd1\xf3\x07\xfd\xe7\x07\x8d@\xed\xe7\x07" +
		"\x07\xd1\xf3\x07\xfd\xe7\x07\x8d@\xb0\xe8\x07\x8d@\xd1\xf3\x07\xfb\xe7\x07\x07\xd1\xf3\x07\xfd\xe7" +
		"\x07\x8d@\xb0\xe8\x07\x8d@\xd1\xf3\x07\xfc\xe7\x07\x07\xd1\xf3\x07\xfd\xe7\x07\x8d@\xb0\xe8\x07\x8d@" +
		"\xd1\xf3\x07\xfe\xe7\x07\x07\xd1\xf3\x07\xfd\xe7\x07\x8d@\xb0\xe8\x07\x8d@\xd1\xf3\x07\xff\xe7\x07" +
		"\x04\xd1\xf3\x07\xfd\xe7\x07\x8d@\xbb\xe9\x07\x04\xd1\xf3\x07\xfd\xe7\x07\x8d@\xbc\xe9\x07\x04\xd1" +
		"\xf3\x07\xfd\xe7\x07\x8d@\xa7\xea\x07\x04\xd1\xf3\x07\xfd\xe7\x07\x8d@\xac\xea\x07\x04\xd1\xf3\x07" +
		"\xfd\xe7\x07\x8d@\x80\xed\x07\x04\xd1\xf3\x07\xfd\xe7\x07\x8d@\x92\xed\x07\x07\xd1\xf3\x07\xfd\xe7" +
		"\x07\x8d@\x9d\xf2\x07\x8d@\xd1\xf3\x07\xfb\xe7\x07\x07\xd1\xf3\x07\xfd\xe7\x07\x8d@\x9d\xf2\x07\x8d@" +
		"\xd1\xf3\x07\xfc\xe7\x07\x07\xd1\xf3\x07\xfd\xe7\x07\x8d@\x9d\xf2\x07\x8d@\xd1\xf3\x07\xfd\xe7\x07" +
		"\x07\xd1\xf3\x07\xfd\xe7\x07\x8d@\x9d\xf2\x07\x8d@\xd1\xf3\x07\xfe\xe7\x07\x07\xd1\xf3\x07\xfd\xe7" +
		"\x07\x8d@\x9d\xf2\x07\x8d@\xd1\xf3\x07\xff\xe7\x07\x04\xd1\xf3\x07\xfd\xe7\x07\x8d@\xaf\xf3\x07\x07" +
		"\xd1\xf3\x07\xfd\xe7\x07\x8d@\xaf\xf3\x07\x8d@\xa1O\x8f\xfc\x03\x04\xd1\xf3\x07\xfd\xe7\x07\x8d@\xb0" +
		"\xf3\x07\x04\xd1\xf3\x07\xfd\xe7\x07\x8d@\xb1\xf3\x07\x04\xd1\xf3\x07\xfd\xe7\x07\x8d@\xb2\xf3\x07" +
		"\x04\xd1\xf3\x07\xfd\xe7\x07\x8d@\xb3\xf3\x07\x04\xd1\xf3\x07\xfd\xe7\x07\x8d@\xbc\xf3\x07\x07\xd1" +
		"\xf3\x07\xfd\xe7\x07\x8d@\xbc\xf3\x07\x8d@\xa1O\x8f\xfc\x03\x04\xd1\xf3\x07\xfd\xe7\x07\x8d@\xbd\xf3" +
		"\x07\x07\xd1\xf3\x07\xfd\xe7\x07\x8d@\xbd\xf3\x07\x8d@\xa1O\x8f\xfc\x03\x04\xd1\xf3\x07\xfd\xe7\x07" +
		"\x8d@\xf0\xf4\x07\x07\xd1\xf3\x07\xfd\xe7\x07\x8d@\xef\xf5\x07\x8d@\xd1\xf3\x07\xfb\xe7\x07\x07\xd1" +
		"\xf3\x07\xfd\xe7\x07\x8d@\xef\xf5\x07\x8d@\xd1\xf3\x07\xfc\xe7\x07\x07\xd1\xf3\x07\xfd\xe7\x07\x8d@" +
		"\xef\xf5\x07\x8d@\xd1\xf3\x07\xfe\xe7\x07\x07\xd1\xf3\x07\xfd\xe7\x07\x8d@\xef\xf5\x07\x8d@\xd1\xf3" +
		"\x07\xff\xe7\x07\x05\xd1\xf3\x07\xfe\xe7\x07\x8d@\x95M\x8f\xfc\x03\x05\xd1\xf3\x07\xfe\xe7\x07\x8d@" +
		"\x96M\x8f\xfc\x03\x05\xd1\xf3\x07\xfe\xe7\x07\x8d@\x88N\x8f\xfc\x03\x0a\xd1\xf3\x07\xfe\xe7\x07\x8d@" +
		"\xe4N\x8f\xfc\x03\x8d@\x8b\xe9\x07\x8d@\xd1\xf3\x07\xfb\xe7\x07\x0a\xd1\xf3\x07\xfe\xe7\x07\x8d@\xe4" +
		"N\x8f\xfc\x03\x8d@\x8b\xe9\x07\x8d@\xd1\xf3\x07\xfc\xe7\x07\x0a\xd1\xf3\x07\xfe\xe7\x07\x8d@\xe4N" +
		"\x8f\xfc\x03\x8d@\x8b\xe9\x07\x8d@\xd1\xf3\x07\xfd\xe7\x07\x0a\xd1\xf3\x07\xfe\xe7\x07\x8d@\xe4N\x8f" +
		"\xfc\x03\x8d@\x8b\xe9\x07\x8d@\xd1\xf3\x07\xff\xe7\x07\x08\xd1\xf3\x07\xfe\xe7\x07\x8d@\xe4N\x8f\xfc" +
		"\x03\x8d@\xd1\xf3\x07\xfb\xe7\x07\x08\xd1\xf3\x07\xfe\xe7\x07\x8d@\xe4N\x8f\xfc\x03\x8d@\xd1\xf3\x07" +
		"\xfc\xe7\x07\x08\xd1\xf3\x07\xfe\xe7\x07\x8d@\xe4N\x8f\xfc\x03\x8d@\xd1\xf3\x07\xfd\xe7\x07\x08\xd1" +
		"\xf3\x07\xfe\xe7\x07\x8d@\xe4N\x8f\xfc\x03\x8d@\xd1\xf3\x07\xff\xe7\x07\x04\xd1\xf3\x07\xfe\xe7\x07" +
		"\x8d@\xbe\xe6\x07\x04\xd1\xf3\x07\xfe\xe7\x07\x8d@\xf3\xe6\x07\x04\xd1\xf3\x07\xfe\xe7\x07\x8d@\xfc" +
		"\xe6\x07\x04\xd1\xf3\x07\xfe\xe7\x07\x8d@\x84\xe7\x07\x04\xd1\xf3\x07\xfe\xe7\x07\x8d@\x93\xe7\x07" +
		"\x04\xd1\xf3\x07\xfe\xe7\x07\x8d@\xa4\xe7\x07\x04\xd1\xf3\x07\xfe\xe7\x07\x8d@\xa8\xe7\x07\x04\xd1" +
		"\xf3\x07\xfe\xe7\x07\x8d@\xeb\xe7\x07\x04\xd1\xf3\x07\xfe\xe7\x07\x8d@\xed\xe7\x07\x07\xd1\xf3\x07" +
		"\xfe\xe7\x07\x8d@\xb0\xe8\x07\x8d@\xd1\xf3\x07\xfb\xe7\x07\x07\xd1\xf3\x07\xfe\xe7\x07\x8d@\xb0\xe8" +
		"\x07\x8d@\xd1\xf3\x07\xfc\xe7\x07\x07\xd1\xf3\x07\xfe\xe7\x07\x8d@\xb0\xe8\x07\x8d@\xd1\xf3\x07\xfd" +
		"\xe7\x07\x07\xd1\xf3\x07\xfe\xe7\x07\x8d@\xb0\xe8\x07\x8d@\xd1\xf3\x07\xff\xe7\x07\x04\xd1\xf3\x07" +
		"\xfe\xe7\x07\x8d@\xbb\xe9\x07\x04\xd1\xf3\x07\xfe\xe7\x07\x8d@\xbc\xe9\x07\x04\xd1\xf3\x07\xfe\xe7" +
		"\x07\x8d@\xa7\xea\x07\x04\xd1\xf3\x07\xfe\xe7\x07\x8d@\xac\xea\x07\x04\xd1\xf3\x07\xfe\xe7\x07\x8d@" +
		"\x80\xed\x07\x04\xd1\xf3\x07\xfe\xe7\x07\x8d@\x92\xed\x07\x07\xd1\xf3\x07\xfe\xe7\x07\x8d@\x9d\xf2" +
		"\x07\x8d@\xd1\xf3\x07\xfb\xe7\x07\x07\xd1\xf3\x07\xfe\xe7\x07\x8d@\x9d\xf2\x07\x8d@\xd1\xf3\x07\xfc" +
		"\xe7\x07\x07\xd1\xf3\x07\xfe\xe7\x07\x8d@\x9d\xf2\x07\x8d@\xd1\xf3\x07\xfd\xe7\x07\x07\xd1\xf3\x07" +
		"\xfe\xe7\x07\x8d@\x9d\xf2\x07\x8d@\xd1\xf3\x07\xfe\xe7\x07\x07\xd1\xf3\x07\xfe\xe7\x07\x8d@\x9d\xf2" +
		"\x07\x8d@\xd1\xf3\x07\xff\xe7\x07\x04\xd1\xf3\x07\xfe\xe7\x07\x8d@\xaf\xf3\x07\x07\xd1\xf3\x07\xfe" +
		"\xe7\x07\x8d@\xaf\xf3\x07\x8d@\xa1O\x8f\xfc\x03\x04\xd1\xf3\x07\xfe\xe7\x07\x8d@\xb0\xf3\x07\x04\xd1" +
		"\xf3\x07\xfe\xe7\x07\x8d@\xb1\xf3\x07\x04\xd1\xf3\x07\xfe\xe7\x07\x8d@\xb2\xf3\x07\x04\xd1\xf3\x07" +
		"\xfe\xe7\x07\x8d@\xb3\xf3\x07\x04\xd1\xf3\x07\xfe\xe7\x07\x8d@\xbc\xf3\x07\x07\xd1\xf3\x07\xfe\xe7" +
		"\x07\x8d@\xbc\xf3\x07\x8d@\xa1O\x8f\xfc\x03\x04\xd1\xf3\x07\xfe\xe7\x07\x8d@\xbd\xf3\x07\x07\xd1\xf3" +
		"\x07\xfe\xe7\x07\x8d@\xbd\xf3\x07\x8d@\xa1O\x8f\xfc\x03\x04\xd1\xf3\x07\xfe\xe7\x07\x8d@\xf0\xf4\x07" +
		"\x07\xd1\xf3\x07\xfe\xe7\x07\x8d@\xef\xf5\x07\x8d@\xd1\xf3\x07\xfb\xe7\x07\x07\xd1\xf3\x07\xfe\xe7" +
		"\x07\x8d@\xef\xf5\x07\x8d@\xd1\xf3\x07\xfc\xe7\x07\x07\xd1\xf3\x07\xfe\xe7\x07\x8d@\xef\xf5\x07\x8d@" +
		"\xd1\xf3\x07\xfd\xe7\x07\x07\xd1\xf3\x07\xfe\xe7\x07\x8d@\xef\xf5\x07\x8d@\xd1\xf3\x07\xff\xe7\x07" +
		"\x05\xd1\xf3\x07\xff\xe7\x07\x8d@\x95M\x8f\xfc\x03\x05\xd1\xf3\x07\xff\xe7\x07\x8d@\x96M\x8f\xfc\x03" +
		"\x05\xd1\xf3\x07\xff\xe7\x07\x8d@\x88N\x8f\xfc\x03\x0a\xd1\xf3\x07\xff\xe7\x07\x8d@\xe4N\x8f\xfc\x03" +
		"\x8d@\x8b\xe9\x07\x8d@\xd1\xf3\x07\xfb\xe7\x07\x0a\xd1\xf3\x07\xff\xe7\x07\x8d@\xe4N\x8f\xfc\x03\x8d" +
		"@\x8b\xe9\x07\x8d@\xd1\xf3\x07\xfc\xe7\x07\x0a\xd1\xf3\x07\xff\xe7\x07\x8d@\xe4N\x8f\xfc\x03\x8d@" +
		"\x8b\xe9\x07\x8d@\xd1\xf3\x07\xfd\xe7\x07\x0a\xd1\xf3\x07\xff\xe7\x07\x8d@\xe4N\x8f\xfc\x03\x8d@\x8b" +
		"\xe9\x07\x8d@\xd1\xf3\x07\xfe\xe7\x07\x08\xd1\xf3\x07\xff\xe7\x07\x8d@\xe4N\x8f\xfc\x03\x8d@\xd1\xf3" +
		"\x07\xfb\xe7\x07\x08\xd1\xf3\x07\xff\xe7\x07\x8d@\xe4N\x8f\xfc\x03\x8d@\xd1\xf3\x07\xfc\xe7\x07\x08" +
		"\xd1\xf3\x07\xff\xe7\x07\x8d@\xe4N\x8f\xfc\x03\x8d@\xd1\xf3\x07\xfd\xe7\x07\x08\xd1\xf3\x07\xff\xe7" +
		"\x07\x8d@\xe4N\x8f\xfc\x03\x8d@\xd1\xf3\x07\xfe\xe7\x07\x04\xd1\xf3\x07\xff\xe7\x07\x8d@\xbe\xe6\x07" +
		"\x04\xd1\xf3\x07\xff\xe7\x07\x8d@\xf3\xe6\x07\x04\xd1\xf3\x07\xff\xe7\x07\x8d@\xfc\xe6\x07\x04\xd1" +
		"\xf3\x07\xff\xe7\x07\x8d@\x84\xe7\x07\x04\xd1\xf3\x07\xff\xe7\x07\x8d@\x93\xe7\x07\x04\xd1\xf3\x07" +
		"\xff\xe7\x07\x8d@\xa4\xe7\x07\x04\xd1\xf3\x07\xff\xe7\x07\x8d@\xa8\xe7\x07\x04\xd1\xf3\x07\xff\xe7" +
		"\x07\x8d@\xeb\xe7\x07\x04\xd1\xf3\x07\xff\xe7\x07\x8d@\xed\xe7\x07\x07\xd1\xf3\x07\xff\xe7\x07\x8d@" +
		"\xb0\xe8\x07\x8d@\xd1\xf3\x07\xfb\xe7\x07\x07\xd1\xf3\x07\xff\xe7\x07\x8d@\xb0\xe8\x07\x8d@\xd1\xf3" +
		"\x07\xfc\xe7\x07\x07\xd1\xf3\x07\xff\xe7\x07\x8d@\xb0\xe8\x07\x8d@\xd1\xf3\x07\xfd\xe7\x07\x07\xd1" +
		"\xf3\x07\xff\xe7\x07\x8d@\xb0\xe8\x07\x8d@\xd1\xf3\x07\xfe\xe7\x07\x04\xd1\xf3\x07\xff\xe7\x07\x8d@" +
		"\xbb\xe9\x07\x04\xd1\xf3\x07\xff\xe7\x07\x8d@\xbc\xe9\x07\x04\xd1\xf3\x07\xff\xe7\x07\x8d@\xa7\xea" +
		"\x07\x04\xd1\xf3\x07\xff\xe7\x07\x8d@\xac\xea\x07\x04\xd1\xf3\x07\xff\xe7\x07\x8d@\x80\xed\x07\x04" +
		"\xd1\xf3\x07\xff\xe7\x07\x8d@\x92\xed\x07\x07\xd1\xf3\x07\xff\xe7\x07\x8d@\x9d\xf2\x07\x8d@\xd1\xf3" +
		"\x07\xfb\xe7\x07\x07\xd1\xf3\x07\xff\xe7\x07\x8d@\x9d\xf2\x07\x8d@\xd1\xf3\x07\xfc\xe7\x07\x07\xd1" +
		"\xf3\x07\xff\xe7\x07\x8d@\x9d\xf2\x07\x8d@\xd1\xf3\x07\xfd\xe7\x07\x07\xd1\xf3\x07\xff\xe7\x07\x8d@" +
		"\x9d\xf2\x07\x8d@\xd1\xf3\x07\xfe\xe7\x07\x07\xd1\xf3\x07\xff\xe7\x07\x8d@\x9d\xf2\x07\x8d@\xd1\xf3" +
		"\x07\xff\xe7\x07\x04\xd1\xf3\x07\xff\xe7\x07\x8d@\xaf\xf3\x07\x07\xd1\xf3\x07\xff\xe7\x07\x8d@\xaf" +
		"\xf3\x07\x8d@\xa1O\x8f\xfc\x03\x04\xd1\xf3\x07\xff\xe7\x07\x8d@\xb0\xf3\x07\x04\xd1\xf3\x07\xff\xe7" +
		"\x07\x8d@\xb1\xf3\x07\x04\xd1\xf3\x07\xff\xe7\x07\x8d@\xb2\xf3\x07\x04\xd1\xf3\x07\xff\xe7\x07\x8d@" +
		"\xb3\xf3\x07\x04\xd1\xf3\x07\xff\xe7\x07\x8d@\xbc\xf3\x07\x07\xd1\xf3\x07\xff\xe7\x07\x8d@\xbc\xf3" +
		"\x07\x8d@\xa1O\x8f\xfc\x03\x04\xd1\xf3\x07\xff\xe7\x07\x8d@\xbd\xf3\x07\x07\xd1\xf3\x07\xff\xe7\x07" +
		"\x8d@\xbd\xf3\x07\x8d@\xa1O\x8f\xfc\x03\x04\xd1\xf3\x07\xff\xe7\x07\x8d@\xf0\xf4\x07\x07\xd1\xf3\x07" +
		"\xff\xe7\x07\x8d@\xef\xf5\x07\x8d@\xd1\xf3\x07\xfb\xe7\x07\x07\xd1\xf3\x07\xff\xe7\x07\x8d@\xef\xf5" +
		"\x07\x8d@\xd1\xf3\x07\xfc\xe7\x07\x07\xd1\xf3\x07\xff\xe7\x07\x8d@\xef\xf5\x07\x8d@\xd1\xf3\x07\xfd" +
		"\xe7\x07\x07\xd1\xf3\x07\xff\xe7\x07\x8d@\xef\xf5\x07\x8d@\xd1\xf3\x07\xfe\xe7\x07\x04\xd4\xf3\x07" +
		"\x8d@\xc0L\x8f\xfc\x03\x04\xd4\xf3\x07\x8d@\xc2L\x8f\xfc\x03\x05\xd4\xf3\x07\xfb\xe7\x07\x8d@\xc0L" +
		"\x8f\xfc\x03\x05\xd4\xf3\x07\xfb\xe7\x07\x8d@\xc2L\x8f\xfc\x03\x05\xd4\xf3\x07\xfc\xe7\x07\x8d@\xc0L" +
		"\x8f\xfc\x03\x05\xd4\xf3\x07\xfc\xe7\x07\x8d@\xc2L\x8f\xfc\x03\x05\xd4\xf3\x07\xfd\xe7\x07\x8d@\xc0L" +
		"\x8f\xfc\x03\x05\xd4\xf3\x07\xfd\xe7\x07\x8d@\xc2L\x8f\xfc\x03\x05\xd4\xf3\x07\xfe\xe7\x07\x8d@\xc0L" +
		"\x8f\xfc\x03\x05\xd4\xf3\x07\xfe\xe7\x07\x8d@\xc2L\x8f\xfc\x03\x05\xd4\xf3\x07\xff\xe7\x07\x8d@\xc0L" +
		"\x8f\xfc\x03\x05\xd4\xf3\x07\xff\xe7\x07\x8d@\xc2L\x8f\xfc\x03\x04\xd6\xf3\x07\x8d@\xc0L\x8f\xfc\x03" +
		"\x04\xd6\xf3\x07\x8d@\xc2L\x8f\xfc\x03\x05\xd6\xf3\x07\xfb\xe7\x07\x8d@\xc0L\x8f\xfc\x03\x05\xd6\xf3" +
		"\x07\xfb\xe7\x07\x8d@\xc2L\x8f\xfc\x03\x05\xd6\xf3\x07\xfc\xe7\x07\x8d@\xc0L\x8f\xfc\x03\x05\xd6\xf3" +
		"\x07\xfc\xe7\x07\x8d@\xc2L\x8f\xfc\x03\x05\xd6\xf3\x07\xfd\xe7\x07\x8d@\xc0L\x8f\xfc\x03\x05\xd6\xf3" +
		"\x07\xfd\xe7\x07\x8d@\xc2L\x8f\xfc\x03\x05\xd6\xf3\x07\xfe\xe7\x07\x8d@\xc0L\x8f\xfc\x03\x05\xd6\xf3" +
		"\x07\xfe\xe7\x07\x8d@\xc2L\x8f\xfc\x03\x05\xd6\xf3\x07\xff\xe7\x07\x8d@\xc0L\x8f\xfc\x03\x05\xd6\xf3" +
		"\x07\xff\xe7\x07\x8d@\xc2L\x8f\xfc\x03\x04\xd7\xf3\x07\x8d@\xc0L\x8f\xfc\x03\x04\xd7\xf3\x07\x8d@" +
		"\xc2L\x8f\xfc\x03\x05\xd7\xf3\x07\xfb\xe7\x07\x8d@\xc0L\x8f\xfc\x03\x05\xd7\xf3\x07\xfb\xe7\x07\x8d@" +
		"\xc2L\x8f\xfc\x03\x05\xd7\xf3\x07\xfc\xe7\x07\x8d@\xc0L\x8f\xfc\x03\x05\xd7\xf3\x07\xfc\xe7\x07\x8d@" +
		"\xc2L\x8f\xfc\x03\x05\xd7\xf3\x07\xfd\xe7\x07\x8d@\xc0L\x8f\xfc\x03\x05\xd7\xf3\x07\xfd\xe7\x07\x8d@" +
		"\xc2L\x8f\xfc\x03\x05\xd7\xf3\x07\xfe\xe7\x07\x8d@\xc0L\x8f\xfc\x03\x05\xd7\xf3\x07\xfe\xe7\x07\x8d@" +
		"\xc2L\x8f\xfc\x03\x05\xd7\xf3\x07\xff\xe7\x07\x8d@\xc0L\x8f\xfc\x03\x05\xd7\xf3\x07\xff\xe7\x07\x8d@" +
		"\xc2L\x8f\xfc\x03\x04\xd8\xf3\x07\x8d@\xc0L\x8f\xfc\x03\x04\xd8\xf3\x07\x8d@\xc2L\x8f\xfc\x03\x05" +
		"\xd8\xf3\x07\xfb\xe7\x07\x8d@\xc0L\x8f\xfc\x03\x05\xd8\xf3\x07\xfb\xe7\x07\x8d@\xc2L\x8f\xfc\x03\x05" +
		"\xd8\xf3\x07\xfc\xe7\x07\x8d@\xc0L\x8f\xfc\x03\x05\xd8\xf3\x07\xfc\xe7\x07\x8d@\xc2L\x8f\xfc\x03\x05" +
		"\xd8\xf3\x07\xfd\xe7\x07\x8d@\xc0L\x8f\xfc\x03\x05\xd8\xf3\x07\xfd\xe7\x07\x8d@\xc2L\x8f\xfc\x03\x05" +
		"\xd8\xf3\x07\xfe\xe7\x07\x8d@\xc0L\x8f\xfc\x03\x05\xd8\xf3\x07\xfe\xe7\x07\x8d@\xc2L\x8f\xfc\x03\x05" +
		"\xd8\xf3\x07\xff\xe7\x07\x8d@\xc0L\x8f\xfc\x03\x05\xd8\xf3\x07\xff\xe7\x07\x8d@\xc2L\x8f\xfc\x03\x04" +
		"\xd9\xf3\x07\x8d@\xc0L\x8f\xfc\x03\x04\xd9\xf3\x07\x8d@\xc2L\x8f\xfc\x03\x05\xd9\xf3\x07\xfb\xe7\x07" +
		"\x8d@\xc0L\x8f\xfc\x03\x05\xd9\xf3\x07\xfb\xe7\x07\x8d@\xc2L\x8f\xfc\x03\x05\xd9\xf3\x07\xfc\xe7\x07" +
		"\x8d@\xc0L\x8f\xfc\x03\x05\xd9\xf3\x07\xfc\xe7\x07\x8d@\xc2L\x8f\xfc\x03\x05\xd9\xf3\x07\xfd\xe7\x07" +
		"\x8d@\xc0L\x8f\xfc\x03\x05\xd9\xf3\x07\xfd\xe7\x07\x8d@\xc2L\x8f\xfc\x03\x05\xd9\xf3\x07\xfe\xe7\x07" +
		"\x8d@\xc0L\x8f\xfc\x03\x05\xd9\xf3\x07\xfe\xe7\x07\x8d@\xc2L\x8f\xfc\x03\x05\xd9\xf3\x07\xff\xe7\x07" +
		"\x8d@\xc0L\x8f\xfc\x03\x05\xd9\xf3\x07\xff\xe7\x07\x8d@\xc2L\x8f\xfc\x03\x04\xda\xf3\x07\x8d@\xc0L" +
		"\x8f\xfc\x03\x04\xda\xf3\x07\x8d@\xc2L\x8f\xfc\x03\x05\xda\xf3\x07\xfb\xe7\x07\x8d@\xc0L\x8f\xfc\x03" +
		"\x05\xda\xf3\x07\xfb\xe7\x07\x8d@\xc2L\x8f\xfc\x03\x05\xda\xf3\x07\xfc\xe7\x07\x8d@\xc0L\x8f\xfc\x03" +
		"\x05\xda\xf3\x07\xfc\xe7\x07\x8d@\xc2L\x8f\xfc\x03\x05\xda\xf3\x07\xfd\xe7\x07\x8d@\xc0L\x8f\xfc\x03" +
		"\x05\xda\xf3\x07\xfd\xe7\x07\x8d@\xc2L\x8f\xfc\x03\x05\xda\xf3\x07\xfe\xe7\x07\x8d@\xc0L\x8f\xfc\x03" +
		"\x05\xda\xf3\x07\xfe\xe7\x07\x8d@\xc2L\x8f\xfc\x03\x05\xda\xf3\x07\xff\xe7\x07\x8d@\xc0L\x8f\xfc\x03" +
		"\x05\xda\xf3\x07\xff\xe7\x07\x8d@\xc2L\x8f\xfc\x03\x04\xdb\xf3\x07\x8d@\xc0L\x8f\xfc\x03\x04\xdb\xf3" +
		"\x07\x8d@\xc2L\x8f\xfc\x03\x05\xdb\xf3\x07\xfb\xe7\x07\x8d@\xc0L\x8f\xfc\x03\x05\xdb\xf3\x07\xfb\xe7" +
		"\x07\x8d@\xc2L\x8f\xfc\x03\x05\xdb\xf3\x07\xfc\xe7\x07\x8d@\xc0L\x8f\xfc\x03\x05\xdb\xf3\x07\xfc\xe7" +
		"\x07\x8d@\xc2L\x8f\xfc\x03\x05\xdb\xf3\x07\xfd\xe7\x07\x8d@\xc0L\x8f\xfc\x03\x05\xdb\xf3\x07\xfd\xe7" +
		"\x07\x8d@\xc2L\x8f\xfc\x03\x05\xdb\xf3\x07\xfe\xe7\x07\x8d@\xc0L\x8f\xfc\x03\x05\xdb\xf3\x07\xfe\xe7" +
		"\x07\x8d@\xc2L\x8f\xfc\x03\x05\xdb\xf3\x07\xff\xe7\x07\x8d@\xc0L\x8f\xfc\x03\x05\xdb\xf3\x07\xff\xe7" +
		"\x07\x8d@\xc2L\x8f\xfc\x03\x04\xdc\xf3\x07\x8d@\xc0L\x8f\xfc\x03\x04\xdc\xf3\x07\x8d@\xc2L\x8f\xfc" +
		"\x03\x05\xdc\xf3\x07\xfb\xe7\x07\x8d@\xc0L\x8f\xfc\x03\x05\xdc\xf3\x07\xfb\xe7\x07\x8d@\xc2L\x8f\xfc" +
		"\x03\x05\xdc\xf3\x07\xfc\xe7\x07\x8d@\xc0L\x8f\xfc\x03\x05\xdc\xf3\x07\xfc\xe7\x07\x8d@\xc2L\x8f\xfc" +
		"\x03\x05\xdc\xf3\x07\xfd\xe7\x07\x8d@\xc0L\x8f\xfc\x03\x05\xdc\xf3\x07\xfd\xe7\x07\x8d@\xc2L\x8f\xfc" +
		"\x03\x05\xdc\xf3\x07\xfe\xe7\x07\x8d@\xc0L\x8f\xfc\x03\x05\xdc\xf3\x07\xfe\xe7\x07\x8d@\xc2L\x8f\xfc" +
		"\x03\x05\xdc\xf3\x07\xff\xe7\x07\x8d@\xc0L\x8f\xfc\x03\x05\xdc\xf3\x07\xff\xe7\x07\x8d@\xc2L\x8f\xfc" +
		"\x03\x04\xdd\xf3\x07\x8d@\xc0L\x8f\xfc\x03\x04\xdd\xf3\x07\x8d@\xc2L\x8f\xfc\x03\x05\xdd\xf3\x07\xfb" +
		"\xe7\x07\x8d@\xc0L\x8f\xfc\x03\x05\xdd\xf3\x07\xfb\xe7\x07\x8d@\xc2L\x8f\xfc\x03\x05\xdd\xf3\x07\xfc" +
		"\xe7\x07\x8d@\xc0L\x8f\xfc\x03\x05\xdd\xf3\x07\xfc\xe7\x07\x8d@\xc2L\x8f\xfc\x03\x05\xdd\xf3\x07\xfd" +
		"\xe7\x07\x8d@\xc0L\x8f\xfc\x03\x05\xdd\xf3\x07\xfd\xe7\x07\x8d@\xc2L\x8f\xfc\x03\x05\xdd\xf3\x07\xfe" +
		"\xe7\x07\x8d@\xc0L\x8f\xfc\x03\x05\xdd\xf3\x07\xfe\xe7\x07\x8d@\xc2L\x8f\xfc\x03\x05\xdd\xf3\x07\xff" +
		"\xe7\x07\x8d@\xc0L\x8f\xfc\x03\x05\xdd\xf3\x07\xff\xe7\x07\x8d@\xc2L\x8f\xfc\x03\x04\xde\xf3\x07\x8d" +
		"@\xc0L\x8f\xfc\x03\x04\xde\xf3\x07\x8d@\xc2L\x8f\xfc\x03\x04\xdf\xf3\x07\x8d@\xc0L\x8f\xfc\x03\x04" +
		"\xdf\xf3\x07\x8d@\xc2L\x8f\xfc\x03\x05\xf1\xf5\x07\xfb\xe7\x07\x8d@\xf2\xf5\x07\xfc\xe7\x07\x05\xf1" +
		"\xf5\x07\xfb\xe7\x07\x8d@\xf2\xf5\x07\xfd\xe7\x07\x05\xf1\xf5\x07\xfb\xe7\x07\x8d@\xf2\xf5\x07\xfe" +
		"\xe7\x07\x05\xf1\xf5\x07\xfb\xe7\x07\x8d@\xf2\xf5\x07\xff\xe7\x07\x05\xf1\xf5\x07\xfc\xe7\x07\x8d@" +
		"\xf2\xf5\x07\xfb\xe7\x07\x05\xf1\xf5\x07\xfc\xe7\x07\x8d@\xf2\xf5\x07\xfd\xe7\x07\x05\xf1\xf5\x07" +
		"\xfc\xe7\x07\x8d@\xf2\xf5\x07\xfe\xe7\x07\x05\xf1\xf5\x07\xfc\xe7\x07\x8d@\xf2\xf5\x07\xff\xe7\x07" +
		"\x05\xf1\xf5\x07\xfd\xe7\x07\x8d@\xf2\xf5\x07\xfb\xe7\x07\x05\xf1\xf5\x07\xfd\xe7\x07\x8d@\xf2\xf5" +
		"\x07\xfc\xe7\x07\x05\xf1\xf5\x07\xfd\xe7\x07\x8d@\xf2\xf5\x07\xfe\xe7\x07\x05\xf1\xf5\x07\xfd\xe7" +
		"\x07\x8d@\xf2\xf5\x07\xff\xe7\x07\x05\xf1\xf5\x07\xfe\xe7\x07\x8d@\xf2\xf5\x07\xfb\xe7\x07\x05\xf1" +
		"\xf5\x07\xfe\xe7\x07\x8d@\xf2\xf5\x07\xfc\xe7\x07\x05\xf1\xf5\x07\xfe\xe7\x07\x8d@\xf2\xf5\x07\xfd" +
		"\xe7\x07\x05\xf1\xf5\x07\xfe\xe7\x07\x8d@\xf2\xf5\x07\xff\xe7\x07\x05\xf1\xf5\x07\xff\xe7\x07\x8d@" +
		"\xf2\xf5\x07\xfb\xe7\x07\x05\xf1\xf5\x07\xff\xe7\x07\x8d@\xf2\xf5\x07\xfc\xe7\x07\x05\xf1\xf5\x07" +
		"\xff\xe7\x07\x8d@\xf2\xf5\x07\xfd\xe7\x07\x05\xf1\xf5\x07\xff\xe7\x07\x8d@\xf2\xf5\x07\xfe\xe7\x07"},
}
